temperature_C,humidity_percent,rain_intensity_percent,soil_moisture_percent,water_level_cm,Flood_Risk,Category
29.52,72.64,37.81,44.18,21.66,30.2,Moderate
22.8,83.49,70.82,42.17,20.01,40.7,Moderate
31.75,47.92,52.23,44.62,34.67,44.2,Moderate
32.7,65.72,64.64,49.2,29.62,46.7,Moderate
18.24,82.44,33.91,41.14,13.41,25.1,Moderate
21.49,70.98,79.41,35.75,34.09,41.5,Moderate
28.64,92.01,71.72,49.16,25.03,55.6,High
26.42,46.36,82.7,77.62,28.32,58.6,High
27.92,44.65,64.36,64.09,30.96,47.5,Moderate
23.73,81.55,13.03,33.57,19.46,23.4,Low
32.4,82.99,57.4,37.39,15.75,35.0,Moderate
31.89,67.1,21.63,44.08,10.7,21.7,Low
28.33,76.01,19.74,56.42,13.41,24.5,Low
33.64,81.18,57.0,77.7,17.62,36.5,Moderate
30.34,57.79,33.79,38.97,34.16,41.1,Moderate
23.7,59.4,20.12,26.14,18.01,19.0,Low
29.84,72.85,6.26,44.42,13.74,23.7,Low
23.21,83.56,31.97,51.58,32.12,43.5,Moderate
32.39,52.51,64.7,57.8,52.47,63.8,High
27.75,67.03,2.62,26.39,7.67,15.1,Low
27.08,66.34,11.38,19.35,28.27,16.5,Low
24.6,76.27,28.99,55.27,8.77,18.1,Low
34.11,69.87,48.46,65.41,31.69,43.8,Moderate
27.23,61.81,39.05,43.27,23.99,39.5,Moderate
25.86,88.73,18.01,66.96,23.9,38.4,Moderate
26.24,61.91,14.41,43.59,12.97,15.1,Low
30.66,65.62,30.84,43.17,22.0,33.1,Moderate
29.83,46.13,57.0,37.21,13.77,35.4,Moderate
30.06,59.3,52.12,27.74,14.58,24.1,Low
30.15,77.74,66.36,50.55,16.92,34.1,Moderate
38.71,74.81,22.7,48.48,8.3,27.4,Moderate
25.97,78.99,8.55,73.0,30.86,30.7,Moderate
25.44,78.26,47.9,52.78,21.03,30.9,Moderate
23.93,100.0,45.24,59.72,14.88,44.4,Moderate
31.08,58.78,41.63,37.16,12.87,26.1,Moderate
33.64,45.71,8.68,41.17,12.34,16.8,Low
27.43,54.24,24.37,44.7,15.74,22.0,Low
23.8,59.45,16.8,26.7,11.05,20.7,Low
23.88,55.39,19.63,61.94,15.91,29.6,Moderate
31.25,71.4,12.13,37.23,6.82,21.5,Low
31.72,88.79,14.35,56.6,10.74,29.7,Moderate
30.72,93.09,67.0,58.59,16.35,51.5,High
24.67,77.56,39.14,43.73,36.39,36.7,Moderate
29.16,100.0,39.39,37.07,8.29,42.6,Moderate
28.58,64.65,15.52,35.18,11.31,21.7,Low
29.09,45.51,45.7,72.96,22.61,34.4,Moderate
32.36,85.8,77.2,48.54,25.34,50.9,High
29.12,42.42,6.65,47.32,7.35,16.2,Low
31.39,58.67,40.57,44.53,14.47,29.2,Moderate
28.34,77.8,61.68,65.43,16.99,41.5,Moderate
29.45,68.46,23.33,46.27,11.31,23.0,Low
31.16,67.14,55.09,34.28,25.48,40.7,Moderate
20.71,52.29,76.21,64.16,35.9,46.9,Moderate
26.4,69.84,48.85,84.58,22.48,37.5,Moderate
25.65,85.05,72.24,64.9,26.03,49.2,Moderate
24.81,70.3,21.37,56.39,16.97,24.0,Low
26.62,57.55,29.52,49.79,35.8,40.0,Moderate
35.47,51.29,8.8,49.9,30.56,29.6,Moderate
23.67,57.86,28.87,34.33,18.15,24.2,Low
32.84,75.89,20.73,40.43,6.03,16.5,Low
19.59,75.15,28.92,58.32,18.58,31.2,Moderate
26.33,57.99,46.2,45.92,39.06,44.0,Moderate
28.81,36.84,19.74,57.99,14.11,25.3,Moderate
30.93,76.3,77.57,47.1,15.5,35.7,Moderate
31.56,56.53,22.22,43.66,25.97,22.8,Low
31.97,80.34,81.72,59.72,26.44,50.4,High
26.26,58.66,51.61,92.64,42.11,51.5,High
25.69,55.18,25.51,38.08,25.48,30.8,Moderate
32.29,72.3,38.43,54.75,11.32,27.1,Moderate
27.04,100.0,10.91,8.95,5.27,35.9,Moderate
21.62,81.24,8.05,20.3,11.08,5.4,Low
22.33,72.04,41.99,54.28,14.46,27.1,Moderate
23.4,75.38,9.94,34.52,5.75,15.8,Low
30.49,43.73,21.34,38.8,12.12,13.7,Low
28.71,53.16,59.75,51.04,16.17,33.3,Moderate
31.45,32.34,44.25,47.71,15.88,21.8,Low
25.86,95.95,52.95,27.86,20.68,45.5,Moderate
28.79,92.91,37.06,46.67,15.6,39.5,Moderate
31.13,75.89,8.38,34.64,12.94,21.3,Low
26.45,72.03,48.52,67.98,15.11,34.9,Moderate
30.28,46.73,34.6,59.64,29.0,33.1,Moderate
24.69,66.71,32.16,5.0,12.86,18.7,Low
26.18,96.89,3.82,25.32,4.51,26.3,Moderate
26.09,71.97,33.18,73.64,15.82,28.1,Moderate
22.02,61.53,27.13,58.08,23.9,36.4,Moderate
30.43,43.63,17.31,48.42,8.94,21.1,Low
25.65,90.7,26.71,36.81,26.75,34.0,Moderate
28.06,68.95,47.94,62.88,28.93,41.4,Moderate
30.4,43.65,51.33,30.24,23.26,28.1,Moderate
30.23,56.14,8.82,29.6,7.72,5.7,Low
31.33,50.84,32.79,51.65,31.25,34.6,Moderate
27.51,68.02,52.27,62.41,13.42,31.0,Moderate
25.88,73.11,79.25,65.98,24.04,54.3,High
27.6,62.45,22.55,48.79,13.85,21.6,Low
19.56,81.66,40.04,51.48,13.25,30.0,Moderate
20.76,71.18,8.89,33.38,5.87,15.0,Low
21.39,85.93,47.74,71.82,26.17,44.9,Moderate
23.01,64.64,62.22,84.55,27.57,47.9,Moderate
30.0,100.0,60.37,55.37,25.66,55.1,High
23.47,61.53,57.1,37.36,21.35,29.8,Moderate
26.11,56.45,35.08,43.75,11.88,21.9,Low
34.5,54.61,33.17,47.91,8.94,17.5,Low
26.22,66.84,44.19,17.32,25.52,33.3,Moderate
31.69,44.21,56.41,74.82,25.73,41.7,Moderate
23.33,74.42,47.74,42.13,21.84,31.7,Moderate
26.97,41.42,72.92,48.12,22.68,41.7,Moderate
23.25,72.43,62.44,51.76,17.59,33.3,Moderate
26.3,49.73,49.18,45.12,25.98,24.0,Low
32.2,64.28,62.89,57.86,22.21,37.2,Moderate
19.36,79.07,12.07,51.07,18.86,28.6,Moderate
30.17,100.0,57.97,74.42,50.22,79.7,Critical
29.19,53.83,46.89,63.27,15.76,27.3,Moderate
25.03,67.75,70.6,45.57,27.91,40.3,Moderate
20.77,59.14,33.29,45.02,18.38,31.1,Moderate
28.36,56.95,26.99,46.02,29.33,27.6,Moderate
25.35,59.28,65.12,62.4,28.84,43.2,Moderate
29.16,82.36,12.32,46.65,14.08,25.2,Moderate
28.11,62.68,25.76,45.18,43.7,47.9,Moderate
36.01,100.0,59.15,54.41,20.28,52.3,High
26.8,76.24,33.71,60.46,15.79,24.1,Low
22.88,54.85,38.74,46.57,33.49,35.6,Moderate
28.9,64.5,74.56,75.45,27.13,57.3,High
29.1,57.97,42.33,62.02,27.8,39.9,Moderate
34.8,82.0,45.13,72.59,46.76,60.1,High
32.18,45.42,27.73,47.97,11.29,22.4,Low
29.78,49.89,1.2,57.08,27.75,25.2,Moderate
35.32,61.13,37.51,43.58,34.12,34.4,Moderate
22.06,80.24,24.07,48.61,20.61,27.2,Moderate
24.8,88.5,69.54,70.81,25.39,55.4,High
23.37,90.71,52.76,38.31,17.69,35.5,Moderate
26.05,77.95,33.8,40.94,25.38,35.6,Moderate
21.12,68.76,11.57,29.03,27.79,22.4,Low
31.18,81.92,58.96,54.77,16.11,35.1,Moderate
26.89,52.83,7.25,29.55,15.28,17.5,Low
20.65,42.33,21.99,44.29,23.72,30.6,Moderate
22.92,76.55,85.42,63.73,17.96,41.8,Moderate
29.57,54.91,25.39,39.69,15.96,25.9,Moderate
32.19,69.02,68.15,61.11,48.49,56.2,High
37.98,71.79,43.24,39.9,14.67,29.2,Moderate
42.0,73.72,26.05,31.19,18.6,24.9,Low
30.07,84.07,25.25,25.94,17.0,27.5,Moderate
23.05,82.48,15.74,13.69,19.12,23.3,Low
17.34,72.93,38.3,38.21,16.78,27.3,Moderate
29.34,63.37,78.73,70.64,17.59,46.5,Moderate
23.94,71.62,48.78,49.11,17.63,34.6,Moderate
25.92,61.06,45.26,51.02,11.98,28.5,Moderate
24.94,67.05,27.69,38.62,38.39,36.4,Moderate
27.3,100.0,10.39,67.62,12.73,50.5,High
33.33,72.73,51.49,55.5,35.07,50.8,High
28.79,76.75,37.46,39.58,13.86,22.1,Low
27.21,59.42,62.08,40.87,23.74,39.5,Moderate
22.82,85.3,18.21,67.07,19.96,39.6,Moderate
19.63,81.4,18.96,20.61,25.25,29.3,Moderate
25.57,81.51,73.7,48.87,16.93,38.8,Moderate
27.73,73.22,56.95,43.02,14.05,28.4,Moderate
36.84,85.51,68.63,58.5,22.81,48.2,Moderate
28.65,89.08,86.13,70.47,20.23,49.8,Moderate
32.91,74.25,17.43,42.13,27.57,29.0,Moderate
25.5,68.28,8.81,32.61,4.98,10.7,Low
22.08,83.42,52.18,32.31,15.57,34.3,Moderate
23.17,56.44,53.23,81.48,25.51,48.1,Moderate
24.37,59.23,13.35,43.65,12.37,17.9,Low
38.64,69.2,65.38,66.4,39.05,50.3,High
23.89,43.88,47.98,41.65,25.88,40.0,Moderate
32.19,82.41,47.45,47.15,26.38,37.3,Moderate
23.49,55.56,10.01,56.1,17.08,12.6,Low
32.66,62.93,70.18,26.48,18.9,41.2,Moderate
29.92,66.8,86.16,76.61,29.38,56.0,High
27.22,70.59,36.96,44.23,17.87,32.2,Moderate
27.8,64.85,40.33,55.36,21.91,35.3,Moderate
24.73,68.99,32.33,71.29,17.65,31.7,Moderate
30.23,69.11,51.64,45.91,21.53,27.2,Moderate
25.73,63.29,2.65,5.0,12.53,10.7,Low
21.87,58.4,33.7,30.42,19.85,25.8,Moderate
21.61,86.22,60.56,56.39,18.77,41.7,Moderate
28.86,38.43,20.96,67.07,19.69,31.2,Moderate
35.9,66.91,68.41,53.12,18.96,43.9,Moderate
28.8,62.97,89.2,89.44,31.71,55.6,High
27.41,76.28,69.87,24.59,25.27,37.0,Moderate
29.43,48.19,37.2,40.47,24.95,37.9,Moderate
34.53,62.5,51.93,68.74,33.46,42.3,Moderate
29.1,68.46,23.64,57.43,10.42,23.3,Low
25.95,86.05,93.44,38.39,33.59,55.8,High
33.53,74.98,10.09,25.93,11.36,13.1,Low
30.14,52.25,82.21,61.7,16.9,39.0,Moderate
35.68,62.69,67.0,48.49,15.26,33.0,Moderate
28.92,83.29,15.36,57.92,46.05,50.1,High
21.88,51.99,59.35,55.97,18.66,34.3,Moderate
21.16,68.82,38.33,26.75,11.18,21.2,Low
36.25,69.86,32.68,53.35,14.5,29.2,Moderate
36.62,64.21,30.24,53.29,11.05,22.5,Low
27.1,100.0,31.38,28.74,7.59,32.4,Moderate
26.08,63.81,47.12,38.13,10.68,36.1,Moderate
35.31,76.75,77.39,51.41,21.27,41.1,Moderate
22.46,58.51,4.17,56.96,19.26,25.1,Moderate
23.53,77.92,11.08,37.55,12.23,17.9,Low
31.22,83.06,7.73,5.0,2.04,3.4,Low
26.03,61.18,64.72,39.6,20.87,33.7,Moderate
27.97,69.18,40.91,60.06,11.44,23.9,Low
27.18,56.57,14.72,34.03,9.14,18.6,Low
29.69,52.83,33.66,28.37,15.86,25.4,Moderate
35.04,85.55,48.69,46.36,21.15,41.3,Moderate
28.45,61.69,14.26,54.71,11.38,17.3,Low
31.22,33.8,38.76,81.21,16.81,25.1,Moderate
17.75,96.48,45.24,49.96,26.54,42.2,Moderate
27.76,57.97,2.15,43.1,8.33,16.3,Low
23.78,66.3,56.84,53.39,35.95,44.2,Moderate
21.91,94.61,72.84,63.78,16.14,46.4,Moderate
23.61,67.87,52.28,39.42,10.86,29.3,Moderate
26.33,67.55,27.92,66.45,9.34,28.6,Moderate
32.58,51.58,35.72,40.63,15.09,25.4,Moderate
21.37,45.48,20.22,25.59,32.42,28.0,Moderate
28.15,67.5,51.22,41.39,18.36,30.9,Moderate
25.58,75.44,62.75,66.94,17.92,43.2,Moderate
26.36,74.58,20.66,31.75,12.41,24.4,Low
33.01,62.78,40.74,72.01,15.39,31.5,Moderate
30.69,70.3,33.36,56.27,15.23,29.0,Moderate
34.69,42.44,58.74,68.48,21.27,56.8,High
27.23,76.9,56.28,48.42,36.13,53.9,High
24.52,72.42,39.87,39.63,10.45,24.5,Low
26.88,99.6,14.69,40.63,11.42,42.0,Moderate
29.21,70.11,21.82,24.83,21.29,26.2,Moderate
28.88,55.86,35.67,54.57,19.82,36.9,Moderate
22.58,69.24,51.37,66.74,28.43,39.4,Moderate
28.45,65.08,73.89,50.48,44.87,57.6,High
29.14,76.52,85.55,75.29,26.33,54.2,High
40.59,70.4,11.1,42.71,9.36,17.7,Low
37.38,51.1,72.99,77.29,24.73,44.0,Moderate
23.73,45.46,38.79,73.23,17.86,33.9,Moderate
26.56,73.94,87.79,77.45,23.91,43.9,Moderate
20.68,90.75,30.3,44.76,11.94,31.8,Moderate
25.05,71.19,51.37,71.07,34.65,44.7,Moderate
29.58,82.2,53.31,54.37,13.14,36.9,Moderate
34.03,85.19,45.23,46.85,28.89,44.8,Moderate
24.35,74.0,59.24,46.59,27.61,43.0,Moderate
24.73,57.78,3.58,37.72,5.13,16.9,Low
17.26,72.93,19.47,56.89,20.12,24.2,Low
27.19,88.11,30.22,30.11,9.22,33.5,Moderate
22.69,77.95,23.13,24.49,14.39,24.6,Low
25.35,81.22,16.51,22.48,13.24,14.0,Low
23.62,63.06,13.04,54.89,11.55,24.3,Low
27.53,66.96,61.71,62.57,21.56,41.8,Moderate
19.21,68.22,46.14,73.27,37.45,49.3,Moderate
20.66,69.23,4.86,28.92,5.48,8.0,Low
38.65,87.52,39.38,30.44,15.64,32.6,Moderate
21.56,34.79,24.67,66.99,10.97,26.9,Moderate
22.52,70.46,46.07,40.09,47.46,48.8,Moderate
37.18,68.81,89.73,76.54,22.75,43.5,Moderate
42.0,49.43,14.0,19.89,8.61,12.0,Low
22.14,80.08,26.78,47.08,49.9,49.0,Moderate
26.16,59.13,21.95,40.24,20.81,25.7,Moderate
29.71,64.64,23.09,21.72,25.23,34.2,Moderate
36.64,97.73,7.28,65.93,7.1,37.6,Moderate
23.07,85.15,41.81,36.31,27.1,42.1,Moderate
26.77,78.62,21.35,28.44,11.3,20.0,Low
31.89,75.71,34.34,37.2,23.76,29.4,Moderate
30.17,67.53,21.06,9.68,21.16,28.7,Moderate
26.12,99.99,88.21,60.97,17.22,58.3,High
27.33,82.03,51.28,43.14,13.28,31.6,Moderate
21.13,58.76,46.34,66.1,28.87,40.6,Moderate
26.81,49.0,55.5,59.17,14.32,26.9,Moderate
26.67,78.5,38.29,29.39,8.76,23.4,Low
29.16,69.16,92.19,57.46,19.82,48.4,Moderate
25.22,48.57,46.87,83.74,13.54,31.7,Moderate
30.36,76.43,20.93,28.65,14.59,20.1,Low
33.06,65.96,28.44,57.31,13.68,23.2,Low
28.78,77.96,76.39,51.54,17.51,46.2,Moderate
29.76,76.63,15.3,25.31,28.51,29.9,Moderate
28.27,60.88,2.0,27.57,12.11,20.0,Low
28.0,79.49,21.84,64.7,19.36,28.7,Moderate
24.39,62.53,70.35,37.61,20.51,38.9,Moderate
29.58,63.51,61.65,66.43,26.61,37.0,Moderate
27.51,62.02,57.66,73.47,35.26,46.4,Moderate
38.47,86.96,9.12,29.91,13.63,32.4,Moderate
35.87,65.79,7.9,52.72,21.41,27.7,Moderate
29.93,90.59,16.14,53.27,16.41,33.0,Moderate
24.18,96.75,52.54,41.29,16.04,38.0,Moderate
22.44,58.92,46.45,37.01,21.94,32.8,Moderate
33.96,26.19,4.89,34.4,31.61,25.5,Moderate
29.31,85.67,44.25,52.11,29.16,47.5,Moderate
30.4,64.87,66.86,52.85,15.0,29.2,Moderate
19.28,57.01,88.39,74.41,30.53,56.1,High
32.64,61.17,28.29,33.29,10.28,18.6,Low
30.27,63.78,11.15,25.23,15.49,14.5,Low
22.45,89.46,25.85,44.11,8.84,30.1,Moderate
25.64,72.4,33.13,50.02,19.39,37.5,Moderate
29.32,89.25,87.37,85.26,22.21,60.5,High
28.26,77.41,12.26,46.11,15.68,24.1,Low
26.54,65.36,74.29,71.64,21.95,41.9,Moderate
27.48,64.14,29.92,40.3,15.13,30.6,Moderate
26.74,78.42,44.21,45.4,37.99,45.1,Moderate
28.76,82.31,35.57,37.91,19.44,23.2,Low
35.36,84.95,99.16,72.45,26.5,60.2,High
15.17,66.08,40.18,51.25,33.5,41.4,Moderate
26.82,72.63,6.35,38.68,23.99,24.9,Low
28.88,78.76,44.15,47.41,14.34,34.3,Moderate
29.48,64.24,32.08,45.59,35.26,35.8,Moderate
26.14,52.98,24.0,68.25,10.72,22.8,Low
19.22,57.91,22.01,46.82,11.29,20.9,Low
29.64,66.38,46.57,60.05,23.29,38.6,Moderate
36.64,79.93,74.39,68.07,28.01,45.4,Moderate
20.33,88.88,16.08,38.01,31.49,35.8,Moderate
32.32,49.66,18.62,49.57,15.17,22.6,Low
26.36,61.04,57.27,55.36,38.77,45.9,Moderate
27.69,64.63,61.31,37.7,55.78,63.2,High
22.74,81.92,65.53,49.22,17.99,30.0,Moderate
26.33,62.08,17.55,71.05,17.77,32.2,Moderate
34.5,63.55,52.23,70.78,16.99,27.7,Moderate
30.91,48.82,55.16,49.82,16.05,31.6,Moderate
36.66,77.25,32.72,56.58,19.47,27.0,Moderate
33.89,67.58,69.35,62.55,20.44,34.4,Moderate
30.2,60.19,40.25,75.23,16.28,38.6,Moderate
36.72,66.11,12.19,37.32,10.97,20.9,Low
30.19,86.9,82.51,67.25,21.4,51.3,High
32.14,54.93,8.98,26.19,15.4,18.3,Low
26.52,57.38,42.91,48.0,12.52,24.0,Low
28.33,88.78,69.01,18.04,27.74,43.9,Moderate
24.51,71.14,27.48,48.51,26.92,30.5,Moderate
32.95,80.05,14.61,55.17,24.84,28.5,Moderate
22.11,76.03,27.3,69.94,15.67,29.0,Moderate
31.91,69.47,79.53,70.05,22.02,50.4,High
27.05,64.78,16.57,35.32,17.65,25.1,Moderate
33.86,82.47,53.3,41.33,16.51,35.0,Moderate
31.75,87.44,56.47,47.63,22.16,39.2,Moderate
37.1,86.26,27.08,20.5,16.2,29.4,Moderate
31.65,52.22,30.17,41.78,17.02,15.9,Low
20.14,89.57,78.34,44.04,30.46,51.5,High
27.67,64.63,81.76,54.66,25.63,40.2,Moderate
22.14,58.67,45.4,47.82,12.39,26.1,Moderate
25.41,67.46,63.15,62.04,28.25,42.8,Moderate
35.56,82.47,31.63,21.3,7.73,18.6,Low
31.19,78.11,0.86,30.15,33.87,29.0,Moderate
24.51,66.17,16.71,51.14,10.71,21.7,Low
22.93,82.56,39.66,69.88,15.09,39.9,Moderate
28.16,72.1,83.57,63.13,43.95,55.3,High
21.92,61.41,86.42,98.21,27.14,50.6,High
24.64,59.38,44.79,61.18,18.14,32.7,Moderate
29.56,76.15,14.85,41.12,12.49,21.8,Low
33.78,68.76,5.47,55.57,14.17,21.7,Low
31.04,49.37,51.64,45.47,36.73,50.6,High
16.54,82.71,26.97,28.72,12.35,27.0,Moderate
29.52,62.8,29.69,59.32,35.72,46.1,Moderate
28.36,93.88,21.27,50.4,18.78,41.0,Moderate
30.07,48.96,68.84,74.76,37.62,52.6,High
36.08,67.29,40.86,64.62,16.96,22.3,Low
17.68,59.5,17.88,71.41,29.16,35.9,Moderate
25.04,55.37,24.35,21.75,8.99,15.2,Low
30.95,62.7,34.61,41.8,19.73,27.7,Moderate
20.09,96.56,35.4,43.07,11.78,42.9,Moderate
35.38,72.15,69.94,76.98,20.61,37.9,Moderate
29.84,58.12,27.96,50.38,11.28,27.8,Moderate
32.23,42.57,15.38,57.94,28.83,34.6,Moderate
25.15,44.18,11.88,43.41,16.69,22.4,Low
32.07,61.95,11.1,38.61,22.55,28.2,Moderate
33.34,60.49,50.72,62.96,29.5,34.6,Moderate
29.16,66.64,91.27,70.86,20.26,48.0,Moderate
29.17,35.92,53.66,59.63,25.5,32.5,Moderate
29.35,68.62,59.74,65.69,46.98,56.7,High
23.68,85.42,37.63,54.68,17.94,30.9,Moderate
27.26,94.34,18.75,56.3,19.64,37.1,Moderate
27.24,41.58,15.5,41.2,28.59,27.3,Moderate
29.92,57.98,29.88,48.0,15.44,24.8,Low
33.0,57.19,73.46,45.7,32.2,46.2,Moderate
22.71,72.19,32.38,61.08,24.58,37.6,Moderate
27.37,51.7,50.57,78.37,23.31,49.5,Moderate
35.41,95.23,45.41,23.86,20.43,39.5,Moderate
24.28,70.65,5.54,46.55,8.61,17.1,Low
23.89,68.15,23.06,40.88,46.13,42.3,Moderate
29.01,93.89,27.58,41.89,15.51,32.7,Moderate
32.22,69.76,46.22,60.59,23.79,29.2,Moderate
28.06,76.0,30.3,45.16,10.47,19.3,Low
34.64,58.74,67.5,64.51,29.47,43.2,Moderate
32.28,49.44,26.92,39.03,16.27,22.4,Low
32.21,60.84,15.72,63.07,19.44,22.0,Low
30.77,100.0,51.36,49.48,17.43,48.5,Moderate
39.64,79.5,57.85,43.83,26.62,38.4,Moderate
26.97,74.12,79.26,67.95,33.23,48.0,Moderate
17.98,55.35,75.12,48.77,19.79,41.5,Moderate
36.02,83.67,7.68,41.21,8.83,12.9,Low
25.71,49.63,50.83,77.5,17.16,37.0,Moderate
28.54,46.49,68.84,58.42,37.1,48.1,Moderate
34.55,61.62,22.88,22.69,10.89,17.9,Low
19.99,99.32,77.0,55.72,35.44,68.6,High
21.74,98.47,34.62,59.3,20.18,49.2,Moderate
19.99,63.23,14.25,41.59,13.12,12.3,Low
24.03,59.89,40.62,59.73,11.35,26.6,Moderate
30.2,45.39,31.16,36.42,40.87,41.4,Moderate
30.62,71.17,31.07,39.69,17.5,28.6,Moderate
29.38,72.43,33.31,56.16,16.11,25.7,Moderate
20.94,81.84,55.26,78.5,23.99,39.7,Moderate
16.45,83.66,48.23,46.07,22.0,39.9,Moderate
28.27,67.04,72.09,60.79,19.64,42.1,Moderate
25.64,78.34,45.5,67.42,19.23,31.2,Moderate
30.3,59.49,47.32,53.53,13.94,24.6,Low
31.51,78.06,19.75,51.48,12.83,21.7,Low
28.69,62.39,39.63,37.77,17.77,24.8,Low
31.8,76.89,32.23,46.33,10.78,24.4,Low
29.15,75.68,58.68,46.22,19.79,40.6,Moderate
30.65,71.03,9.08,12.89,10.5,8.0,Low
24.48,81.92,59.85,42.68,17.33,34.6,Moderate
27.1,46.44,26.99,51.17,26.8,29.1,Moderate
28.98,54.03,74.19,69.25,18.52,43.6,Moderate
32.1,65.95,85.77,76.55,27.59,53.7,High
26.03,48.35,67.36,66.21,19.74,35.5,Moderate
30.61,63.9,61.28,53.12,23.23,42.8,Moderate
26.67,64.38,14.12,12.45,13.98,19.2,Low
27.41,89.65,16.72,23.69,45.4,45.7,Moderate
32.15,72.14,11.7,55.67,58.46,53.1,High
18.03,85.44,10.02,25.87,8.94,13.7,Low
21.52,74.53,90.04,65.4,25.67,56.3,High
20.59,61.96,37.68,49.13,13.99,27.0,Moderate
16.33,72.01,7.91,16.99,13.46,20.2,Low
24.61,80.94,21.86,47.64,12.23,21.1,Low
31.75,87.9,49.05,75.09,17.44,36.6,Moderate
26.58,68.02,50.55,52.41,17.73,34.6,Moderate
28.99,45.29,72.27,56.26,20.87,36.1,Moderate
33.45,44.23,25.83,26.66,6.3,12.6,Low
34.64,65.1,42.47,45.76,16.84,30.1,Moderate
27.65,34.93,52.28,61.42,46.56,54.4,High
34.77,96.93,20.16,41.96,11.53,36.6,Moderate
28.46,78.95,49.39,45.69,28.94,43.0,Moderate
23.81,60.46,18.8,56.67,21.34,27.5,Moderate
25.03,53.36,50.68,48.81,17.4,36.8,Moderate
20.6,85.42,76.86,55.48,18.65,47.9,Moderate
23.56,53.3,72.13,62.36,17.48,33.9,Moderate
26.21,54.73,32.62,66.02,14.19,30.7,Moderate
32.02,58.51,38.28,46.08,11.36,24.7,Low
36.6,71.71,18.35,28.14,6.23,11.5,Low
21.09,79.31,11.41,47.18,9.7,21.0,Low
29.96,87.89,40.03,44.04,28.9,44.7,Moderate
22.8,85.67,26.46,52.58,23.28,38.7,Moderate
30.37,70.01,60.64,25.49,15.93,25.1,Moderate
27.34,85.31,4.96,37.29,25.96,21.5,Low
18.85,59.94,27.4,40.86,11.58,20.2,Low
32.64,42.69,37.07,33.58,9.67,19.5,Low
24.97,59.93,28.71,26.85,38.48,38.2,Moderate
25.33,57.91,45.72,46.8,21.15,21.6,Low
22.65,60.52,23.52,27.19,19.68,26.1,Moderate
24.73,55.61,21.13,5.0,8.35,15.5,Low
30.14,63.08,66.53,40.66,17.19,37.3,Moderate
27.05,79.3,37.86,29.97,13.7,27.6,Moderate
29.64,95.73,55.45,54.85,26.8,49.0,Moderate
29.81,44.12,61.1,38.55,14.31,26.2,Moderate
34.6,50.68,35.85,47.54,12.73,24.0,Low
26.29,58.13,45.88,36.76,25.73,33.1,Moderate
20.62,81.49,30.18,57.3,57.94,51.8,High
33.34,66.93,69.67,65.0,22.09,42.2,Moderate
26.34,59.14,71.56,55.55,16.79,38.7,Moderate
33.57,80.75,42.53,52.05,12.75,30.3,Moderate
29.92,84.35,10.47,47.29,15.85,26.6,Moderate
27.34,69.72,49.73,53.32,35.44,45.3,Moderate
29.74,57.76,13.23,41.75,24.03,25.4,Moderate
37.76,74.05,48.67,20.42,20.59,31.4,Moderate
38.38,66.5,25.31,36.08,9.23,20.9,Low
28.35,66.38,46.0,39.42,19.57,27.7,Moderate
28.8,62.31,10.25,54.35,7.9,25.3,Moderate
33.38,83.87,6.03,31.26,31.17,37.8,Moderate
23.77,73.75,21.96,32.56,10.68,22.0,Low
29.67,85.54,32.59,55.12,15.53,37.7,Moderate
27.87,90.04,23.28,20.36,27.15,37.8,Moderate
29.57,76.88,38.0,47.01,15.28,26.7,Moderate
23.83,62.4,56.15,25.01,37.67,46.4,Moderate
20.05,85.6,10.93,28.02,3.61,17.9,Low
17.64,76.98,3.1,29.14,7.56,15.7,Low
22.41,100.0,46.13,73.0,27.54,64.8,High
25.71,74.65,22.22,40.54,24.11,22.9,Low
26.53,80.47,3.68,22.93,7.45,14.3,Low
37.69,74.36,5.42,34.9,6.41,9.9,Low
33.53,68.51,39.05,70.28,23.68,36.4,Moderate
23.19,66.12,28.07,14.01,13.32,16.0,Low
29.74,74.41,47.37,63.17,11.32,35.0,Moderate
25.96,77.82,30.88,51.5,10.98,26.6,Moderate
26.58,87.32,39.27,47.0,24.79,40.9,Moderate
28.93,74.63,48.46,47.3,22.41,28.7,Moderate
31.1,63.06,79.18,84.27,22.15,44.8,Moderate
26.3,65.1,14.9,50.99,8.55,17.3,Low
33.32,50.16,39.36,33.21,22.35,30.9,Moderate
22.29,94.92,27.24,44.87,27.74,44.2,Moderate
28.03,61.88,45.31,69.54,24.35,37.2,Moderate
40.99,84.51,28.01,52.87,11.51,18.8,Low
29.12,74.15,78.12,66.28,20.57,47.0,Moderate
35.17,74.56,64.21,37.93,46.37,47.0,Moderate
28.46,68.24,53.03,88.26,23.61,40.2,Moderate
30.9,58.18,15.26,51.16,45.1,43.7,Moderate
27.72,55.47,4.76,63.42,11.68,23.9,Low
27.15,95.93,54.49,58.59,19.81,50.1,High
24.1,71.71,82.7,63.67,17.58,43.4,Moderate
30.15,86.88,52.16,43.59,13.17,39.2,Moderate
23.74,90.77,45.96,65.71,13.39,30.5,Moderate
31.33,63.84,26.6,66.77,12.33,30.0,Moderate
33.43,76.35,29.92,61.09,23.39,25.0,Moderate
29.83,70.68,50.75,86.6,47.78,55.9,High
26.57,52.64,30.78,47.74,17.73,28.9,Moderate
30.27,67.22,27.38,35.27,7.45,14.8,Low
26.46,78.81,27.15,48.36,15.39,25.4,Moderate
32.68,62.51,5.1,48.85,11.77,5.8,Low
18.84,65.13,12.11,35.3,21.41,18.7,Low
26.32,67.4,30.68,45.09,10.37,19.6,Low
18.05,100.0,26.99,47.66,15.45,38.9,Moderate
20.52,42.49,26.06,51.53,31.18,34.1,Moderate
34.82,77.52,68.79,61.1,49.32,65.2,High
32.48,66.2,64.39,60.7,23.76,44.4,Moderate
24.4,60.39,67.55,68.18,27.52,48.5,Moderate
20.49,65.83,35.57,58.98,23.4,36.0,Moderate
15.0,80.01,47.8,44.3,15.07,24.2,Low
25.28,80.87,37.02,20.41,22.98,34.0,Moderate
40.1,72.79,38.47,32.89,12.42,25.6,Moderate
30.17,86.39,59.59,62.77,22.18,47.3,Moderate
25.2,89.03,29.11,34.23,7.43,30.2,Moderate
30.33,82.25,17.42,45.08,8.68,23.3,Low
20.2,61.81,32.92,45.66,14.49,27.2,Moderate
26.51,77.42,54.39,55.04,19.1,32.2,Moderate
28.5,77.49,48.17,59.23,16.13,28.8,Moderate
27.57,57.77,28.34,62.77,16.89,24.7,Low
31.95,46.46,20.83,42.04,7.72,6.0,Low
29.72,39.66,39.65,33.25,8.67,18.7,Low
31.34,71.05,66.17,62.83,30.98,48.6,Moderate
24.56,74.47,32.18,56.96,26.71,39.9,Moderate
32.49,52.27,14.6,6.31,7.12,7.5,Low
36.14,85.69,63.17,46.27,21.13,41.7,Moderate
23.15,72.28,23.12,43.53,12.14,20.2,Low
23.56,90.24,87.76,58.51,22.01,54.8,High
34.68,75.56,36.75,49.88,17.44,24.2,Low
27.04,54.0,9.42,28.93,10.76,13.2,Low
35.02,76.87,45.81,65.09,30.43,39.0,Moderate
25.79,80.05,10.69,39.51,18.26,25.5,Moderate
35.28,61.79,21.26,15.44,10.76,9.2,Low
28.66,48.37,16.22,51.65,17.42,25.8,Moderate
29.29,71.5,28.12,56.77,24.87,37.0,Moderate
35.82,54.99,42.06,49.16,14.07,22.0,Low
26.19,86.81,72.34,32.73,33.49,48.1,Moderate
23.29,63.89,18.41,54.97,12.83,19.8,Low
25.76,95.87,69.21,43.89,43.8,72.2,High
30.26,38.14,19.79,36.51,16.85,27.5,Moderate
20.17,72.02,12.44,30.74,6.04,17.9,Low
31.19,91.44,64.49,35.98,14.56,43.4,Moderate
25.31,56.65,49.35,52.37,13.37,33.3,Moderate
33.74,67.61,46.06,54.16,23.46,38.4,Moderate
16.03,63.95,41.94,51.38,13.9,35.0,Moderate
24.07,59.74,82.28,60.66,26.25,46.6,Moderate
19.57,73.67,35.6,36.29,20.08,19.2,Low
23.87,50.57,29.99,67.53,17.39,28.2,Moderate
29.24,68.34,39.83,51.72,34.04,43.1,Moderate
27.1,77.74,35.9,33.53,19.13,26.9,Moderate
26.73,66.77,25.43,50.51,8.47,26.4,Moderate
27.2,55.0,8.67,43.5,16.75,18.1,Low
29.02,85.45,48.88,61.34,18.96,43.7,Moderate
22.96,80.95,40.24,48.6,30.25,33.5,Moderate
31.53,54.38,88.75,56.72,29.92,50.7,High
31.31,50.59,33.13,26.06,13.16,18.4,Low
29.93,55.72,48.01,43.85,14.48,23.4,Low
30.78,78.18,27.28,19.7,25.06,27.6,Moderate
29.48,74.13,51.35,57.49,22.32,32.4,Moderate
38.18,81.85,3.64,12.18,30.91,29.7,Moderate
27.56,65.11,92.45,62.02,25.46,47.2,Moderate
26.46,56.13,20.99,53.28,30.8,34.9,Moderate
24.23,83.78,37.08,44.35,17.73,32.4,Moderate
22.84,61.7,79.53,61.95,20.85,45.1,Moderate
21.78,72.8,38.88,55.26,19.78,29.8,Moderate
23.56,46.75,14.95,47.93,40.08,42.2,Moderate
27.65,61.45,43.94,65.95,18.13,42.1,Moderate
29.67,85.14,30.22,54.03,12.21,25.9,Moderate
28.26,59.26,34.7,52.51,18.68,36.4,Moderate
24.17,82.22,12.73,10.04,27.71,24.4,Low
32.5,35.03,47.96,55.41,16.52,29.0,Moderate
31.7,61.61,41.4,74.37,67.85,68.9,High
27.2,67.43,37.38,57.79,10.27,22.1,Low
24.74,96.14,41.54,64.08,23.18,52.9,High
30.74,52.46,44.53,40.47,17.9,31.7,Moderate
28.94,80.06,33.38,45.65,12.87,25.6,Moderate
20.76,85.85,20.01,50.47,37.11,43.2,Moderate
27.66,59.18,22.04,49.36,18.87,24.7,Low
29.31,64.4,12.72,51.3,32.71,36.8,Moderate
23.5,72.12,53.92,36.86,13.73,27.6,Moderate
28.95,47.78,36.28,35.8,16.41,30.2,Moderate
20.73,63.17,14.59,20.7,6.26,17.5,Low
34.68,89.14,58.74,59.44,37.9,51.0,High
34.24,77.84,8.02,35.0,8.86,10.7,Low
26.74,67.65,6.79,34.46,7.05,13.3,Low
29.82,71.7,35.87,37.34,29.22,31.1,Moderate
15.95,78.71,24.03,30.76,32.84,31.0,Moderate
22.22,81.59,34.58,47.13,16.72,26.8,Moderate
26.53,61.65,2.15,52.36,27.72,36.2,Moderate
22.64,93.02,57.29,78.56,25.54,59.7,High
31.57,89.75,43.52,73.8,24.78,44.8,Moderate
37.99,80.16,53.39,46.66,13.54,23.2,Low
22.12,57.36,64.52,39.84,15.21,30.0,Moderate
23.81,54.7,27.91,58.03,26.41,28.9,Moderate
29.18,65.1,18.67,60.65,14.23,28.1,Moderate
36.06,70.91,42.76,56.23,10.96,28.3,Moderate
21.89,43.47,25.02,43.41,19.52,24.0,Low
29.25,77.42,66.28,48.8,21.05,38.2,Moderate
37.11,89.31,23.12,52.17,12.77,27.8,Moderate
19.74,78.65,18.56,50.13,7.96,19.3,Low
21.59,59.86,86.73,69.6,24.34,54.2,High
25.88,58.08,54.96,37.64,18.37,29.1,Moderate
25.4,74.5,35.27,32.44,16.69,26.7,Moderate
32.06,67.7,18.37,40.02,5.85,13.6,Low
29.21,76.65,30.88,61.43,24.9,31.9,Moderate
19.13,79.03,24.16,57.1,19.86,33.2,Moderate
30.58,86.38,36.76,41.88,9.71,24.4,Low
25.11,53.02,30.77,18.37,20.45,23.8,Low
34.37,73.32,20.36,62.16,21.63,27.3,Moderate
24.86,64.55,25.87,62.67,20.42,36.5,Moderate
24.82,68.52,6.57,39.16,9.93,13.8,Low
30.71,82.97,35.74,41.06,26.65,31.6,Moderate
31.81,84.6,31.28,41.34,36.12,42.3,Moderate
30.24,90.98,79.61,76.83,24.26,56.6,High
19.57,76.38,49.5,60.38,13.69,36.5,Moderate
30.69,68.35,31.93,39.76,11.16,20.8,Low
22.83,66.21,2.93,69.05,9.41,21.9,Low
29.18,43.98,10.13,15.6,14.43,11.4,Low
20.88,90.1,58.42,46.42,23.35,50.8,High
30.23,65.17,31.34,37.28,7.21,23.5,Low
23.97,77.59,28.26,46.48,12.24,26.6,Moderate
21.59,80.18,56.64,71.81,24.85,46.0,Moderate
31.57,51.32,48.13,64.28,22.48,37.9,Moderate
29.21,56.15,29.48,47.22,12.82,24.7,Low
24.93,93.21,27.95,24.87,15.27,29.3,Moderate
35.26,74.36,32.06,60.55,63.03,56.1,High
25.8,61.29,20.53,25.16,14.48,23.3,Low
28.16,68.1,22.93,37.0,9.26,22.7,Low
29.34,86.29,18.0,40.17,12.68,30.3,Moderate
24.9,84.01,36.12,35.53,28.84,36.4,Moderate
30.36,48.01,37.81,35.83,14.09,31.4,Moderate
25.33,94.51,52.81,66.78,20.39,49.7,Moderate
25.94,84.49,9.5,60.14,32.32,40.6,Moderate
34.81,67.71,29.76,44.31,10.72,34.1,Moderate
22.8,52.12,44.46,23.87,18.48,25.1,Moderate
15.94,85.81,22.52,47.09,13.75,32.0,Moderate
36.05,77.15,21.62,32.13,18.35,18.3,Low
40.75,48.13,26.27,49.6,14.18,23.0,Low
25.97,66.52,41.75,54.04,11.76,30.2,Moderate
18.32,100.0,14.95,12.01,5.92,26.4,Moderate
26.45,70.25,35.69,41.64,32.35,37.5,Moderate
26.57,58.87,37.43,57.35,19.83,33.0,Moderate
27.05,54.87,6.38,35.83,11.8,17.3,Low
22.43,96.58,20.82,25.84,34.33,38.3,Moderate
30.9,82.72,6.04,46.96,18.02,34.5,Moderate
30.62,91.11,52.18,28.28,15.1,33.5,Moderate
20.53,73.72,37.33,51.57,20.93,29.2,Moderate
31.5,88.81,35.64,39.39,31.9,38.0,Moderate
38.26,57.28,49.69,58.9,29.08,36.6,Moderate
28.86,72.44,42.12,46.32,15.58,29.0,Moderate
26.31,74.31,40.37,56.42,20.67,37.6,Moderate
27.29,90.74,61.31,76.88,22.03,49.1,Moderate
31.08,74.78,7.38,48.0,51.2,44.4,Moderate
19.35,60.62,57.22,65.17,30.19,45.3,Moderate
28.82,70.96,35.67,56.23,13.23,23.2,Low
26.05,44.85,82.05,37.96,31.93,38.1,Moderate
37.24,35.19,66.49,59.48,14.42,30.5,Moderate
27.13,82.47,40.15,53.1,10.55,34.3,Moderate
36.34,64.38,11.33,47.26,16.7,19.6,Low
22.48,66.08,10.29,37.33,15.51,17.3,Low
30.94,82.46,9.69,49.13,16.85,26.8,Moderate
29.6,90.96,63.87,42.97,26.98,52.3,High
23.65,78.02,54.45,83.95,20.93,36.7,Moderate
28.89,98.92,19.96,50.36,26.12,50.4,High
34.06,77.54,27.53,30.83,12.72,23.6,Low
26.38,74.53,21.46,62.84,19.48,27.2,Moderate
19.54,73.61,31.25,29.2,11.06,13.6,Low
27.91,50.72,65.48,58.06,21.0,41.6,Moderate
23.49,84.34,25.09,45.51,13.31,29.0,Moderate
26.29,33.32,26.69,38.19,14.87,22.9,Low
27.59,61.21,4.1,34.6,19.62,15.2,Low
19.47,70.34,20.54,43.14,25.12,38.6,Moderate
19.92,58.15,55.84,38.44,30.79,35.5,Moderate
30.41,63.22,3.78,40.42,10.64,13.9,Low
25.39,97.59,37.32,48.11,21.46,50.7,High
15.18,86.56,25.12,72.95,13.84,34.5,Moderate
31.92,59.71,57.18,77.27,28.71,45.6,Moderate
29.36,62.96,53.23,42.63,12.06,23.4,Low
24.43,50.84,86.49,63.16,48.86,56.0,High
21.42,80.57,19.75,31.51,10.37,20.7,Low
32.18,66.25,24.0,39.57,19.95,24.7,Low
29.75,40.5,24.36,56.42,60.42,60.8,High
39.91,71.51,31.02,44.32,14.8,21.0,Low
30.1,76.58,15.14,32.82,18.58,21.3,Low
29.94,84.45,39.85,58.03,11.93,32.9,Moderate
27.17,68.9,34.44,18.0,18.7,22.8,Low
32.08,64.41,63.85,51.55,15.35,31.0,Moderate
31.13,99.79,24.13,64.0,17.44,46.3,Moderate
34.26,70.1,33.9,68.13,11.45,36.1,Moderate
25.39,80.79,49.45,71.89,24.46,38.6,Moderate
25.82,61.91,11.9,20.7,11.31,8.8,Low
25.6,80.35,45.71,32.42,15.97,30.6,Moderate
31.95,48.17,85.09,57.38,16.4,38.3,Moderate
35.49,63.07,19.2,41.91,17.14,19.8,Low
25.71,51.88,51.57,42.05,17.55,33.3,Moderate
25.88,60.93,29.74,20.2,10.53,20.5,Low
29.57,88.76,9.8,52.35,9.48,24.1,Low
26.77,60.82,62.54,68.31,28.06,37.7,Moderate
32.76,80.77,28.75,36.2,18.5,31.0,Moderate
16.74,92.76,10.41,49.32,15.36,30.7,Moderate
23.87,69.59,59.89,70.11,52.75,60.8,High
24.09,84.91,79.58,27.16,32.29,48.5,Moderate
16.4,77.97,76.08,71.28,30.18,51.9,High
23.18,71.75,32.43,45.44,17.79,29.1,Moderate
23.42,81.25,40.63,11.52,20.14,32.7,Moderate
26.99,97.6,59.34,71.04,43.03,71.6,High
33.56,60.44,46.33,52.41,11.95,20.4,Low
26.77,55.61,50.57,28.76,20.68,29.3,Moderate
22.85,54.73,13.91,45.83,19.3,25.0,Moderate
27.72,84.92,23.35,45.89,10.13,24.4,Low
33.25,86.94,80.18,71.17,25.91,58.8,High
23.12,61.94,61.24,27.42,26.3,38.4,Moderate
23.45,37.96,44.16,45.95,24.49,26.1,Moderate
30.79,59.88,8.71,23.34,12.87,14.5,Low
26.89,78.22,8.15,35.41,15.84,20.5,Low
31.24,69.0,19.47,16.34,14.4,15.4,Low
27.93,72.71,51.24,36.18,11.71,29.9,Moderate
31.51,62.15,15.32,63.46,14.1,27.0,Moderate
22.82,85.21,29.57,62.77,19.24,37.6,Moderate
27.94,75.15,30.48,60.24,15.07,31.6,Moderate
26.95,78.8,20.75,64.32,24.15,38.3,Moderate
21.92,72.39,32.82,18.44,7.5,21.0,Low
20.18,77.87,17.85,40.4,12.48,24.5,Low
31.43,76.88,25.28,47.51,14.76,25.3,Moderate
26.25,56.08,77.51,56.32,30.39,44.8,Moderate
22.89,75.6,38.39,20.52,16.97,33.5,Moderate
27.52,81.87,46.08,64.38,21.82,40.4,Moderate
33.64,87.33,12.13,48.51,15.44,25.5,Moderate
16.6,76.24,33.2,37.31,11.4,23.1,Low
20.52,55.52,13.27,52.33,17.03,22.7,Low
23.39,57.83,71.71,61.96,25.51,47.1,Moderate
35.31,63.47,62.28,66.31,20.68,38.4,Moderate
29.41,72.84,13.7,26.08,17.94,15.1,Low
31.84,68.17,29.71,48.98,12.87,27.4,Moderate
22.3,53.14,31.69,49.83,15.4,24.5,Low
22.4,53.05,12.55,35.92,28.47,19.1,Low
30.24,38.52,32.8,6.37,10.17,19.7,Low
28.29,25.0,64.58,60.18,19.63,31.8,Moderate
30.74,68.02,36.02,51.2,20.81,27.8,Moderate
27.06,100.0,61.26,42.26,37.87,64.0,High
29.39,96.95,42.46,58.45,27.99,54.0,High
28.79,55.33,37.93,51.95,20.62,29.5,Moderate
31.89,72.25,7.35,43.72,14.22,21.8,Low
32.04,48.03,14.25,34.32,5.97,17.6,Low
19.9,50.32,27.01,18.82,16.13,17.3,Low
16.76,52.04,23.86,18.05,9.26,16.2,Low
33.01,66.62,76.02,71.92,19.46,43.5,Moderate
33.94,67.26,46.69,34.93,11.77,30.6,Moderate
22.9,73.79,16.9,28.95,22.69,26.2,Moderate
18.7,79.95,61.3,69.05,19.27,32.3,Moderate
28.5,64.95,55.44,22.36,11.47,34.7,Moderate
32.65,70.54,6.9,13.32,10.45,13.4,Low
36.99,53.59,34.75,59.0,34.21,41.4,Moderate
30.58,49.83,73.41,61.96,17.76,38.6,Moderate
26.14,47.52,11.78,9.22,29.86,25.5,Moderate
23.53,79.74,32.67,39.84,20.19,30.9,Moderate
28.06,64.93,74.06,63.56,41.41,57.8,High
26.5,41.93,47.31,35.03,16.82,27.5,Moderate
22.92,69.05,25.47,22.23,22.3,16.1,Low
38.24,51.27,21.15,17.07,37.78,31.1,Moderate
36.93,94.91,75.38,74.08,21.15,56.4,High
33.68,61.32,5.95,52.73,13.8,18.0,Low
23.4,80.22,58.5,66.79,23.54,37.1,Moderate
32.28,86.33,33.91,65.35,21.75,37.9,Moderate
31.2,55.68,49.19,71.42,11.97,35.3,Moderate
30.21,71.14,43.8,27.59,21.46,31.4,Moderate
34.25,78.3,28.68,60.06,19.95,25.9,Moderate
31.18,71.73,29.87,47.14,14.51,18.9,Low
31.7,75.42,62.33,85.31,62.0,61.7,High
31.18,50.06,69.09,100.0,36.59,56.8,High
29.7,78.31,7.82,34.8,31.79,24.0,Low
19.08,62.71,52.05,48.64,17.87,32.4,Moderate
28.42,75.24,27.97,39.03,12.63,25.8,Moderate
25.22,83.8,8.08,38.91,18.74,27.5,Moderate
21.6,80.03,37.79,51.71,19.56,30.5,Moderate
36.41,75.23,58.99,95.22,21.5,50.7,High
36.64,79.63,74.87,63.35,20.94,40.2,Moderate
34.8,80.33,40.91,42.87,11.06,26.6,Moderate
29.28,92.43,14.48,40.26,25.71,37.6,Moderate
34.75,69.49,51.21,40.55,27.45,36.6,Moderate
28.06,72.46,16.92,15.75,4.17,14.9,Low
29.01,83.98,86.03,62.89,33.19,58.6,High
22.53,62.64,43.37,85.18,47.61,47.8,Moderate
29.98,49.97,9.55,51.67,23.92,23.0,Low
28.3,77.4,27.58,37.46,12.21,25.9,Moderate
21.49,66.91,38.19,53.63,21.19,27.4,Moderate
27.74,51.89,18.06,79.03,10.09,20.8,Low
27.6,77.51,51.16,55.89,14.98,33.8,Moderate
36.99,91.47,43.7,36.94,26.0,48.2,Moderate
32.47,45.55,32.96,47.56,11.94,27.3,Moderate
28.06,85.33,89.68,76.02,25.06,48.5,Moderate
29.24,31.94,51.39,59.24,20.21,33.4,Moderate
28.22,64.0,57.13,76.79,30.38,44.6,Moderate
26.99,97.61,29.24,46.73,15.58,39.0,Moderate
22.59,65.08,29.88,10.31,8.73,9.8,Low
27.24,71.35,32.16,53.33,20.82,36.7,Moderate
24.27,81.44,75.11,67.35,17.32,41.9,Moderate
21.75,44.25,45.05,55.85,35.68,38.7,Moderate
30.56,71.08,1.01,22.63,4.67,10.9,Low
29.96,70.96,51.57,82.95,31.44,46.1,Moderate
19.07,97.93,37.97,31.98,21.96,48.6,Moderate
27.39,51.46,54.55,39.37,28.17,35.7,Moderate
32.98,64.28,57.65,51.74,15.0,31.0,Moderate
33.3,56.07,58.8,75.47,18.65,38.8,Moderate
33.13,54.48,49.45,72.85,17.95,38.5,Moderate
28.19,86.91,6.71,46.95,12.75,21.9,Low
23.77,70.4,41.5,62.92,12.91,24.3,Low
22.58,61.67,52.1,33.7,18.46,32.7,Moderate
29.72,62.23,43.83,24.85,16.9,27.6,Moderate
29.9,61.55,4.45,30.98,21.14,21.6,Low
34.44,62.89,17.27,54.33,15.45,24.8,Low
33.5,51.03,22.07,56.4,8.62,21.3,Low
27.34,66.12,75.99,48.56,15.02,41.8,Moderate
21.78,64.61,55.21,39.67,14.64,30.9,Moderate
26.4,58.63,55.5,71.96,20.38,37.8,Moderate
29.09,72.33,34.4,49.89,37.47,37.4,Moderate
26.99,73.6,60.67,25.16,30.4,37.5,Moderate
25.11,61.65,54.42,37.19,16.79,32.9,Moderate
29.26,67.84,47.04,58.74,15.48,34.9,Moderate
25.48,100.0,75.34,43.57,22.25,51.4,High
24.86,100.0,65.05,43.0,20.94,57.6,High
29.56,54.19,65.8,43.81,20.32,35.7,Moderate
25.99,56.28,35.62,60.59,11.88,36.5,Moderate
29.22,54.11,80.86,63.16,21.17,48.0,Moderate
29.37,85.86,90.45,91.8,24.41,57.0,High
22.3,64.02,20.61,35.78,17.4,18.8,Low
25.59,73.6,3.84,33.18,24.01,19.8,Low
35.19,99.95,74.68,66.16,20.46,57.4,High
22.19,69.84,46.07,41.75,20.34,39.3,Moderate
17.42,80.59,13.03,15.58,3.01,9.6,Low
18.69,77.81,10.38,33.34,14.9,20.7,Low
28.15,61.18,36.19,36.44,10.93,22.3,Low
28.15,85.89,19.44,39.9,10.77,24.6,Low
27.41,57.25,35.95,38.61,19.4,26.6,Moderate
34.07,90.1,57.79,61.99,21.62,53.4,High
15.0,61.19,4.69,31.36,4.42,14.5,Low
29.98,62.83,2.2,11.53,13.31,7.2,Low
35.81,53.67,29.97,36.15,35.21,29.6,Moderate
22.36,56.14,27.86,26.72,8.12,20.8,Low
26.1,63.6,51.67,81.91,18.88,42.9,Moderate
24.24,33.53,10.87,39.5,12.36,13.9,Low
23.53,66.5,48.03,61.82,18.15,32.5,Moderate
26.37,62.38,46.32,49.77,27.17,41.8,Moderate
35.14,81.85,64.11,84.95,29.1,52.9,High
37.19,76.34,62.68,38.03,21.61,36.2,Moderate
26.32,59.39,23.69,31.42,13.57,23.2,Low
37.53,63.12,42.83,66.68,25.17,37.1,Moderate
28.18,66.48,22.79,35.21,6.73,15.8,Low
36.77,92.29,32.07,35.0,38.16,54.0,High
27.53,57.67,21.52,34.11,23.57,24.4,Low
28.66,59.2,53.7,82.77,32.87,45.8,Moderate
29.83,53.07,43.87,81.02,49.83,62.3,High
42.0,47.77,25.16,49.95,24.87,27.3,Moderate
32.26,74.61,56.47,57.71,14.57,40.2,Moderate
24.46,73.04,14.55,51.84,16.32,25.2,Moderate
32.84,89.24,35.85,53.43,26.06,43.5,Moderate
26.19,85.62,87.51,68.26,26.21,56.3,High
25.55,100.0,55.12,47.53,21.6,56.4,High
32.54,68.89,51.18,43.68,31.26,45.8,Moderate
28.16,66.09,11.02,46.3,13.15,19.6,Low
29.39,50.5,41.37,51.57,34.19,42.3,Moderate
28.07,80.45,36.68,69.87,15.55,30.6,Moderate
29.68,71.78,30.27,41.71,18.21,25.2,Moderate
30.12,79.77,25.66,30.1,6.93,18.3,Low
18.32,52.91,16.11,18.72,4.88,14.5,Low
31.33,75.27,56.82,43.37,54.17,52.3,High
23.09,73.08,22.67,21.36,14.65,13.9,Low
20.79,72.09,3.21,53.34,12.7,15.8,Low
27.71,59.75,56.29,48.32,22.71,34.6,Moderate
28.42,87.84,55.66,42.96,24.94,49.4,Moderate
24.53,100.0,59.95,63.18,15.86,49.7,Moderate
32.16,53.34,87.69,94.93,35.97,60.8,High
21.29,80.81,31.11,39.49,13.61,29.9,Moderate
25.97,26.83,0.95,18.32,43.35,27.9,Moderate
25.08,80.03,22.82,37.05,17.01,30.1,Moderate
27.77,41.95,17.87,13.37,3.89,12.4,Low
29.39,62.13,57.01,62.67,18.12,32.3,Moderate
22.96,50.3,39.19,57.37,20.54,30.9,Moderate
31.62,66.77,31.61,39.47,9.42,18.5,Low
28.32,82.58,20.77,25.46,17.89,24.0,Low
18.54,42.14,13.82,75.84,22.74,32.4,Moderate
18.21,64.61,10.41,20.2,11.24,12.4,Low
27.94,62.3,62.8,45.73,11.82,32.3,Moderate
26.9,93.72,17.57,41.66,38.37,49.6,Moderate
27.48,76.48,52.02,66.12,13.45,29.1,Moderate
27.86,52.34,67.99,56.54,19.4,39.5,Moderate
29.13,62.93,61.72,57.13,28.93,47.4,Moderate
32.74,93.34,25.02,52.94,21.44,40.6,Moderate
22.44,80.72,26.28,92.28,15.25,36.6,Moderate
22.14,56.23,31.36,37.29,11.38,18.0,Low
22.53,65.99,95.33,60.72,26.68,55.9,High
29.44,66.47,58.15,53.74,14.71,35.5,Moderate
34.22,61.93,4.81,46.87,14.57,22.8,Low
25.84,44.35,48.65,89.91,31.1,43.4,Moderate
15.49,59.84,31.58,44.39,13.49,27.5,Moderate
19.48,90.84,33.69,55.11,17.1,40.7,Moderate
23.83,64.28,36.89,15.53,18.62,27.6,Moderate
25.21,68.45,1.27,36.41,27.38,30.9,Moderate
25.96,72.11,33.89,46.65,21.53,29.1,Moderate
28.19,100.0,15.06,55.56,11.96,44.7,Moderate
26.44,70.13,48.67,44.27,29.55,41.9,Moderate
33.25,86.41,37.23,29.69,24.11,31.7,Moderate
24.62,61.03,25.37,47.32,26.55,38.6,Moderate
23.69,66.11,23.05,19.68,11.65,15.9,Low
30.39,70.19,52.15,41.2,32.07,41.5,Moderate
20.32,58.39,86.08,65.95,21.84,46.3,Moderate
29.95,66.94,56.55,18.84,12.89,22.3,Low
28.51,83.32,49.09,48.35,32.57,48.2,Moderate
27.26,57.99,5.59,60.66,15.42,21.0,Low
35.94,70.0,33.66,22.62,15.96,18.6,Low
24.89,80.63,55.03,44.01,13.61,28.0,Moderate
38.3,57.63,13.66,48.61,9.48,11.7,Low
26.87,86.43,23.15,55.33,12.0,24.6,Low
21.61,71.09,66.84,59.26,19.58,43.1,Moderate
28.35,67.52,28.42,42.15,13.78,18.1,Low
22.62,39.88,74.57,85.9,17.25,43.8,Moderate
24.24,64.4,88.25,69.08,33.12,51.2,High
29.99,75.57,65.94,42.21,43.82,55.8,High
30.78,96.18,9.98,40.29,7.91,30.2,Moderate
24.89,78.52,75.8,59.51,23.15,38.9,Moderate
32.94,86.89,8.01,31.22,22.57,32.1,Moderate
33.79,51.86,39.14,23.48,28.32,30.5,Moderate
35.18,68.1,28.03,44.7,13.48,27.1,Moderate
30.65,88.31,33.86,55.59,28.39,45.4,Moderate
34.82,56.68,52.83,64.75,14.31,28.9,Moderate
18.6,84.48,12.4,39.51,5.02,18.6,Low
26.41,81.0,64.67,58.17,19.2,37.2,Moderate
23.66,74.12,19.01,33.25,39.4,35.8,Moderate
28.6,65.07,38.04,62.83,19.29,32.4,Moderate
25.14,55.21,5.62,19.13,45.75,28.5,Moderate
27.17,96.63,20.55,34.38,8.26,33.5,Moderate
37.41,79.48,13.84,27.76,9.59,15.3,Low
27.15,75.11,22.33,41.14,22.59,23.4,Low
30.07,63.81,23.79,63.02,30.67,32.2,Moderate
26.84,70.57,20.63,24.4,18.46,15.7,Low
28.38,72.47,33.73,50.99,14.56,35.3,Moderate
28.03,76.0,2.86,40.52,46.11,38.6,Moderate
30.24,81.02,40.56,34.73,16.43,30.2,Moderate
33.83,58.26,17.5,38.24,11.45,25.1,Moderate
36.24,48.0,53.26,40.19,22.49,44.9,Moderate
29.55,71.26,24.51,45.09,24.28,27.6,Moderate
30.95,43.79,44.39,48.76,15.01,26.5,Moderate
22.25,65.15,13.65,62.35,10.18,17.8,Low
27.56,62.36,52.52,41.9,29.14,38.2,Moderate
32.7,77.38,18.93,39.04,5.7,9.8,Low
32.33,99.74,33.86,41.25,11.09,45.9,Moderate
29.06,40.83,45.9,71.42,14.92,34.4,Moderate
32.43,100.0,72.58,53.02,18.65,55.2,High
30.45,66.5,22.63,29.55,23.78,21.2,Low
34.0,75.22,13.51,28.09,24.6,31.5,Moderate
29.45,48.78,35.62,35.58,16.47,23.9,Low
26.22,84.95,20.39,33.42,30.45,43.0,Moderate
29.68,70.62,63.45,44.37,42.6,49.1,Moderate
15.0,69.08,7.28,37.78,11.9,18.1,Low
29.91,40.94,43.34,30.69,22.91,25.3,Moderate
15.0,71.11,30.93,54.47,12.9,31.2,Moderate
19.38,82.69,45.03,51.38,10.68,23.5,Low
30.26,66.46,27.61,68.99,18.15,34.1,Moderate
30.39,87.61,15.52,47.43,16.92,36.6,Moderate
22.19,86.99,19.41,47.28,20.49,27.0,Moderate
24.44,60.38,7.99,67.94,15.61,28.4,Moderate
34.85,93.93,32.65,52.94,10.04,42.5,Moderate
25.58,70.68,28.08,41.61,13.47,25.7,Moderate
39.21,70.75,34.09,33.89,28.88,36.0,Moderate
27.99,71.48,22.26,64.58,10.02,25.8,Moderate
30.04,71.04,33.24,31.51,15.51,25.1,Moderate
36.08,30.55,58.46,38.37,16.23,26.2,Moderate
28.66,67.22,12.02,22.18,10.55,15.2,Low
22.99,49.54,41.95,38.39,28.05,33.5,Moderate
27.45,94.4,55.98,55.24,47.97,73.7,High
27.82,93.79,10.96,34.9,9.41,28.3,Moderate
21.18,82.78,25.67,51.86,9.9,25.5,Moderate
26.72,66.42,41.72,33.25,11.62,25.1,Moderate
24.29,54.88,86.32,52.14,18.26,42.7,Moderate
32.62,60.14,3.71,38.6,13.12,14.4,Low
28.17,99.14,4.03,21.95,21.93,41.1,Moderate
26.59,59.62,74.66,40.7,19.06,36.8,Moderate
27.47,34.67,40.24,26.14,11.42,24.4,Low
29.12,85.45,9.73,37.68,24.28,27.4,Moderate
31.08,92.51,20.89,41.28,8.37,29.6,Moderate
23.0,94.89,57.06,53.23,20.92,55.7,High
22.79,85.58,9.11,56.44,19.98,39.3,Moderate
33.52,88.02,32.73,50.99,11.33,35.0,Moderate
25.94,70.79,17.65,41.18,15.28,18.3,Low
20.92,38.86,13.8,60.05,26.43,23.2,Low
30.22,70.42,19.51,56.45,13.42,27.1,Moderate
30.32,79.32,40.13,38.1,22.54,40.0,Moderate
20.35,67.97,26.55,56.81,9.47,22.0,Low
29.15,67.29,59.08,82.27,18.38,39.5,Moderate
31.68,55.54,62.41,83.49,17.42,41.2,Moderate
29.87,54.97,59.43,70.45,20.63,49.4,Moderate
31.16,97.57,35.47,53.23,12.9,43.1,Moderate
20.98,98.12,41.65,53.93,37.66,60.4,High
29.66,69.96,17.61,63.02,19.57,27.4,Moderate
26.49,74.22,76.24,41.62,15.59,36.5,Moderate
25.59,55.29,49.55,71.36,17.75,40.1,Moderate
32.35,79.64,41.94,51.63,15.4,27.7,Moderate
35.4,96.39,23.01,29.21,25.31,46.3,Moderate
36.97,47.06,75.57,43.72,26.11,45.7,Moderate
34.57,76.96,23.38,17.6,13.6,16.3,Low
27.45,78.09,62.66,65.4,26.67,47.1,Moderate
29.76,77.91,45.95,79.92,34.08,55.4,High
31.83,94.64,48.19,44.38,50.76,59.8,High
28.61,100.0,14.89,27.4,36.21,49.6,Moderate
28.65,66.5,6.19,55.29,15.76,23.7,Low
32.12,80.1,79.14,64.4,21.88,46.1,Moderate
27.7,71.26,83.81,83.15,29.1,48.9,Moderate
24.35,60.52,35.4,32.75,24.47,25.6,Moderate
25.93,74.06,20.89,52.1,12.06,20.5,Low
31.17,80.07,50.46,79.89,23.62,42.2,Moderate
28.01,73.25,43.68,34.54,20.72,29.1,Moderate
29.7,56.78,69.44,54.49,41.61,55.6,High
31.35,63.05,13.23,34.21,8.72,21.2,Low
26.13,63.16,36.71,59.09,10.94,23.4,Low
31.78,57.36,27.27,63.45,10.0,26.0,Moderate
29.89,74.7,4.14,26.22,22.91,22.7,Low
21.83,76.27,9.18,75.68,32.15,47.3,Moderate
35.21,84.69,19.1,42.53,12.49,24.2,Low
25.5,57.14,59.19,47.2,28.49,42.2,Moderate
19.72,61.34,31.42,67.41,32.01,48.0,Moderate
22.77,93.32,52.55,55.49,23.8,41.6,Moderate
22.89,67.53,39.43,43.16,44.96,52.1,High
28.26,70.45,74.35,52.89,21.72,38.7,Moderate
26.63,67.37,0.41,66.68,22.41,21.6,Low
26.32,87.0,11.34,24.06,3.45,18.8,Low
31.1,87.58,67.76,75.6,45.03,65.3,High
29.7,86.7,35.36,35.2,18.62,36.3,Moderate
29.58,70.4,51.47,43.67,22.32,38.0,Moderate
30.05,56.91,36.32,46.48,25.47,33.1,Moderate
31.08,98.88,48.98,59.12,32.23,66.3,High
17.46,82.84,44.54,25.92,16.95,35.7,Moderate
26.18,63.15,48.53,43.82,29.68,40.5,Moderate
17.1,91.36,13.91,55.3,14.14,34.9,Moderate
28.18,61.97,7.56,53.01,30.98,36.6,Moderate
27.98,91.16,9.71,34.04,21.95,34.0,Moderate
33.23,92.17,60.06,38.39,14.11,36.7,Moderate
33.94,56.18,60.29,59.33,15.65,34.3,Moderate
29.01,78.73,75.65,73.98,36.36,52.9,High
25.5,81.73,34.31,49.73,9.31,26.5,Moderate
30.43,100.0,57.35,76.15,21.09,53.2,High
25.36,58.87,91.18,62.87,35.0,50.0,High
27.99,91.49,81.99,43.93,19.28,54.5,High
32.93,70.26,18.7,32.62,16.4,22.7,Low
25.21,51.38,22.13,42.77,11.77,20.0,Low
32.03,68.2,25.24,33.28,9.23,17.7,Low
31.39,70.04,10.37,30.84,28.18,27.0,Moderate
23.23,54.12,31.13,60.32,12.95,27.5,Moderate
32.87,74.68,23.9,31.18,10.58,13.3,Low
31.49,84.37,22.07,22.73,12.12,21.4,Low
28.51,73.57,90.8,78.93,25.22,52.1,High
24.19,61.87,27.13,54.18,16.37,26.8,Moderate
23.7,67.77,91.03,51.3,38.54,48.0,Moderate
25.31,69.93,10.75,49.38,17.34,24.0,Low
30.71,73.26,17.14,24.04,10.43,17.0,Low
23.22,86.65,66.29,47.35,20.41,40.9,Moderate
30.19,74.08,43.27,33.58,23.18,28.6,Moderate
21.79,48.96,61.46,49.64,12.08,31.8,Moderate
26.98,61.57,46.88,59.87,18.24,34.2,Moderate
28.55,72.49,25.57,48.0,34.14,39.3,Moderate
40.23,86.86,10.31,26.4,13.17,32.1,Moderate
21.11,89.47,36.74,50.7,19.35,41.8,Moderate
35.36,96.62,36.6,53.54,17.22,41.7,Moderate
28.75,71.96,0.08,49.36,27.71,33.1,Moderate
30.06,81.45,54.61,59.5,40.86,50.4,High
28.59,48.18,74.78,72.24,15.03,38.4,Moderate
30.22,76.45,66.01,59.07,47.46,53.0,High
27.23,53.87,25.84,31.82,8.34,20.5,Low
35.27,69.06,11.29,41.38,23.98,25.7,Moderate
25.72,100.0,73.89,79.1,34.73,74.1,High
33.66,74.55,73.9,79.88,18.63,46.1,Moderate
24.78,57.04,21.03,5.0,10.94,11.3,Low
27.7,76.12,39.4,58.22,21.5,30.7,Moderate
22.64,62.24,59.64,48.46,46.99,53.7,High
30.28,55.59,16.29,46.71,17.31,29.2,Moderate
35.23,100.0,22.05,22.23,17.52,43.7,Moderate
27.61,86.0,15.59,34.0,27.0,40.1,Moderate
27.02,75.18,30.06,21.46,11.0,20.7,Low
22.43,64.12,34.15,40.46,12.36,28.1,Moderate
26.85,65.34,11.53,48.15,22.4,31.5,Moderate
20.04,93.14,60.35,62.8,26.26,62.1,High
23.44,74.6,20.58,74.39,16.24,31.4,Moderate
29.13,25.0,45.86,43.33,30.82,35.9,Moderate
34.6,100.0,15.23,27.16,34.12,53.7,High
42.0,72.75,41.17,70.2,32.09,38.1,Moderate
25.07,75.15,56.94,29.19,16.55,35.1,Moderate
35.18,86.3,76.11,64.54,25.3,56.9,High
29.22,76.98,67.47,66.16,19.21,44.8,Moderate
27.24,81.2,13.96,5.23,29.55,23.0,Low
30.16,63.64,11.41,22.64,13.85,18.5,Low
28.31,51.55,37.53,27.66,8.69,24.8,Low
28.55,74.2,21.74,55.11,23.75,33.7,Moderate
25.96,91.47,37.33,38.43,18.65,39.2,Moderate
21.01,60.28,19.78,38.02,15.14,23.4,Low
20.28,59.08,19.66,17.68,5.9,25.8,Moderate
31.27,88.32,22.66,30.78,10.84,23.2,Low
26.62,63.14,35.13,35.44,18.89,22.9,Low
25.02,63.84,42.76,46.7,27.93,33.3,Moderate
28.04,64.4,12.44,34.76,19.06,31.5,Moderate
31.97,69.03,50.44,74.71,16.89,39.5,Moderate
28.9,46.4,50.41,63.02,17.74,32.1,Moderate
24.72,61.91,51.13,26.25,12.59,35.0,Moderate
34.13,73.46,24.88,58.97,16.16,23.6,Low
35.9,73.35,49.41,65.5,29.71,40.6,Moderate
30.47,87.37,65.25,58.86,19.47,40.8,Moderate
32.87,97.59,32.02,60.99,16.92,45.9,Moderate
34.21,92.69,15.49,58.46,16.57,39.1,Moderate
33.65,83.72,30.74,38.47,9.42,26.0,Moderate
31.07,67.77,69.07,40.88,23.82,44.3,Moderate
30.99,60.65,68.55,67.46,24.9,42.4,Moderate
30.6,70.27,75.32,49.13,24.58,41.6,Moderate
22.51,78.78,44.03,54.37,13.98,31.7,Moderate
31.5,82.33,66.75,42.79,45.52,62.5,High
21.22,79.35,63.77,71.93,49.0,61.2,High
24.03,68.18,59.62,44.48,18.8,33.7,Moderate
34.52,81.8,14.34,36.85,5.95,20.9,Low
32.2,88.91,35.3,43.23,7.97,29.7,Moderate
35.44,83.2,10.49,17.43,6.44,16.3,Low
26.64,69.52,72.53,76.58,18.89,42.3,Moderate
22.24,57.49,34.64,66.4,18.25,27.2,Moderate
26.8,57.14,28.65,42.87,12.5,20.9,Low
28.51,59.78,66.46,46.87,18.49,42.4,Moderate
28.39,73.86,45.33,47.35,31.12,41.3,Moderate
33.67,77.8,26.42,36.66,12.37,23.3,Low
26.19,48.78,28.04,44.47,34.57,37.1,Moderate
29.76,62.44,2.73,31.28,13.15,15.3,Low
23.06,73.65,76.35,48.11,23.93,42.7,Moderate
30.25,56.5,81.15,80.37,35.47,53.7,High
28.02,76.51,83.37,60.97,36.8,55.2,High
24.25,65.39,11.8,68.1,21.27,25.3,Moderate
26.82,59.15,50.73,54.32,20.69,38.0,Moderate
27.08,70.8,52.85,47.43,17.14,32.6,Moderate
26.65,75.88,56.49,50.54,12.26,26.3,Moderate
36.86,57.27,27.32,39.05,26.76,30.2,Moderate
27.51,66.36,43.15,48.51,25.47,34.3,Moderate
26.78,77.02,43.04,53.42,16.24,35.4,Moderate
17.51,58.57,62.65,40.1,17.05,32.6,Moderate
23.53,45.13,67.77,43.4,34.21,41.9,Moderate
26.68,46.95,20.71,53.95,7.09,11.7,Low
24.57,63.73,14.08,47.62,15.87,21.0,Low
34.91,50.22,51.8,29.5,17.52,33.9,Moderate
27.18,64.78,2.42,43.68,24.2,27.2,Moderate
34.44,94.97,64.19,70.07,29.53,56.1,High
28.31,49.32,52.01,56.99,14.2,30.8,Moderate
28.19,65.76,72.31,35.5,17.62,35.7,Moderate
27.56,100.0,31.43,25.94,17.31,48.3,Moderate
28.02,76.12,31.87,45.45,13.85,26.1,Moderate
36.59,64.48,28.83,73.33,12.19,26.3,Moderate
16.4,67.65,35.35,39.3,11.32,25.4,Moderate
17.99,76.44,20.77,51.35,37.32,41.7,Moderate
25.28,95.44,29.73,35.75,13.42,40.0,Moderate
28.07,62.04,67.33,84.07,28.31,51.5,High
31.45,58.64,75.48,62.04,15.01,46.9,Moderate
30.37,49.32,12.5,21.18,21.72,16.9,Low
26.08,71.55,10.57,26.47,17.41,19.9,Low
33.1,48.91,83.32,50.72,33.77,49.5,Moderate
33.15,63.04,28.83,46.84,9.8,17.5,Low
28.92,56.37,4.71,26.2,38.0,26.8,Moderate
32.81,86.11,46.59,43.88,33.14,45.3,Moderate
29.36,62.37,24.8,72.87,11.26,25.3,Moderate
25.19,75.95,10.42,29.85,9.8,14.3,Low
31.49,45.94,37.32,50.71,22.57,25.2,Moderate
28.55,71.97,31.31,41.86,9.8,18.2,Low
28.01,51.95,39.23,47.99,38.35,40.0,Moderate
35.36,63.62,16.76,50.87,23.8,28.3,Moderate
15.75,100.0,66.68,25.37,16.3,50.1,High
20.91,83.98,54.85,56.45,27.27,43.6,Moderate
22.06,68.07,37.32,42.42,14.43,24.1,Low
26.18,100.0,40.5,51.81,40.15,63.6,High
26.73,56.27,39.06,45.62,19.73,31.5,Moderate
20.46,87.48,42.78,47.06,22.34,36.7,Moderate
23.07,47.01,29.2,49.65,11.37,31.3,Moderate
23.7,66.34,48.53,43.73,16.9,21.8,Low
40.29,49.78,47.78,81.23,34.59,49.7,Moderate
37.01,73.86,7.06,23.04,10.83,18.7,Low
25.94,70.84,42.81,71.57,14.52,37.0,Moderate
26.18,65.39,48.45,33.34,10.96,26.8,Moderate
22.25,86.38,31.35,42.02,19.48,28.9,Moderate
18.46,61.49,27.89,49.42,9.01,30.0,Moderate
27.42,74.9,65.54,43.95,12.09,26.6,Moderate
23.01,82.31,2.14,20.72,14.67,13.8,Low
27.58,47.75,34.2,42.76,8.18,19.3,Low
20.0,58.77,59.85,69.38,24.13,36.6,Moderate
24.19,70.81,45.84,52.27,19.71,28.6,Moderate
28.74,79.45,7.65,66.1,12.34,19.6,Low
29.83,91.32,31.29,54.42,17.7,31.6,Moderate
30.09,66.76,25.47,37.06,21.19,27.9,Moderate
21.4,65.25,39.43,8.39,31.99,30.8,Moderate
32.27,56.91,21.05,19.1,12.46,16.8,Low
24.0,74.95,34.94,43.25,19.23,30.7,Moderate
31.16,65.54,38.13,24.87,9.94,20.7,Low
27.95,65.89,25.99,41.21,17.79,23.4,Low
21.12,68.59,33.28,50.0,16.7,30.3,Moderate
26.42,78.27,85.15,60.41,28.92,48.4,Moderate
29.83,61.54,51.3,48.88,13.2,26.6,Moderate
31.06,58.42,27.76,74.08,46.22,48.4,Moderate
27.3,76.48,24.48,44.55,13.34,29.0,Moderate
35.66,25.0,1.78,33.56,15.15,13.9,Low
33.04,60.94,25.01,28.84,5.63,18.7,Low
26.72,52.73,63.11,57.04,22.24,35.0,Moderate
31.75,88.05,25.07,36.6,18.63,33.0,Moderate
37.67,63.39,51.57,80.08,33.51,48.6,Moderate
37.8,61.59,28.27,53.44,21.37,27.0,Moderate
21.86,69.27,61.13,77.7,42.13,53.4,High
23.37,61.07,21.98,45.82,28.38,28.4,Moderate
35.42,63.96,62.41,75.53,15.77,34.8,Moderate
22.71,71.46,52.03,38.2,38.69,44.4,Moderate
21.39,63.67,23.67,47.03,14.27,30.6,Moderate
25.57,63.56,20.89,29.27,14.53,22.5,Low
30.1,54.85,53.42,47.1,12.02,29.1,Moderate
27.49,52.69,71.47,60.64,33.41,53.9,High
24.75,70.91,25.18,29.45,13.73,16.4,Low
24.63,74.6,53.48,31.79,17.76,36.3,Moderate
24.44,48.58,44.87,65.46,21.21,34.0,Moderate
23.6,81.4,22.98,17.83,22.18,27.2,Moderate
39.41,81.46,90.73,92.11,45.24,70.0,High
29.49,84.62,36.52,35.55,8.92,28.3,Moderate
32.43,74.5,70.48,68.17,21.2,41.2,Moderate
25.55,79.56,65.51,67.3,17.27,42.5,Moderate
27.07,100.0,70.97,43.25,32.68,61.3,High
24.43,65.48,64.4,64.44,29.62,43.9,Moderate
15.0,54.31,34.85,49.77,21.86,31.3,Moderate
21.11,46.99,46.28,60.67,19.43,35.9,Moderate
18.95,96.34,59.49,73.96,31.22,57.3,High
16.75,96.53,63.3,69.36,24.57,53.9,High
22.02,56.13,22.2,29.74,20.07,17.5,Low
34.62,59.09,20.89,40.27,30.77,31.5,Moderate
27.78,65.14,21.61,30.2,20.09,29.0,Moderate
34.45,88.36,15.17,31.67,13.08,39.7,Moderate
30.05,50.69,34.61,54.43,13.55,27.8,Moderate
31.91,40.5,70.74,68.83,19.0,46.7,Moderate
23.5,100.0,70.29,68.33,20.51,59.4,High
30.62,74.69,28.27,49.21,20.73,30.5,Moderate
31.64,76.82,15.45,47.02,32.35,33.7,Moderate
25.12,66.92,27.87,37.93,10.81,21.5,Low
30.8,76.99,40.64,69.49,34.65,44.6,Moderate
30.83,47.29,42.78,59.99,15.93,29.6,Moderate
25.25,57.39,40.05,48.7,35.72,48.3,Moderate
22.39,71.58,34.61,64.01,15.32,32.5,Moderate
22.08,35.94,36.52,40.06,13.12,21.3,Low
28.43,65.46,82.92,65.82,17.24,44.8,Moderate
29.64,64.54,82.64,77.35,23.39,51.8,High
24.04,65.46,28.99,26.88,12.13,16.0,Low
28.13,61.73,32.42,79.69,25.44,42.4,Moderate
30.85,55.06,24.18,34.63,10.33,23.2,Low
31.09,42.67,75.13,54.51,25.03,44.1,Moderate
35.76,72.17,65.61,58.26,19.01,44.9,Moderate
34.38,65.5,9.15,49.3,24.13,31.6,Moderate
22.99,49.37,56.98,67.48,29.46,42.1,Moderate
36.42,70.94,67.79,81.21,30.59,50.4,High
25.35,65.58,72.43,59.39,13.95,42.5,Moderate
33.22,63.08,16.25,45.64,10.15,18.0,Low
28.34,37.65,46.2,28.1,28.08,32.2,Moderate
25.94,80.24,23.2,27.06,10.67,20.8,Low
18.96,51.5,25.23,42.46,25.29,29.4,Moderate
27.14,70.95,23.69,48.66,9.05,31.6,Moderate
20.2,57.88,5.08,36.09,18.09,26.1,Moderate
32.84,64.17,37.87,56.12,22.29,42.7,Moderate
35.58,87.28,39.1,47.83,22.11,44.4,Moderate
24.02,77.97,39.12,45.18,37.33,43.2,Moderate
29.51,86.95,54.13,89.95,17.66,38.6,Moderate
24.37,74.96,67.44,54.66,31.66,47.8,Moderate
24.86,75.94,4.12,51.63,16.32,18.0,Low
31.87,43.28,12.95,19.95,37.11,24.7,Low
27.81,65.24,15.83,42.39,12.14,25.3,Moderate
36.7,66.63,74.11,50.82,35.1,44.6,Moderate
25.59,88.35,49.56,82.05,43.99,58.8,High
33.0,62.41,46.03,42.75,13.17,25.9,Moderate
28.49,73.97,35.0,46.79,14.32,27.7,Moderate
31.98,73.39,4.4,24.19,21.7,21.1,Low
25.76,87.37,50.89,39.56,24.66,45.3,Moderate
27.75,67.99,36.11,46.5,16.6,30.8,Moderate
27.42,82.42,10.59,44.14,17.06,19.1,Low
23.82,44.43,24.75,59.53,15.99,32.9,Moderate
31.31,45.79,11.16,30.22,12.23,12.3,Low
31.25,35.75,51.37,44.04,15.43,25.4,Moderate
30.97,81.79,27.7,63.97,25.03,43.7,Moderate
35.68,80.11,41.89,73.57,17.17,34.7,Moderate
35.25,83.45,51.93,51.91,12.39,38.1,Moderate
26.13,59.84,13.87,46.84,15.87,25.7,Moderate
29.87,61.55,5.65,62.02,19.05,27.3,Moderate
24.88,68.18,5.58,76.68,10.26,19.8,Low
28.12,91.66,48.02,58.09,22.31,45.9,Moderate
25.0,95.41,69.48,70.62,17.35,60.2,High
36.1,81.91,44.36,52.52,14.39,29.2,Moderate
29.82,74.97,19.96,19.79,9.35,16.7,Low
26.91,90.03,45.1,55.98,25.78,48.6,Moderate
33.97,66.16,4.7,57.21,9.0,16.8,Low
17.15,64.14,23.94,32.08,26.91,26.9,Moderate
17.93,68.06,69.29,31.44,34.4,43.6,Moderate
31.98,55.32,25.49,52.79,12.16,23.0,Low
28.3,67.37,44.05,24.07,22.57,24.2,Low
29.25,53.24,87.12,41.91,27.23,46.0,Moderate
21.37,85.38,13.9,15.34,15.56,28.2,Moderate
27.88,78.16,72.35,30.28,35.67,32.6,Moderate
38.02,91.44,28.84,60.95,16.12,39.6,Moderate
32.12,45.56,20.92,44.4,18.01,12.7,Low
28.85,98.53,12.67,70.28,21.67,52.1,High
25.8,46.41,47.22,62.55,11.75,27.2,Moderate
26.03,52.03,6.02,68.03,24.27,29.4,Moderate
17.35,60.69,6.62,27.66,35.82,26.5,Moderate
29.29,89.62,15.3,45.79,6.84,34.1,Moderate
32.23,73.38,51.74,34.0,21.36,41.3,Moderate
20.12,66.34,23.66,39.12,14.84,18.9,Low
24.69,58.11,17.89,62.78,20.65,24.2,Low
22.21,49.36,61.55,55.94,29.96,46.4,Moderate
23.17,86.99,5.64,33.45,9.16,24.8,Low
28.27,81.98,67.16,58.17,26.37,43.7,Moderate
17.58,90.29,35.33,49.52,32.8,43.6,Moderate
31.07,75.95,26.87,46.58,27.01,39.2,Moderate
31.77,30.37,10.58,58.7,22.82,26.0,Moderate
26.74,51.33,36.62,37.0,15.29,24.2,Low
15.6,76.97,12.07,36.13,11.48,19.1,Low
23.02,64.45,61.92,58.14,24.75,34.9,Moderate
34.16,61.62,45.9,37.51,21.36,29.3,Moderate
15.0,53.45,77.03,55.26,33.91,44.9,Moderate
26.26,84.21,16.8,52.38,18.68,22.4,Low
22.1,76.84,8.85,25.73,21.3,18.9,Low
32.02,77.52,12.2,80.88,9.86,24.6,Low
24.62,60.5,87.94,90.33,34.26,54.2,High
30.02,72.64,39.84,51.6,25.82,35.3,Moderate
30.83,49.93,38.32,57.05,32.69,35.5,Moderate
37.18,68.05,27.12,56.05,9.04,25.6,Moderate
26.99,32.08,63.32,65.56,41.11,55.1,High
29.88,46.48,15.31,41.79,14.66,23.6,Low
20.57,65.17,32.74,87.74,18.42,35.8,Moderate
33.95,100.0,43.33,39.39,27.34,56.0,High
24.2,42.99,60.85,50.49,19.85,33.0,Moderate
25.2,51.35,43.93,51.47,23.96,31.6,Moderate
27.89,73.25,70.15,69.23,28.7,46.9,Moderate
20.19,96.54,13.7,69.97,55.05,63.2,High
29.14,73.03,24.55,43.57,49.94,51.7,High
32.84,80.53,65.15,66.48,35.48,58.7,High
29.46,64.94,34.02,52.69,13.75,37.5,Moderate
20.06,62.34,59.22,54.49,26.8,44.5,Moderate
27.38,71.23,34.38,65.66,13.39,30.7,Moderate
31.71,60.13,41.47,55.94,19.89,24.9,Low
18.61,80.86,45.49,65.75,19.02,34.6,Moderate
22.63,45.91,4.33,32.12,37.48,28.2,Moderate
32.38,83.35,56.99,46.84,19.84,35.7,Moderate
29.35,70.59,66.63,53.17,33.22,52.0,High
30.06,66.78,40.11,53.52,20.81,38.8,Moderate
37.3,45.36,46.91,68.18,32.27,41.4,Moderate
30.34,55.3,3.72,67.75,6.91,15.7,Low
31.29,87.98,78.44,65.08,24.61,51.9,High
41.55,66.87,41.73,77.55,31.97,36.8,Moderate
26.93,74.18,17.99,50.69,27.12,37.0,Moderate
24.01,56.81,15.74,30.48,21.89,27.5,Moderate
30.14,69.56,21.66,44.37,13.52,18.1,Low
30.19,49.42,48.13,63.38,28.62,35.6,Moderate
25.37,71.5,19.99,54.69,22.77,36.8,Moderate
22.84,75.56,31.87,38.96,19.33,31.6,Moderate
39.55,74.81,42.16,44.41,28.33,44.4,Moderate
29.63,56.45,33.69,41.76,12.12,20.9,Low
24.34,64.87,33.09,43.62,17.42,35.0,Moderate
32.58,78.06,79.62,67.45,17.39,38.6,Moderate
27.45,66.83,58.42,83.77,16.68,40.0,Moderate
26.74,65.69,84.25,58.17,19.99,36.1,Moderate
30.81,98.55,5.74,12.41,32.92,40.6,Moderate
21.54,55.74,9.31,12.7,22.68,21.3,Low
29.76,86.21,48.67,64.29,17.12,38.6,Moderate
37.56,52.68,39.72,40.72,16.7,30.4,Moderate
30.33,79.82,74.95,65.28,21.89,40.7,Moderate
26.12,80.62,23.8,32.72,21.49,27.7,Moderate
25.46,62.34,26.46,42.04,11.54,21.1,Low
25.95,51.74,44.49,45.7,43.81,45.2,Moderate
26.73,40.44,31.45,35.71,42.85,44.2,Moderate
26.11,60.77,62.33,75.36,27.45,42.6,Moderate
32.58,77.89,88.8,85.73,25.35,51.5,High
19.33,53.84,22.16,52.35,32.55,33.8,Moderate
32.31,71.45,26.98,75.1,29.05,45.4,Moderate
26.1,47.85,3.8,16.6,6.1,9.2,Low
29.88,66.49,14.15,36.79,15.34,21.2,Low
22.37,52.79,6.87,32.17,13.7,16.3,Low
34.64,68.83,42.26,60.43,10.73,30.2,Moderate
34.23,62.48,44.96,31.83,26.62,32.4,Moderate
32.8,52.14,5.85,47.06,12.66,17.0,Low
20.43,60.12,61.81,34.99,23.71,34.5,Moderate
32.15,55.99,43.02,61.28,34.31,43.1,Moderate
30.02,50.29,84.63,81.94,28.7,55.9,High
19.97,86.24,26.95,27.45,24.86,32.9,Moderate
27.88,64.6,44.13,44.94,18.88,26.0,Moderate
29.82,36.97,29.77,63.27,10.95,19.0,Low
30.78,60.65,25.34,64.75,37.32,53.1,High
28.89,83.72,52.36,31.91,39.21,44.0,Moderate
29.46,58.58,77.78,67.87,18.77,49.6,Moderate
35.37,92.47,70.63,69.53,51.06,71.0,High
34.13,57.15,52.9,53.38,19.48,30.7,Moderate
15.0,77.55,6.68,58.88,16.48,23.9,Low
26.41,85.55,39.01,40.45,26.01,41.6,Moderate
27.18,76.75,60.92,50.1,26.19,39.8,Moderate
19.24,49.38,68.5,49.09,13.57,30.9,Moderate
28.47,55.86,30.35,49.31,33.83,31.5,Moderate
34.24,87.55,40.15,45.02,18.25,34.4,Moderate
22.57,57.93,22.64,56.01,14.35,26.8,Moderate
29.68,84.64,11.53,33.82,21.37,22.1,Low
23.42,63.55,60.47,53.68,25.01,38.2,Moderate
24.64,72.12,39.22,52.52,38.31,44.7,Moderate
35.39,49.21,50.09,40.87,37.08,47.3,Moderate
25.29,60.88,54.08,69.97,19.15,33.0,Moderate
30.31,56.87,19.11,52.77,15.62,32.8,Moderate
18.64,73.38,35.58,58.05,13.0,29.9,Moderate
37.31,71.4,82.42,49.34,41.72,50.1,High
31.01,76.94,11.54,63.03,29.06,34.3,Moderate
27.09,62.64,47.8,24.76,14.87,23.3,Low
30.88,56.05,52.26,65.2,32.24,37.9,Moderate
20.95,72.74,12.04,42.13,10.11,17.9,Low
33.91,54.56,3.72,47.13,18.45,21.4,Low
26.38,86.18,31.05,43.46,22.56,37.3,Moderate
26.98,68.28,78.06,64.41,28.07,43.8,Moderate
25.54,65.11,30.2,56.9,10.98,21.6,Low
25.1,76.93,18.63,42.34,24.76,33.1,Moderate
31.47,68.85,13.83,43.91,11.18,22.8,Low
29.28,45.13,54.82,58.74,14.49,27.3,Moderate
31.26,54.08,19.26,75.49,27.04,28.6,Moderate
27.96,85.87,24.4,20.42,34.7,33.8,Moderate
30.57,71.26,6.12,57.43,8.42,23.1,Low
25.91,44.78,52.2,60.9,11.91,18.8,Low
39.15,75.28,14.96,46.01,12.55,19.1,Low
20.16,61.61,3.82,18.1,16.37,20.0,Low
34.3,56.88,34.12,65.07,14.65,30.0,Moderate
34.84,52.83,52.33,37.16,24.11,33.9,Moderate
23.74,85.0,52.21,76.21,19.04,46.6,Moderate
39.15,40.52,10.34,31.3,7.47,12.6,Low
32.98,57.44,44.23,73.41,12.23,29.2,Moderate
32.86,71.8,34.92,37.42,32.56,39.7,Moderate
28.14,93.68,64.79,44.51,27.2,60.6,High
26.91,78.31,46.43,50.61,28.4,29.9,Moderate
26.95,57.31,6.55,26.97,3.31,7.0,Low
29.95,92.94,82.6,61.17,23.41,55.3,High
35.01,49.67,21.7,68.7,36.4,38.1,Moderate
28.91,73.98,67.32,51.06,61.99,64.6,High
23.44,77.32,42.58,53.32,31.17,40.2,Moderate
32.12,56.78,46.6,75.99,22.81,33.9,Moderate
32.61,80.46,17.12,45.37,11.48,24.0,Low
31.27,62.29,76.75,79.55,30.89,50.8,High
31.73,80.43,53.51,62.87,13.17,38.6,Moderate
26.65,42.41,20.74,58.04,11.4,26.9,Moderate
23.36,75.02,37.69,47.98,17.78,29.1,Moderate
23.66,63.82,95.55,77.96,39.3,62.5,High
19.82,87.25,36.64,75.74,22.46,34.2,Moderate
29.18,69.34,25.81,39.86,24.06,21.2,Low
27.58,88.74,94.67,75.2,32.13,67.7,High
25.8,77.61,26.41,34.85,13.28,22.2,Low
15.0,68.09,37.4,64.43,11.95,33.7,Moderate
21.76,81.82,79.13,38.42,18.25,44.0,Moderate
33.6,81.91,19.05,38.0,18.64,20.5,Low
24.68,77.08,40.08,64.9,15.73,34.7,Moderate
29.8,35.62,39.66,47.37,21.45,27.9,Moderate
21.05,55.26,44.69,24.55,42.05,40.8,Moderate
35.19,90.76,24.9,32.93,7.6,22.6,Low
27.28,51.16,90.01,57.01,33.49,55.7,High
29.45,83.24,50.76,77.13,14.1,40.1,Moderate
39.63,80.6,27.07,57.09,23.27,30.8,Moderate
35.58,59.11,12.56,53.54,23.74,25.3,Moderate
26.47,40.07,54.84,36.48,15.64,32.3,Moderate
25.03,61.47,40.15,49.86,33.1,36.6,Moderate
26.37,100.0,40.22,73.16,26.3,54.4,High
30.55,57.05,53.82,68.02,50.8,53.6,High
27.47,58.09,37.63,41.29,14.77,23.4,Low
26.02,55.04,32.85,59.02,16.06,31.5,Moderate
35.34,88.22,21.6,24.03,7.02,24.0,Low
27.43,66.36,70.16,47.43,59.56,60.4,High
39.5,60.61,51.08,25.37,33.53,34.3,Moderate
28.45,91.2,13.23,38.68,8.3,26.8,Moderate
36.93,78.69,46.7,61.58,28.25,39.7,Moderate
29.79,56.21,36.69,34.12,39.69,43.5,Moderate
32.81,51.65,52.42,52.7,17.92,30.2,Moderate
24.38,87.37,32.63,34.56,13.13,32.0,Moderate
23.73,70.25,9.4,30.15,5.4,12.0,Low
30.3,46.76,22.93,28.06,28.12,30.0,Moderate
32.94,43.25,34.99,66.6,15.33,36.1,Moderate
28.2,53.26,25.85,34.41,8.61,17.6,Low
21.57,51.41,47.04,48.46,26.33,45.2,Moderate
21.2,39.31,27.6,37.51,8.39,18.0,Low
20.86,53.51,36.97,53.4,22.72,28.7,Moderate
19.16,56.21,43.28,88.24,15.41,41.7,Moderate
28.55,63.06,16.96,83.46,27.11,43.7,Moderate
33.63,95.39,16.21,38.12,8.7,27.4,Moderate
27.93,66.0,23.72,50.31,13.07,20.9,Low
16.7,67.49,12.5,54.55,17.29,28.2,Moderate
27.05,77.64,50.71,72.34,18.84,39.8,Moderate
27.19,66.44,66.99,68.75,62.2,63.7,High
38.48,76.0,13.69,57.15,10.69,18.2,Low
20.71,74.21,70.75,66.72,16.71,40.7,Moderate
26.05,71.84,56.58,46.13,18.76,33.8,Moderate
36.53,100.0,38.19,65.63,27.09,58.0,High
30.25,83.67,17.43,43.95,11.06,26.3,Moderate
30.82,53.77,33.02,52.35,15.93,31.3,Moderate
28.57,75.55,40.02,29.47,21.06,21.4,Low
29.65,58.12,13.46,28.96,16.91,27.9,Moderate
31.89,76.69,48.51,47.0,35.03,45.1,Moderate
23.95,49.37,11.16,47.61,7.86,15.2,Low
32.39,53.38,9.3,65.98,18.79,26.0,Moderate
21.13,75.16,4.23,48.96,5.34,17.7,Low
29.64,84.97,63.75,55.36,21.21,44.3,Moderate
28.89,77.54,10.32,24.58,25.52,26.1,Moderate
24.92,82.81,5.38,56.38,68.4,57.8,High
27.89,75.61,12.33,44.88,19.86,31.9,Moderate
24.89,72.59,60.65,9.0,31.69,38.7,Moderate
22.64,62.44,25.93,60.49,14.95,31.7,Moderate
26.23,82.2,18.98,48.03,13.17,33.8,Moderate
22.48,85.37,49.17,20.75,18.12,36.9,Moderate
29.61,69.05,27.52,54.74,18.04,30.0,Moderate
22.25,68.25,25.98,46.14,20.24,21.0,Low
31.56,93.87,51.69,34.13,11.99,37.5,Moderate
22.09,69.69,72.86,91.86,46.1,70.6,High
25.17,71.14,63.11,64.44,24.36,43.5,Moderate
24.88,77.26,44.41,44.04,27.29,31.5,Moderate
34.63,68.53,68.46,47.97,36.29,47.1,Moderate
29.65,57.69,49.64,50.26,13.9,25.2,Moderate
26.94,75.67,40.15,47.42,36.62,40.3,Moderate
30.49,69.42,14.94,49.62,21.09,25.5,Moderate
17.46,97.63,12.49,36.53,20.8,37.2,Moderate
27.78,81.83,67.66,53.22,22.38,42.3,Moderate
37.99,61.07,5.4,40.01,38.49,25.7,Moderate
28.66,80.94,35.35,41.56,35.62,43.1,Moderate
28.34,74.62,29.42,44.3,13.19,30.5,Moderate
30.74,89.64,33.3,68.12,18.65,33.7,Moderate
32.48,62.13,26.74,37.84,20.18,31.2,Moderate
18.01,72.83,50.07,50.63,20.05,37.1,Moderate
19.59,68.51,76.61,50.36,39.12,53.4,High
29.05,70.88,86.94,82.01,45.14,63.3,High
24.43,56.72,30.92,20.48,13.01,21.3,Low
34.56,78.64,27.35,32.11,12.22,25.3,Moderate
26.42,76.27,15.85,51.25,16.4,25.8,Moderate
18.33,89.28,32.48,44.11,21.58,49.3,Moderate
21.66,69.85,27.93,58.02,22.24,29.5,Moderate
15.0,63.82,26.87,41.51,10.96,28.5,Moderate
26.83,81.84,53.34,43.59,13.0,31.0,Moderate
27.06,58.09,34.11,45.1,31.85,35.2,Moderate
25.88,86.27,13.18,20.24,9.83,24.7,Low
33.39,86.24,60.1,43.65,20.02,39.8,Moderate
33.99,88.86,16.74,54.55,27.65,47.2,Moderate
27.15,75.65,35.08,43.39,20.1,27.2,Moderate
17.33,62.7,54.03,53.46,20.17,40.5,Moderate
31.09,71.64,55.78,56.39,15.22,36.0,Moderate
30.78,75.7,25.12,20.27,11.39,18.2,Low
29.55,61.6,38.81,25.2,12.21,18.7,Low
32.91,90.0,7.79,43.45,12.9,24.3,Low
22.18,78.7,34.53,40.93,12.47,21.6,Low
38.04,56.62,61.39,53.19,14.89,37.9,Moderate
23.2,98.24,24.14,52.68,17.14,43.1,Moderate
31.75,71.46,39.6,34.84,23.32,34.8,Moderate
19.56,53.59,2.55,27.39,4.14,10.3,Low
23.35,57.55,39.8,43.64,12.58,21.4,Low
35.58,92.32,37.52,53.18,26.27,48.0,Moderate
26.7,97.37,48.62,46.63,22.77,52.5,High
32.2,85.14,45.5,41.43,23.08,31.5,Moderate
29.18,89.79,39.83,74.34,27.86,47.0,Moderate
27.48,88.25,84.91,65.32,35.43,58.0,High
34.82,78.35,65.78,67.84,22.07,37.1,Moderate
26.82,74.94,49.86,25.31,18.42,30.0,Moderate
19.1,78.1,73.25,41.31,15.63,36.6,Moderate
23.98,81.04,27.83,53.53,17.26,34.7,Moderate
30.76,58.88,35.88,43.95,24.32,35.6,Moderate
29.98,80.98,32.71,40.65,15.56,26.1,Moderate
20.16,91.88,30.95,31.58,14.48,32.8,Moderate
24.38,66.9,61.34,71.08,16.99,45.2,Moderate
25.09,65.3,28.86,54.92,15.18,29.2,Moderate
26.17,77.15,42.07,48.74,18.55,36.2,Moderate
21.12,60.26,50.87,56.49,29.42,35.2,Moderate
24.86,50.25,65.14,53.22,17.58,29.4,Moderate
24.36,87.22,25.64,33.72,12.21,26.2,Moderate
31.86,63.24,21.09,34.6,23.15,31.0,Moderate
32.05,70.28,16.26,52.16,6.94,25.4,Moderate
27.27,60.85,72.41,54.42,33.46,44.8,Moderate
26.04,89.15,29.67,46.25,14.85,36.1,Moderate
28.7,82.8,26.84,37.95,13.13,27.3,Moderate
23.92,66.39,45.97,65.18,30.61,37.5,Moderate
22.27,52.3,16.93,31.17,16.83,17.8,Low
23.3,64.8,78.76,85.47,26.53,49.6,Moderate
24.83,78.55,30.98,37.24,13.96,19.5,Low
22.18,72.83,62.03,48.13,15.96,44.3,Moderate
28.81,71.64,28.47,75.02,29.8,35.4,Moderate
31.65,73.18,62.31,40.81,24.64,36.6,Moderate
20.06,81.38,32.01,45.64,10.5,26.7,Moderate
28.13,69.37,36.71,63.02,32.08,41.8,Moderate
26.9,76.75,58.41,32.29,10.87,30.3,Moderate
29.71,55.2,48.75,55.94,15.57,27.5,Moderate
27.94,100.0,32.17,23.17,9.59,31.3,Moderate
20.73,65.74,51.06,53.42,11.93,30.2,Moderate
21.69,73.05,24.08,73.97,19.04,28.2,Moderate
28.15,78.5,55.98,19.33,14.99,24.9,Low
33.14,63.84,45.1,49.65,16.64,27.5,Moderate
16.93,70.12,19.31,34.94,19.06,21.2,Low
29.73,69.94,37.93,33.17,10.39,17.1,Low
33.95,56.29,19.42,18.85,16.7,15.6,Low
27.23,76.58,30.9,62.3,46.61,47.3,Moderate
30.75,45.26,34.54,50.05,14.04,30.7,Moderate
24.48,96.29,2.77,8.09,43.39,53.8,High
27.4,81.89,40.67,35.11,23.71,37.8,Moderate
19.9,79.59,21.49,34.29,23.12,28.7,Moderate
16.28,43.95,22.71,19.38,14.51,22.9,Low
32.71,58.11,48.09,53.15,13.73,29.3,Moderate
23.08,90.84,16.48,44.59,13.9,32.7,Moderate
25.72,100.0,22.63,46.53,22.17,49.0,Moderate
21.07,87.92,70.64,90.03,20.32,54.6,High
20.95,85.55,9.64,24.26,14.94,27.0,Moderate
27.13,77.87,35.7,40.4,28.8,38.0,Moderate
24.35,57.29,22.74,35.05,10.89,16.7,Low
29.89,84.93,44.75,63.48,34.12,51.1,High
30.26,53.48,19.01,52.83,11.57,19.0,Low
29.6,51.84,23.65,26.32,35.88,36.7,Moderate
29.19,50.9,20.56,63.87,23.72,29.8,Moderate
35.89,84.64,64.26,43.87,22.46,37.0,Moderate
22.66,69.14,42.1,62.54,34.47,37.8,Moderate
27.73,71.51,16.12,52.55,24.17,38.4,Moderate
33.66,69.77,70.49,65.64,27.78,41.8,Moderate
34.32,53.11,4.76,31.73,8.45,17.3,Low
20.89,59.94,4.5,31.91,14.75,20.3,Low
26.44,60.69,38.03,55.53,23.16,37.7,Moderate
34.79,48.92,25.0,51.64,26.7,28.2,Moderate
30.54,62.44,38.14,58.99,16.53,28.9,Moderate
28.98,53.78,92.71,78.1,23.19,45.5,Moderate
26.91,78.67,36.27,52.83,15.1,32.9,Moderate
26.08,79.91,65.92,79.27,32.41,56.4,High
29.44,50.6,40.71,40.25,14.69,26.3,Moderate
26.74,65.55,32.21,46.91,25.84,41.8,Moderate
27.79,97.84,34.17,38.58,20.97,45.9,Moderate
28.39,55.29,33.46,83.37,25.83,38.1,Moderate
24.61,76.4,91.03,78.32,49.85,66.9,High
30.66,71.58,59.93,71.17,32.81,49.7,Moderate
42.0,86.39,66.26,64.89,37.98,51.2,High
19.12,74.43,53.84,53.0,17.31,35.1,Moderate
29.62,63.53,19.66,81.94,12.55,27.1,Moderate
24.2,71.0,34.81,65.42,14.07,28.6,Moderate
30.89,71.22,40.36,44.32,12.03,25.7,Moderate
28.23,68.62,43.34,46.09,14.17,32.3,Moderate
31.81,50.21,13.98,43.22,14.37,20.9,Low
33.88,88.65,51.28,44.84,17.94,35.5,Moderate
28.96,86.0,53.33,48.45,26.67,44.5,Moderate
33.66,54.34,8.81,15.29,7.9,10.5,Low
16.28,65.49,66.19,22.23,17.03,31.3,Moderate
35.95,66.62,34.28,76.65,25.66,38.0,Moderate
29.88,52.65,51.68,45.49,21.9,35.7,Moderate
33.39,42.0,53.94,49.32,18.59,27.4,Moderate
21.9,59.94,6.01,38.14,32.74,24.7,Low
23.85,64.65,62.94,67.47,34.93,48.5,Moderate
28.73,48.38,48.86,63.74,49.94,52.8,High
27.91,72.65,33.05,62.0,42.53,42.6,Moderate
29.42,87.44,89.19,74.84,18.99,44.6,Moderate
33.42,82.63,80.45,59.14,27.8,50.8,High
19.17,68.1,89.82,85.4,27.09,51.1,High
32.87,42.39,26.22,41.5,23.92,30.2,Moderate
28.04,80.74,53.58,69.23,49.18,58.2,High
26.98,72.2,68.4,35.84,28.42,44.1,Moderate
20.64,76.37,36.6,67.33,20.72,30.4,Moderate
30.52,99.04,32.93,33.15,16.4,42.0,Moderate
15.93,57.63,91.26,45.19,37.59,61.2,High
31.24,26.88,30.63,26.23,25.24,28.6,Moderate
20.54,54.2,18.27,44.44,14.91,28.5,Moderate
28.27,77.29,28.79,79.37,12.69,32.8,Moderate
27.4,70.4,26.58,41.36,18.59,23.2,Low
33.85,51.77,22.24,41.1,12.45,30.9,Moderate
27.11,48.7,19.21,53.25,12.16,27.8,Moderate
24.53,64.68,41.56,40.91,10.16,19.4,Low
25.47,51.31,24.9,41.47,37.2,36.6,Moderate
34.36,77.81,18.19,36.14,45.82,48.4,Moderate
30.68,63.83,45.82,80.55,20.43,40.7,Moderate
26.07,60.59,41.24,50.57,18.87,23.9,Low
26.82,58.63,10.22,49.81,17.75,20.8,Low
20.16,73.95,78.88,51.92,21.81,39.0,Moderate
29.94,70.64,39.3,31.67,21.74,35.9,Moderate
19.2,73.03,58.04,65.27,27.7,45.4,Moderate
31.76,72.7,39.47,52.61,38.5,42.6,Moderate
28.64,68.92,51.44,68.45,15.57,31.6,Moderate
39.93,54.5,47.09,38.18,22.83,35.5,Moderate
22.5,59.04,13.57,38.36,13.5,19.4,Low
27.49,64.08,51.89,33.84,17.07,30.7,Moderate
36.99,100.0,7.47,30.2,4.48,31.7,Moderate
33.96,49.77,64.05,35.74,16.27,32.6,Moderate
24.52,63.72,57.15,50.74,26.95,34.5,Moderate
29.12,71.47,49.96,72.1,17.78,39.8,Moderate
28.01,65.45,57.44,42.23,22.55,40.1,Moderate
29.41,86.11,47.76,38.66,18.15,44.7,Moderate
24.51,65.37,92.49,64.87,28.08,48.3,Moderate
27.55,66.48,51.37,50.22,15.66,36.8,Moderate
20.01,82.22,6.54,48.84,13.36,27.7,Moderate
28.68,97.16,77.15,42.52,26.11,61.8,High
30.25,91.11,21.48,5.0,10.34,25.1,Moderate
26.86,67.95,29.55,46.3,22.73,27.1,Moderate
19.92,69.26,29.52,70.69,15.79,29.2,Moderate
32.94,70.7,78.83,59.68,33.31,45.9,Moderate
29.82,72.2,0.51,41.12,5.79,7.1,Low
24.37,57.29,36.78,46.68,18.24,32.2,Moderate
26.6,84.05,47.01,62.64,26.01,39.7,Moderate
20.5,73.1,64.64,53.21,22.46,31.7,Moderate
22.87,69.33,38.72,47.45,27.31,36.3,Moderate
25.31,50.93,6.83,61.96,13.73,25.2,Moderate
34.14,70.93,51.78,70.28,20.07,40.4,Moderate
24.8,41.6,17.47,30.74,6.18,10.3,Low
31.2,61.28,1.55,25.56,20.88,17.4,Low
25.31,61.55,27.46,35.67,27.42,32.9,Moderate
29.24,74.3,64.32,40.66,30.79,46.3,Moderate
27.29,98.2,13.17,31.33,11.12,35.0,Moderate
32.37,78.58,68.14,57.03,15.03,40.1,Moderate
25.33,91.73,71.61,48.46,44.68,63.6,High
20.14,79.68,66.1,65.81,22.79,44.0,Moderate
21.09,86.88,56.28,29.59,12.08,34.5,Moderate
25.34,97.86,71.53,42.34,37.74,59.7,High
21.75,59.02,65.08,67.66,14.56,29.5,Moderate
30.05,58.04,33.17,75.12,40.37,43.2,Moderate
25.67,80.03,78.61,66.31,17.13,38.8,Moderate
39.87,69.94,62.64,44.41,20.44,41.7,Moderate
19.31,73.31,85.89,48.36,23.63,43.7,Moderate
29.02,66.27,31.51,40.4,19.67,24.9,Low
22.36,61.06,50.21,71.57,27.25,41.1,Moderate
25.53,94.31,34.14,54.66,15.02,41.6,Moderate
28.71,53.5,20.83,23.74,12.7,16.6,Low
16.37,80.3,44.48,56.0,16.26,29.9,Moderate
29.18,77.86,31.02,67.38,31.92,38.9,Moderate
37.51,46.31,3.04,53.78,18.81,23.6,Low
25.73,57.54,43.91,70.33,33.08,43.0,Moderate
29.3,60.06,15.74,52.51,13.75,20.9,Low
33.12,78.47,36.33,28.48,14.3,21.5,Low
27.18,64.49,40.37,37.02,10.88,25.4,Moderate
25.1,68.72,45.62,77.06,30.0,42.1,Moderate
16.62,48.14,17.43,36.0,16.04,23.7,Low
31.2,100.0,26.57,15.85,14.31,43.5,Moderate
27.43,71.07,69.44,68.4,20.58,37.3,Moderate
22.94,77.49,30.38,61.56,16.57,28.9,Moderate
28.63,61.89,52.97,52.33,24.89,31.5,Moderate
25.08,60.21,11.91,47.41,22.55,25.6,Moderate
25.36,98.69,31.76,33.69,12.08,46.3,Moderate
31.03,41.25,49.23,45.26,26.47,38.5,Moderate
21.31,74.18,6.33,10.08,11.8,10.6,Low
33.24,51.83,24.33,27.41,18.56,25.2,Moderate
21.01,63.92,14.25,61.54,15.31,20.5,Low
24.69,60.43,32.67,5.0,12.04,13.3,Low
37.61,55.21,49.41,46.48,18.29,34.5,Moderate
33.64,70.53,26.54,36.28,9.23,18.9,Low
28.49,31.48,49.89,61.38,18.13,32.4,Moderate
23.3,65.27,11.64,7.08,3.57,8.3,Low
25.35,68.65,44.59,39.15,26.19,34.0,Moderate
28.37,49.61,54.14,45.12,12.97,34.4,Moderate
28.19,92.7,20.4,48.22,21.41,33.5,Moderate
27.55,61.08,6.52,37.14,8.06,11.6,Low
27.85,66.44,9.21,13.38,27.38,24.7,Low
26.93,61.12,21.94,37.6,6.95,12.9,Low
20.79,68.78,70.03,47.85,21.43,36.0,Moderate
25.42,89.62,26.52,51.23,33.12,49.3,Moderate
32.57,100.0,29.86,41.76,22.47,43.8,Moderate
21.16,81.18,18.16,67.58,14.84,31.5,Moderate
27.05,86.32,71.77,50.16,48.67,57.1,High
23.9,95.75,62.27,48.28,20.21,58.6,High
28.56,73.73,86.1,57.15,23.54,48.3,Moderate
26.06,93.55,42.98,47.15,29.18,52.5,High
35.39,81.89,33.01,59.18,16.92,30.5,Moderate
30.53,72.16,17.58,34.52,13.4,20.6,Low
21.44,75.26,77.47,56.18,19.98,52.2,High
31.36,42.68,6.04,42.47,18.57,17.0,Low
24.13,74.38,71.31,45.76,28.6,41.5,Moderate
25.12,46.84,24.91,53.18,13.23,22.7,Low
29.57,45.62,41.21,43.75,31.88,38.3,Moderate
25.54,72.89,30.96,32.29,12.49,25.4,Moderate
32.46,53.29,36.87,20.32,10.93,22.3,Low
24.13,69.89,64.59,41.08,14.72,28.4,Moderate
24.91,72.08,1.05,32.27,24.07,26.3,Moderate
24.72,72.75,29.67,44.0,11.26,26.5,Moderate
25.17,56.44,10.51,34.41,36.37,32.9,Moderate
33.5,83.48,10.72,16.55,6.06,12.4,Low
31.14,68.66,48.42,48.77,18.68,33.9,Moderate
36.55,76.62,26.27,20.9,8.89,16.6,Low
39.34,52.05,5.38,17.83,8.83,11.4,Low
22.85,67.33,10.37,54.91,15.41,23.4,Low
28.35,86.46,33.88,44.83,38.98,43.9,Moderate
22.12,84.55,5.85,43.38,22.3,29.2,Moderate
24.11,58.04,59.17,76.71,14.16,40.7,Moderate
24.85,61.82,89.49,64.98,25.3,51.0,High
22.71,55.17,13.85,53.78,15.64,22.8,Low
22.74,60.15,15.12,45.62,12.5,19.8,Low
27.28,49.01,27.43,33.32,18.09,31.6,Moderate
21.92,67.93,10.74,36.11,45.68,35.7,Moderate
32.21,79.5,10.39,26.88,9.61,18.3,Low
23.41,58.22,7.83,46.42,19.94,28.7,Moderate
42.0,68.64,12.46,53.82,8.71,15.1,Low
25.74,66.69,66.93,37.42,12.5,30.5,Moderate
28.36,85.83,39.73,35.22,16.6,37.2,Moderate
21.52,60.83,60.18,50.2,28.9,38.7,Moderate
36.53,61.37,30.52,32.96,14.99,24.3,Low
33.6,57.31,33.79,42.81,24.34,26.1,Moderate
29.48,52.94,26.19,49.11,23.95,29.0,Moderate
21.27,77.94,30.89,64.6,66.41,67.0,High
29.05,67.97,34.6,39.02,21.21,24.8,Low
22.39,70.82,60.47,47.38,20.34,29.8,Moderate
35.31,89.12,22.82,48.07,21.21,36.6,Moderate
32.05,89.98,29.48,44.04,12.7,35.1,Moderate
28.48,45.31,30.62,21.83,21.75,23.6,Low
15.82,79.72,57.7,41.74,25.37,37.1,Moderate
23.08,73.38,67.39,52.81,39.19,53.5,High
31.44,63.08,36.34,58.84,13.63,33.3,Moderate
34.06,74.92,64.15,73.55,25.01,46.5,Moderate
33.55,44.1,43.1,33.61,40.08,45.3,Moderate
20.04,91.94,12.84,27.38,10.19,26.6,Moderate
29.51,77.72,29.11,57.56,8.66,21.6,Low
33.08,57.02,51.91,45.66,20.84,28.0,Moderate
19.71,61.22,10.9,43.59,14.92,15.6,Low
27.96,44.45,45.84,47.59,19.21,30.9,Moderate
29.37,65.29,34.91,47.1,20.69,35.9,Moderate
26.5,62.76,64.79,50.86,29.28,39.3,Moderate
18.74,50.12,9.07,54.32,67.95,67.1,High
26.37,81.65,14.59,16.23,9.45,15.6,Low
26.36,89.15,43.18,43.56,14.19,32.1,Moderate
27.26,69.59,60.65,70.98,29.96,43.9,Moderate
25.18,65.42,52.99,49.74,15.37,31.5,Moderate
25.78,76.52,65.0,55.39,19.67,43.9,Moderate
27.8,69.71,60.84,69.97,21.07,40.9,Moderate
30.21,53.77,79.75,69.13,40.65,51.0,High
26.48,60.21,15.71,52.44,33.91,42.3,Moderate
25.95,65.55,64.24,74.68,14.98,35.5,Moderate
28.46,73.72,47.96,29.37,9.86,21.1,Low
18.4,70.14,36.18,40.03,17.94,30.2,Moderate
30.39,73.16,15.07,27.13,25.8,30.6,Moderate
28.0,47.13,72.73,64.5,24.86,47.5,Moderate
28.2,79.98,12.39,54.1,33.34,28.3,Moderate
32.8,70.05,51.82,14.78,12.99,31.1,Moderate
18.24,100.0,12.25,14.68,10.83,27.6,Moderate
18.13,64.19,15.02,8.29,14.56,18.8,Low
29.37,74.85,32.15,32.39,13.8,25.6,Moderate
27.96,100.0,63.94,56.88,43.9,72.8,High
28.85,72.91,59.39,78.88,20.95,40.7,Moderate
25.69,68.99,2.78,15.11,14.71,19.5,Low
31.32,55.2,64.93,92.36,21.72,44.9,Moderate
32.66,92.92,56.55,61.35,18.52,53.4,High
30.42,52.61,24.75,50.77,11.36,18.2,Low
26.7,76.41,32.21,55.66,28.38,43.8,Moderate
17.46,62.9,20.09,19.47,20.94,16.1,Low
31.85,67.16,63.69,47.06,29.46,49.4,Moderate
34.11,48.64,17.56,24.43,11.1,14.6,Low
31.22,90.15,44.36,58.79,18.41,44.0,Moderate
23.6,65.83,58.91,40.59,25.89,36.4,Moderate
31.37,51.77,58.72,50.87,15.48,29.1,Moderate
32.3,88.79,49.67,40.91,18.42,37.8,Moderate
35.79,62.44,87.79,85.66,33.02,59.3,High
23.62,75.02,48.25,41.25,14.82,31.1,Moderate
26.87,82.62,32.2,28.25,42.36,48.4,Moderate
31.74,77.11,23.86,49.06,21.29,31.7,Moderate
28.29,37.05,29.22,42.77,16.66,26.7,Moderate
22.41,80.43,63.47,76.75,21.33,49.9,Moderate
30.07,68.49,11.55,42.14,21.19,27.2,Moderate
30.89,65.06,22.18,45.36,12.42,18.6,Low
28.44,68.36,56.35,66.39,28.91,38.9,Moderate
29.1,45.85,27.44,50.0,11.13,30.3,Moderate
26.71,72.88,33.12,56.97,18.24,30.4,Moderate
35.39,49.53,21.79,51.75,25.83,31.4,Moderate
23.5,65.71,31.9,39.75,12.66,21.6,Low
25.06,72.34,87.83,46.23,19.91,35.8,Moderate
28.05,86.11,76.31,57.56,24.22,57.3,High
32.39,57.71,10.86,7.2,13.52,9.4,Low
20.51,91.77,47.71,39.15,30.53,44.9,Moderate
21.45,84.2,49.79,45.01,26.16,39.9,Moderate
17.81,63.56,6.56,55.27,13.92,19.7,Low
28.16,53.37,10.13,34.78,12.99,15.8,Low
22.41,48.34,62.91,81.84,31.73,51.4,High
26.08,74.08,3.99,41.98,7.42,19.7,Low
31.31,58.94,21.92,16.74,8.74,15.2,Low
24.79,87.99,38.24,64.11,16.61,40.2,Moderate
29.16,59.81,2.98,50.21,6.7,11.7,Low
26.5,56.49,28.48,18.33,25.68,29.8,Moderate
31.36,73.5,34.65,56.54,12.0,26.1,Moderate
30.38,59.71,41.84,69.84,53.89,54.8,High
24.54,70.13,17.53,7.52,17.94,23.0,Low
27.16,84.79,20.57,24.58,11.43,17.2,Low
33.22,71.76,51.87,65.95,20.23,41.7,Moderate
29.97,71.81,57.35,50.97,40.2,48.5,Moderate
21.02,73.08,31.51,66.84,16.96,29.3,Moderate
31.28,44.6,3.63,49.13,11.15,24.5,Low
22.58,75.88,12.99,50.72,14.12,26.1,Moderate
35.06,72.4,60.98,72.6,21.25,34.5,Moderate
33.12,83.39,33.38,33.15,17.6,33.6,Moderate
29.45,79.09,18.1,35.44,13.12,23.5,Low
28.79,66.97,58.79,83.52,39.71,48.7,Moderate
26.95,85.49,44.01,43.9,18.55,35.9,Moderate
31.39,65.61,33.32,61.83,13.95,31.9,Moderate
26.15,73.71,6.0,32.89,6.23,6.2,Low
29.18,65.33,34.47,34.33,10.53,25.5,Moderate
32.36,76.93,16.73,24.81,21.78,22.8,Low
25.19,64.35,54.07,60.98,26.48,40.1,Moderate
24.92,94.71,36.55,66.11,22.15,52.6,High
22.03,100.0,55.83,60.64,29.31,57.3,High
22.68,83.11,57.85,57.83,29.47,41.8,Moderate
18.86,93.12,24.43,25.09,20.2,39.1,Moderate
31.65,46.91,62.96,55.82,14.57,34.3,Moderate
37.04,48.68,13.74,41.29,6.97,14.3,Low
35.13,65.18,27.75,30.28,15.17,17.7,Low
19.87,70.62,41.67,54.87,32.27,39.3,Moderate
31.62,67.03,30.2,34.01,15.55,22.1,Low
35.11,45.37,58.67,48.42,20.81,34.5,Moderate
25.72,87.27,9.52,48.71,21.56,26.3,Moderate
28.51,100.0,67.84,81.51,15.22,54.7,High
17.96,89.21,25.36,65.34,18.18,39.9,Moderate
29.33,86.28,44.66,47.3,17.76,36.6,Moderate
22.68,73.39,43.32,57.19,20.11,33.3,Moderate
29.0,57.36,34.06,55.25,41.06,40.3,Moderate
20.19,71.09,40.98,57.59,17.06,28.0,Moderate
30.71,100.0,37.53,48.87,25.27,50.6,High
33.12,64.72,69.61,77.64,22.46,44.1,Moderate
24.08,63.18,24.66,33.28,10.85,16.7,Low
22.32,86.61,35.18,29.05,15.27,31.3,Moderate
17.22,87.61,12.17,43.42,29.19,38.0,Moderate
26.67,57.28,26.56,38.48,26.41,26.5,Moderate
25.09,66.08,23.23,70.75,16.13,34.0,Moderate
20.24,62.47,49.22,44.11,13.0,25.2,Moderate
30.27,71.05,50.45,67.03,30.57,40.0,Moderate
25.75,86.56,51.81,59.11,29.38,45.3,Moderate
22.62,57.94,16.49,18.65,13.42,11.9,Low
25.23,86.34,10.64,46.5,8.51,16.6,Low
33.36,71.52,32.63,35.52,26.89,36.7,Moderate
31.01,100.0,13.97,74.81,19.04,50.5,High
27.35,74.78,9.78,25.46,14.28,14.6,Low
31.1,68.55,41.7,34.64,37.58,43.3,Moderate
22.2,78.62,50.14,18.7,18.98,26.4,Moderate
28.16,64.94,47.43,39.0,27.89,32.5,Moderate
28.74,43.07,47.22,61.31,36.48,43.5,Moderate
25.65,66.39,71.16,43.32,19.08,36.0,Moderate
30.18,66.16,17.29,47.66,10.51,24.6,Low
24.1,46.12,70.69,62.5,26.93,34.6,Moderate
30.55,68.9,5.17,21.07,41.61,31.9,Moderate
30.76,38.99,62.93,54.13,22.0,46.7,Moderate
15.0,64.78,81.45,48.27,18.46,30.7,Moderate
33.95,73.65,36.89,59.69,14.68,27.5,Moderate
15.0,71.45,23.24,14.69,12.0,16.5,Low
24.92,63.83,22.46,52.81,16.97,27.1,Moderate
33.13,68.72,44.9,38.78,25.08,37.3,Moderate
26.41,58.24,70.21,60.21,27.84,45.2,Moderate
20.67,70.16,43.87,56.23,37.0,50.7,High
22.53,70.87,63.79,58.33,23.17,39.1,Moderate
33.13,56.5,57.07,84.79,29.38,50.8,High
18.39,74.02,10.17,31.18,32.72,29.9,Moderate
33.64,73.92,24.69,22.0,16.93,25.5,Moderate
27.72,67.51,9.76,69.9,7.66,18.2,Low
22.04,100.0,87.75,70.17,25.45,62.7,High
25.08,67.89,71.9,61.37,23.96,38.0,Moderate
22.91,65.81,19.76,74.46,13.34,26.1,Moderate
32.33,63.66,69.92,38.79,14.22,30.1,Moderate
31.66,55.44,55.67,52.2,14.17,33.0,Moderate
19.4,80.29,4.92,19.42,31.76,30.0,Moderate
25.98,59.71,55.95,51.94,28.15,44.6,Moderate
23.68,61.48,11.02,16.39,5.57,14.3,Low
34.47,61.93,32.27,46.68,15.41,31.0,Moderate
21.25,55.23,19.08,40.98,6.15,19.5,Low
36.02,43.73,15.29,38.89,13.82,15.4,Low
27.83,63.06,34.15,11.98,7.44,17.7,Low
22.19,83.1,34.22,57.57,33.18,40.2,Moderate
24.61,72.95,42.32,45.44,40.26,43.9,Moderate
23.99,93.41,69.04,97.69,48.73,75.3,Critical
21.63,81.26,34.27,39.06,11.5,15.2,Low
28.47,77.86,59.89,45.55,13.63,27.9,Moderate
21.86,98.24,5.09,38.35,12.0,31.2,Moderate
17.1,68.54,59.53,36.48,18.18,21.8,Low
26.1,70.95,80.93,80.87,17.28,49.5,Moderate
18.99,69.83,67.83,43.91,17.2,35.9,Moderate
24.24,93.16,88.15,52.64,23.75,57.3,High
23.45,70.04,44.07,62.27,12.65,34.4,Moderate
23.64,60.28,19.64,45.05,10.2,23.1,Low
38.0,78.82,64.98,60.63,25.2,45.6,Moderate
28.28,57.76,3.54,15.84,14.02,18.4,Low
29.23,78.0,21.83,57.21,28.53,36.0,Moderate
19.12,76.21,10.18,23.09,4.25,12.9,Low
24.73,67.16,16.99,15.07,14.23,19.5,Low
29.08,78.49,54.47,59.61,27.93,36.7,Moderate
22.88,47.68,22.13,39.52,36.15,27.1,Moderate
32.54,72.44,29.85,41.86,14.27,16.8,Low
21.99,63.06,33.75,56.85,17.63,32.8,Moderate
26.57,100.0,10.4,33.85,11.2,32.5,Moderate
25.07,72.34,45.08,24.54,17.6,26.6,Moderate
28.82,61.05,28.97,40.04,29.03,33.9,Moderate
24.8,49.33,58.02,59.63,31.75,49.6,Moderate
26.65,89.58,36.79,50.55,13.38,38.4,Moderate
26.82,64.75,34.02,44.22,17.1,28.6,Moderate
24.33,58.13,33.98,83.06,17.86,35.8,Moderate
30.43,75.04,64.55,82.49,21.19,52.5,High
29.19,79.75,61.34,38.46,25.92,34.9,Moderate
27.56,79.51,70.3,39.06,18.93,42.2,Moderate
25.85,70.3,11.98,59.08,22.02,28.6,Moderate
31.98,72.39,69.94,75.46,22.01,43.7,Moderate
26.82,73.48,4.09,58.63,11.47,22.8,Low
26.47,75.05,31.24,39.27,16.08,18.8,Low
28.52,76.37,23.49,40.82,49.89,41.4,Moderate
36.48,86.42,15.28,13.67,7.33,20.3,Low
21.3,70.85,48.75,54.22,15.66,33.8,Moderate
31.85,57.75,17.98,31.71,6.54,17.7,Low
18.53,67.84,40.25,37.38,13.9,29.0,Moderate
29.09,81.31,35.73,61.36,10.65,36.6,Moderate
35.88,43.2,26.9,42.08,8.11,16.8,Low
30.44,43.29,37.45,60.48,22.77,35.3,Moderate
28.85,83.77,44.59,48.99,26.61,43.5,Moderate
25.2,92.8,66.18,66.38,47.89,70.3,High
28.16,51.02,5.17,17.12,6.54,9.5,Low
26.74,71.51,3.99,21.59,6.57,8.2,Low
24.07,64.01,14.72,46.95,28.78,30.3,Moderate
26.55,66.09,37.2,73.41,21.26,40.9,Moderate
28.99,74.58,23.82,50.33,11.6,32.2,Moderate
24.16,50.61,28.73,45.29,24.85,24.0,Low
23.97,53.39,77.51,84.66,25.98,48.9,Moderate
21.2,65.48,59.42,52.53,20.98,30.0,Moderate
29.95,67.82,26.71,32.4,34.35,32.2,Moderate
30.73,53.11,61.59,56.66,26.08,41.9,Moderate
29.16,81.84,16.56,46.39,20.2,23.6,Low
32.83,63.74,12.56,20.4,20.8,19.7,Low
28.44,63.67,3.14,38.03,12.94,14.9,Low
29.96,74.24,15.33,14.5,20.43,22.1,Low
29.52,68.07,38.66,44.02,37.74,40.0,Moderate
27.54,82.56,53.29,51.3,20.18,42.5,Moderate
25.35,56.0,25.38,43.4,19.62,26.7,Moderate
39.07,49.04,72.44,30.98,15.98,29.3,Moderate
25.74,65.35,67.87,60.26,18.64,32.4,Moderate
24.67,70.9,52.65,66.54,20.09,34.1,Moderate
30.17,51.39,48.83,73.21,20.68,36.5,Moderate
29.26,49.18,17.66,62.98,9.29,23.7,Low
20.98,72.73,29.14,45.58,38.03,43.0,Moderate
33.61,58.63,28.43,82.13,28.23,42.9,Moderate
27.53,48.21,34.93,35.82,19.17,29.4,Moderate
22.45,84.48,29.01,34.23,10.79,29.3,Moderate
33.94,60.52,59.46,56.08,24.42,38.2,Moderate
31.13,87.25,54.49,66.48,19.68,43.3,Moderate
21.68,70.43,50.3,62.25,26.41,37.8,Moderate
36.89,74.42,17.23,5.5,5.87,8.0,Low
31.29,66.83,6.05,22.65,26.85,29.7,Moderate
27.95,30.17,62.01,68.21,21.76,38.5,Moderate
35.95,52.95,22.13,29.42,28.09,24.5,Low
28.8,68.11,26.97,42.51,54.1,45.5,Moderate
27.86,75.47,16.51,46.17,10.2,28.7,Moderate
24.7,43.15,51.76,60.37,19.8,36.0,Moderate
30.91,69.2,8.62,50.93,8.52,19.9,Low
30.38,53.17,25.92,63.14,13.93,24.4,Low
28.07,73.52,10.59,48.19,16.82,14.5,Low
24.05,69.71,43.27,31.73,10.49,18.8,Low
28.65,81.15,60.06,64.82,40.24,50.0,High
27.65,86.0,24.31,59.73,14.56,29.6,Moderate
21.33,76.88,24.32,50.31,22.05,30.1,Moderate
20.64,82.91,38.66,67.88,39.61,52.9,High
30.83,64.74,41.11,52.95,12.36,27.8,Moderate
15.0,100.0,58.77,53.66,27.62,60.3,High
29.03,51.72,44.98,38.04,27.29,38.6,Moderate
25.61,62.08,21.79,73.14,11.49,31.8,Moderate
34.54,83.52,42.29,34.12,11.61,24.3,Low
25.53,81.29,25.57,43.88,18.47,30.0,Moderate
31.3,77.31,56.88,49.56,38.35,49.1,Moderate
26.02,80.13,22.22,22.77,25.12,28.4,Moderate
28.57,38.75,50.52,66.01,16.59,31.8,Moderate
31.68,93.84,28.88,52.59,25.8,41.6,Moderate
25.69,66.94,32.02,49.87,36.41,39.5,Moderate
32.98,88.69,23.62,33.86,11.6,29.2,Moderate
23.03,39.5,18.64,49.97,12.96,25.9,Moderate
29.47,73.85,1.75,31.7,5.06,10.8,Low
32.61,61.55,39.78,56.14,13.75,23.9,Low
31.3,78.58,24.47,65.11,19.42,26.8,Moderate
37.58,74.76,17.44,5.0,8.58,8.1,Low
24.18,75.49,81.54,78.57,18.23,44.3,Moderate
21.1,54.12,54.61,89.72,19.78,35.2,Moderate
23.03,69.15,57.77,81.03,52.91,58.0,High
31.3,67.3,39.58,60.45,37.87,50.9,High
30.49,77.43,17.55,59.49,20.99,28.7,Moderate
28.51,84.84,65.75,45.27,24.82,44.5,Moderate
22.39,72.26,5.92,40.68,31.05,24.6,Low
31.83,50.86,36.06,45.37,22.46,30.8,Moderate
21.88,71.61,80.12,56.04,25.33,38.4,Moderate
33.79,100.0,32.1,61.06,25.02,52.8,High
42.0,94.69,68.03,55.85,17.84,45.4,Moderate
29.83,25.38,20.41,14.33,15.02,22.3,Low
30.92,70.95,13.16,46.18,18.24,32.0,Moderate
25.54,83.98,81.35,63.06,23.7,46.5,Moderate
18.95,67.27,70.7,70.14,25.97,39.2,Moderate
24.99,63.1,15.69,34.34,12.1,17.0,Low
22.54,66.0,13.44,13.86,6.75,5.3,Low
20.76,78.28,63.44,42.59,17.48,33.2,Moderate
36.61,52.77,77.33,48.34,25.4,38.9,Moderate
29.36,87.83,89.23,50.82,25.94,58.1,High
29.9,69.16,46.02,42.67,21.23,24.5,Low
26.45,55.97,35.66,58.39,17.43,24.9,Low
27.14,86.87,61.63,35.85,11.95,39.0,Moderate
32.82,46.82,19.22,54.97,21.9,25.9,Moderate
27.84,61.67,58.89,36.56,19.91,39.6,Moderate
30.65,61.42,61.51,50.81,26.74,40.8,Moderate
27.02,100.0,11.31,38.42,16.03,39.4,Moderate
26.29,59.72,19.23,37.23,11.78,21.1,Low
20.97,37.68,89.09,75.51,27.23,51.6,High
18.11,61.27,48.12,50.22,52.76,52.9,High
26.69,76.83,37.99,45.94,30.3,36.9,Moderate
28.28,81.76,70.45,24.01,23.56,43.5,Moderate
21.57,100.0,73.91,66.88,68.55,86.5,Critical
27.83,91.1,21.14,70.58,13.8,37.7,Moderate
28.27,72.82,23.57,35.87,14.12,20.9,Low
17.22,56.63,41.41,59.4,20.92,36.4,Moderate
23.42,94.36,10.91,26.46,7.77,31.8,Moderate
30.04,64.47,46.73,66.14,47.66,50.9,High
29.94,60.13,76.3,69.49,53.91,59.8,High
22.23,63.74,31.83,40.64,24.68,28.3,Moderate
28.79,51.22,23.16,36.62,7.11,21.1,Low
33.11,63.02,24.26,53.17,9.67,23.3,Low
31.89,66.5,45.59,51.57,23.32,35.1,Moderate
27.52,80.96,6.84,18.92,30.75,26.8,Moderate
25.66,64.18,3.98,13.47,8.95,8.3,Low
24.85,50.99,49.07,61.0,25.59,41.9,Moderate
30.34,45.94,21.06,30.93,31.03,31.3,Moderate
28.98,73.14,71.25,60.46,18.65,47.0,Moderate
31.15,71.09,41.79,58.45,34.06,42.4,Moderate
28.66,61.69,34.0,28.86,14.85,24.8,Low
32.09,62.99,92.95,52.32,24.68,44.8,Moderate
28.47,75.83,69.18,83.55,28.1,46.4,Moderate
31.92,90.86,52.75,47.28,14.17,40.0,Moderate
32.35,58.3,5.41,52.18,20.42,29.3,Moderate
23.98,71.33,20.63,79.83,14.9,27.5,Moderate
18.96,84.37,24.55,47.18,11.39,24.9,Low
35.72,58.36,4.28,23.57,10.39,7.8,Low
29.28,69.77,36.8,49.79,12.04,36.2,Moderate
19.43,69.43,35.3,44.52,12.02,22.7,Low
24.43,50.33,2.69,36.95,22.56,16.8,Low
31.86,72.53,14.15,50.71,20.41,27.5,Moderate
26.6,70.47,58.92,68.1,21.9,41.2,Moderate
25.44,78.33,7.88,7.69,6.14,13.1,Low
35.0,52.2,34.32,64.86,26.07,36.9,Moderate
22.76,70.15,14.21,44.08,28.98,23.9,Low
24.01,90.73,21.44,33.9,61.23,57.3,High
29.06,100.0,9.23,49.24,30.33,53.0,High
29.95,89.2,39.93,33.22,14.9,38.0,Moderate
30.48,52.34,27.54,29.58,9.57,20.5,Low
32.56,76.77,33.65,62.66,18.99,38.2,Moderate
28.99,62.75,45.36,51.88,33.27,40.5,Moderate
30.45,74.26,39.86,72.47,18.0,39.1,Moderate
26.7,58.42,48.84,41.8,11.22,25.0,Moderate
28.31,44.3,40.19,53.44,24.0,41.0,Moderate
28.54,64.83,19.33,47.58,14.0,21.1,Low
29.08,80.84,33.96,52.97,12.79,23.1,Low
31.86,74.32,44.65,59.94,35.97,39.9,Moderate
30.78,76.04,6.1,44.03,9.04,22.6,Low
28.22,73.25,30.4,45.93,14.54,32.0,Moderate
23.95,76.07,28.02,15.68,10.93,14.7,Low
28.34,77.94,13.4,52.65,7.97,16.7,Low
27.86,65.88,76.01,26.0,20.36,26.5,Moderate
28.97,71.24,67.68,40.18,13.2,27.4,Moderate
39.03,96.15,83.46,53.64,18.03,53.8,High
25.38,72.13,33.22,60.18,13.26,26.9,Moderate
30.11,70.64,35.96,44.25,10.64,16.0,Low
33.34,71.54,41.01,77.48,25.19,34.0,Moderate
28.49,66.73,8.43,17.15,14.08,23.4,Low
39.69,63.47,51.16,36.41,24.35,39.3,Moderate
26.11,73.13,25.55,10.19,6.17,14.5,Low
29.62,62.41,42.52,32.68,28.19,35.2,Moderate
24.01,67.82,37.07,38.48,28.67,34.8,Moderate
26.24,58.14,31.7,68.07,32.13,39.6,Moderate
29.24,71.62,18.13,57.03,17.36,26.8,Moderate
32.23,78.76,9.54,41.92,14.5,14.7,Low
29.6,66.82,45.5,46.26,24.38,34.2,Moderate
34.3,39.87,10.72,50.22,30.36,22.7,Low
27.53,78.86,12.88,58.6,16.13,24.5,Low
26.34,71.8,16.96,31.24,12.88,21.3,Low
41.52,55.1,5.92,28.86,15.46,15.4,Low
29.97,81.6,62.72,50.48,21.55,40.8,Moderate
24.4,49.02,28.93,19.11,6.69,15.1,Low
24.53,85.68,56.18,72.83,21.27,46.9,Moderate
23.29,69.14,8.21,29.12,14.22,19.5,Low
32.68,35.97,28.76,40.73,20.62,23.6,Low
26.18,72.67,18.77,63.41,21.6,24.9,Low
28.64,63.91,23.19,35.02,17.44,18.7,Low
27.68,61.65,41.68,68.58,28.75,36.8,Moderate
31.66,58.93,27.19,18.29,40.03,39.3,Moderate
23.77,68.09,16.8,49.3,15.59,26.9,Moderate
22.62,62.72,58.68,48.85,25.08,36.9,Moderate
29.12,42.15,41.87,25.96,34.39,35.2,Moderate
31.0,89.08,35.36,30.34,16.18,28.1,Moderate
29.66,66.33,19.13,43.8,17.02,19.3,Low
23.95,59.02,43.23,35.73,9.64,25.2,Moderate
31.39,53.07,21.87,48.4,14.81,22.1,Low
24.28,81.56,54.28,42.82,22.82,36.1,Moderate
25.39,50.52,70.16,35.26,23.47,40.3,Moderate
23.28,72.01,45.02,65.31,20.74,37.9,Moderate
34.51,61.25,48.53,56.4,17.77,32.2,Moderate
31.17,62.12,56.54,27.74,21.68,37.6,Moderate
31.02,53.45,27.37,54.38,31.87,34.5,Moderate
34.24,60.7,9.01,39.99,12.0,14.4,Low
42.0,70.13,28.28,38.42,10.45,16.6,Low
19.45,73.53,61.57,50.67,34.53,50.8,High
24.31,58.22,6.44,57.36,18.72,22.0,Low
24.92,68.64,5.64,41.76,7.53,15.4,Low
23.75,83.33,37.49,68.96,26.65,49.3,Moderate
22.61,45.06,54.53,61.22,29.91,39.0,Moderate
26.5,69.91,57.45,58.63,14.6,34.3,Moderate
21.92,55.74,48.54,40.63,24.4,35.0,Moderate
29.68,54.21,27.16,46.87,27.96,33.2,Moderate
28.26,73.92,79.01,77.97,20.66,49.3,Moderate
30.41,61.82,4.11,37.66,10.95,17.7,Low
30.54,51.75,30.61,74.76,32.82,41.9,Moderate
31.02,89.86,15.79,55.82,26.33,46.9,Moderate
26.13,83.8,24.0,25.43,13.76,18.4,Low
38.61,41.02,52.64,46.15,25.58,31.7,Moderate
29.17,47.88,16.01,50.7,13.6,21.7,Low
18.69,78.9,31.83,23.24,29.25,34.1,Moderate
22.99,65.73,48.4,50.19,13.05,29.2,Moderate
19.3,92.51,37.71,34.21,10.26,31.2,Moderate
28.09,79.25,37.41,48.7,21.18,37.4,Moderate
27.39,74.49,14.14,26.08,14.88,22.7,Low
25.66,54.67,45.63,66.77,67.42,62.3,High
38.05,77.37,41.7,41.96,22.99,39.8,Moderate
30.74,50.86,4.16,46.43,8.4,13.9,Low
31.63,89.58,42.41,27.44,14.24,32.7,Moderate
23.34,76.33,70.59,55.14,18.53,32.8,Moderate
23.0,57.63,69.62,40.17,16.7,35.5,Moderate
28.18,82.07,47.61,69.56,24.28,49.3,Moderate
28.87,100.0,22.9,31.4,14.1,46.3,Moderate
18.72,66.74,57.15,53.69,18.54,33.9,Moderate
27.1,78.26,26.45,49.54,36.05,37.1,Moderate
28.07,63.52,21.66,31.39,16.8,22.8,Low
26.92,71.28,79.79,44.92,13.5,41.7,Moderate
23.93,47.39,5.74,39.79,26.26,26.6,Moderate
25.3,69.99,66.45,29.27,55.82,59.9,High
27.12,70.65,29.67,65.51,13.19,30.8,Moderate
28.45,96.98,51.02,50.81,35.05,63.1,High
31.02,43.07,39.03,26.55,10.37,24.4,Low
33.4,65.79,59.06,51.7,12.91,29.4,Moderate
26.53,89.32,30.26,54.26,12.25,34.6,Moderate
25.72,66.37,26.56,32.04,15.16,21.2,Low
30.19,67.43,45.64,21.84,24.24,35.0,Moderate
31.05,57.5,57.0,53.1,16.61,35.7,Moderate
25.83,56.01,24.93,55.14,13.36,27.1,Moderate
31.95,42.61,22.35,46.32,16.6,25.8,Moderate
32.9,60.56,57.99,61.34,20.46,31.6,Moderate
34.46,55.16,27.54,58.99,39.47,44.4,Moderate
36.89,71.77,33.84,70.59,23.63,31.2,Moderate
23.67,58.18,57.91,14.87,17.27,24.1,Low
28.07,62.81,48.74,32.19,34.06,44.0,Moderate
28.06,63.22,66.5,60.79,21.86,38.9,Moderate
27.51,69.28,23.14,47.25,31.84,29.7,Moderate
24.75,62.07,36.95,24.7,26.83,28.7,Moderate
20.57,54.07,37.94,36.55,25.94,35.4,Moderate
28.46,71.29,63.9,83.2,18.67,39.9,Moderate
24.16,86.01,8.75,32.75,12.97,27.9,Moderate
28.43,71.93,8.97,41.29,15.89,24.9,Low
24.03,60.85,7.93,64.64,14.08,27.3,Moderate
22.5,68.15,54.5,55.49,21.37,39.5,Moderate
29.17,39.24,62.39,68.65,26.34,37.5,Moderate
28.75,67.91,35.7,56.06,10.48,25.0,Moderate
30.9,63.99,7.31,32.52,13.91,19.7,Low
38.93,56.0,80.11,57.14,38.45,49.6,Moderate
29.39,58.72,37.29,65.78,36.07,45.5,Moderate
30.43,63.85,34.61,46.99,9.69,28.0,Moderate
22.61,84.89,62.34,41.69,37.55,46.5,Moderate
21.57,86.38,29.92,61.71,12.51,25.5,Moderate
35.91,56.08,24.33,5.0,20.86,21.7,Low
23.38,62.23,15.34,64.04,19.98,38.3,Moderate
22.78,62.61,56.23,51.88,49.15,53.4,High
27.8,82.14,34.03,47.03,10.61,21.5,Low
27.55,72.18,48.72,53.3,69.28,67.3,High
23.49,71.39,50.75,72.72,30.75,46.0,Moderate
26.48,78.04,50.82,55.4,24.57,40.7,Moderate
34.15,61.05,72.02,59.87,18.91,48.3,Moderate
23.97,90.46,41.42,35.21,13.25,30.1,Moderate
21.03,69.97,42.35,39.12,33.48,42.2,Moderate
32.71,57.16,70.7,69.38,27.88,46.1,Moderate
30.46,66.56,18.56,44.84,7.64,20.3,Low
24.9,88.48,11.4,64.3,16.24,30.5,Moderate
20.09,63.62,56.82,42.66,37.47,39.5,Moderate
24.28,84.24,49.24,34.92,11.19,36.7,Moderate
27.73,60.62,5.26,41.34,21.12,30.5,Moderate
33.83,58.52,28.51,43.7,22.71,37.5,Moderate
22.82,79.89,33.61,28.79,29.46,30.5,Moderate
27.58,56.89,56.1,46.85,21.82,35.1,Moderate
31.38,82.34,48.69,62.61,16.62,41.1,Moderate
16.09,75.27,15.38,20.58,25.7,25.0,Moderate
33.17,56.9,64.96,40.67,21.94,34.0,Moderate
22.09,68.93,60.85,45.37,16.15,35.1,Moderate
29.66,61.77,15.07,29.66,16.68,16.0,Low
29.23,75.23,84.15,76.35,44.68,54.2,High
33.42,98.32,44.99,42.42,9.83,50.8,High
30.75,64.44,55.37,78.85,21.55,39.5,Moderate
16.11,78.01,41.3,33.81,19.46,33.0,Moderate
24.08,70.37,42.92,55.49,29.26,38.2,Moderate
28.69,70.36,50.11,51.94,17.34,33.9,Moderate
27.03,67.52,51.39,53.03,17.04,33.3,Moderate
30.39,57.14,64.3,20.58,15.82,23.5,Low
31.95,75.03,53.07,37.11,17.18,28.9,Moderate
31.04,65.67,37.74,45.7,26.03,37.3,Moderate
26.93,56.43,24.36,13.98,11.28,18.2,Low
18.77,85.21,9.32,5.0,8.86,15.9,Low
25.72,71.49,55.04,35.74,12.98,20.6,Low
30.08,66.58,60.99,61.41,17.39,38.7,Moderate
22.55,90.1,65.64,65.13,27.03,51.5,High
31.16,42.46,77.33,43.71,27.07,40.0,Moderate
32.54,89.09,31.63,43.05,17.3,32.1,Moderate
28.63,56.8,5.87,43.41,14.42,19.8,Low
15.0,73.17,24.03,63.29,12.51,25.7,Moderate
21.61,61.18,22.45,62.15,24.93,31.2,Moderate
37.43,56.15,68.5,72.64,22.51,48.3,Moderate
25.27,89.71,32.08,38.14,20.51,37.4,Moderate
18.08,97.84,94.1,67.2,41.83,69.7,High
34.18,66.68,37.22,49.09,25.09,31.7,Moderate
28.07,75.03,51.16,49.66,22.83,37.2,Moderate
33.52,70.85,61.99,36.05,20.96,37.9,Moderate
29.38,95.96,3.85,57.96,12.13,30.3,Moderate
30.29,38.3,0.55,41.68,10.42,10.8,Low
29.82,75.66,18.75,54.61,12.48,25.6,Moderate
31.49,59.09,53.48,63.63,34.41,46.0,Moderate
39.39,34.66,28.09,38.33,11.21,22.1,Low
32.86,64.59,28.21,22.39,12.85,17.6,Low
20.1,97.72,71.08,71.14,25.26,64.1,High
30.23,60.16,21.06,52.67,42.37,44.8,Moderate
33.71,81.86,5.67,41.33,7.29,19.7,Low
34.01,87.98,30.38,77.92,13.47,35.6,Moderate
25.87,69.81,15.17,31.82,26.49,25.7,Moderate
33.82,71.81,43.29,45.43,24.17,33.9,Moderate
32.64,44.26,16.43,43.85,18.12,16.6,Low
40.86,59.26,65.03,50.3,30.62,42.1,Moderate
24.25,83.61,66.19,54.64,17.18,43.6,Moderate
25.46,70.91,13.53,55.22,25.01,26.8,Moderate
26.47,75.51,9.34,28.55,18.66,28.4,Moderate
25.55,72.0,52.87,44.82,17.74,27.6,Moderate
23.55,100.0,10.14,47.21,15.74,35.7,Moderate
15.0,63.54,38.43,28.65,11.55,19.9,Low
25.83,94.08,7.24,36.31,21.76,38.1,Moderate
29.85,72.0,41.61,47.55,12.32,25.8,Moderate
25.53,95.41,69.24,68.64,17.62,48.3,Moderate
37.68,51.63,46.06,63.17,17.92,35.4,Moderate
28.07,72.77,12.84,37.09,5.46,16.0,Low
34.46,64.09,8.37,36.64,15.15,16.5,Low
29.31,72.09,41.29,48.92,22.18,40.4,Moderate
32.13,88.34,4.78,32.05,28.17,36.7,Moderate
29.4,75.68,22.78,62.35,16.32,30.3,Moderate
34.84,88.31,7.18,45.04,16.53,26.7,Moderate
28.28,59.95,4.16,55.45,15.56,17.6,Low
30.48,57.66,0.38,21.98,22.54,25.5,Moderate
29.83,70.24,46.79,70.15,44.79,48.4,Moderate
26.56,69.42,11.62,40.86,17.08,24.5,Low
30.02,67.21,45.23,61.09,18.8,37.7,Moderate
39.17,55.62,46.89,22.78,20.29,23.1,Low
26.65,87.98,38.85,72.99,21.01,42.2,Moderate
30.1,64.56,48.46,58.57,14.16,27.4,Moderate
34.29,91.39,26.33,72.17,16.11,41.5,Moderate
33.7,70.19,37.69,64.87,24.55,33.3,Moderate
28.06,79.73,83.67,33.57,32.29,43.4,Moderate
16.08,78.37,72.63,83.24,53.59,60.3,High
30.58,57.64,41.36,52.28,11.75,26.7,Moderate
16.9,75.51,11.99,48.83,20.22,19.2,Low
35.35,98.92,49.82,60.57,13.81,54.2,High
28.85,73.77,26.31,42.73,37.02,37.6,Moderate
33.0,83.52,21.21,36.36,15.15,29.2,Moderate
23.49,80.4,22.87,53.59,24.36,31.8,Moderate
20.24,74.61,49.42,39.81,11.01,28.2,Moderate
29.3,72.8,34.14,47.37,21.77,26.2,Moderate
27.83,78.21,46.32,72.24,37.04,49.9,Moderate
25.54,81.45,23.23,24.84,26.5,25.0,Moderate
28.42,49.72,57.6,52.18,23.21,42.7,Moderate
41.84,73.71,11.85,56.67,11.14,19.3,Low
32.17,67.24,47.87,39.48,24.95,37.6,Moderate
33.25,64.13,47.89,23.14,21.13,24.8,Low
32.22,89.44,65.62,28.24,34.75,54.5,High
35.4,59.0,19.63,34.82,10.29,11.7,Low
27.05,49.08,56.07,79.89,27.58,37.6,Moderate
17.73,81.94,61.5,45.08,28.44,47.2,Moderate
27.06,48.69,21.48,38.2,7.52,21.0,Low
32.06,41.08,23.01,43.85,13.57,20.2,Low
23.15,83.62,49.57,68.94,28.28,44.1,Moderate
27.12,72.38,26.72,57.21,13.83,25.8,Moderate
24.54,77.09,81.59,61.26,39.99,56.6,High
35.51,63.36,19.34,50.76,33.14,39.3,Moderate
31.75,49.23,53.57,69.66,21.28,36.6,Moderate
31.26,52.21,10.61,14.03,3.57,2.5,Low
31.11,65.92,46.79,45.73,18.79,31.4,Moderate
27.81,50.91,38.83,30.58,14.88,21.6,Low
28.99,74.61,52.73,42.56,44.02,53.7,High
22.07,63.06,30.14,55.3,14.21,25.2,Moderate
17.07,72.78,70.19,41.56,20.11,42.1,Moderate
28.75,72.33,65.39,92.53,24.11,46.7,Moderate
29.62,75.8,9.82,48.32,14.02,18.9,Low
34.05,77.49,57.09,46.21,14.76,36.8,Moderate
35.86,64.84,5.11,34.82,5.32,9.3,Low
35.85,72.76,11.01,19.53,9.32,14.1,Low
23.01,73.54,17.25,18.92,16.56,18.5,Low
26.24,33.57,23.39,37.41,27.43,26.1,Moderate
30.4,79.7,39.03,68.29,18.44,35.2,Moderate
40.66,72.25,22.59,21.81,14.24,17.6,Low
35.4,78.46,27.15,63.0,14.02,24.4,Low
33.6,50.7,61.17,53.62,26.17,39.4,Moderate
26.06,65.26,47.92,55.35,23.34,33.9,Moderate
23.58,53.63,47.93,52.87,35.18,41.2,Moderate
31.94,81.17,46.71,62.97,23.24,38.2,Moderate
22.5,48.92,11.29,55.42,25.0,31.0,Moderate
26.81,56.07,31.02,42.64,16.06,23.8,Low
27.43,78.01,2.85,43.65,6.76,9.5,Low
35.96,60.56,24.03,62.92,15.38,29.1,Moderate
26.23,56.07,22.16,54.97,46.13,41.9,Moderate
15.8,83.6,90.63,60.52,36.83,59.9,High
30.52,84.22,54.64,51.2,22.8,45.3,Moderate
24.5,80.83,38.31,33.61,17.37,28.1,Moderate
28.21,82.73,25.33,71.13,14.08,27.4,Moderate
27.57,66.53,25.55,48.54,19.19,26.8,Moderate
26.63,66.93,3.12,15.04,27.49,19.5,Low
31.95,60.28,38.19,35.77,18.24,24.3,Low
20.34,72.52,36.43,45.45,34.02,37.5,Moderate
25.41,62.08,30.93,65.95,55.1,48.9,Moderate
31.42,63.5,59.55,52.98,17.97,30.7,Moderate
24.93,79.0,36.31,56.77,15.68,32.4,Moderate
19.96,87.77,26.7,33.63,10.44,27.7,Moderate
31.34,75.97,15.65,50.14,13.0,23.5,Low
33.62,96.91,56.07,74.14,19.2,56.1,High
27.78,59.42,5.88,48.9,11.82,11.2,Low
18.2,42.43,10.63,5.0,3.74,5.6,Low
31.53,80.72,71.55,57.75,21.48,47.8,Moderate
19.7,58.42,34.17,31.09,32.5,41.5,Moderate
29.54,65.89,34.2,57.04,23.34,30.7,Moderate
23.56,43.45,17.77,42.27,13.46,16.9,Low
22.2,56.51,61.47,82.19,29.37,38.6,Moderate
25.79,47.47,74.37,56.05,30.96,44.4,Moderate
27.08,63.49,60.72,57.34,19.74,39.3,Moderate
24.78,64.08,48.98,50.3,26.59,41.1,Moderate
30.94,71.35,56.61,65.6,12.46,27.9,Moderate
25.77,88.6,13.2,25.05,34.62,37.7,Moderate
32.9,80.15,13.39,24.69,16.37,17.9,Low
29.41,45.67,51.6,44.61,28.74,33.5,Moderate
24.51,79.12,37.18,56.79,28.99,35.6,Moderate
23.67,71.68,24.47,59.15,65.42,61.3,High
19.76,68.53,19.03,40.27,52.55,47.5,Moderate
29.45,69.66,35.72,56.37,16.97,31.2,Moderate
26.23,73.07,13.07,47.2,20.48,31.0,Moderate
16.14,59.62,77.01,61.09,36.49,50.9,High
25.32,67.26,28.9,43.9,23.92,29.9,Moderate
23.49,87.76,18.55,52.93,9.62,29.6,Moderate
35.88,59.44,38.21,77.11,22.07,32.4,Moderate
19.49,54.55,46.17,65.98,40.86,51.2,High
20.79,69.07,22.95,61.07,15.74,29.4,Moderate
33.55,53.04,25.34,74.46,19.68,32.9,Moderate
34.78,44.16,74.87,50.73,20.67,36.0,Moderate
24.28,64.83,3.91,46.89,18.95,25.0,Moderate
24.84,91.73,49.24,74.08,29.22,60.3,High
31.08,69.42,5.38,50.97,8.26,19.0,Low
16.36,72.68,83.85,55.36,28.94,45.5,Moderate
18.69,38.05,27.55,32.69,10.55,26.1,Moderate
26.6,76.57,16.44,65.25,9.96,24.7,Low
35.75,71.4,13.06,45.81,29.39,37.8,Moderate
25.82,60.03,47.68,56.27,29.33,35.9,Moderate
28.5,72.7,24.69,43.93,13.19,20.5,Low
33.67,72.55,3.86,59.0,28.32,33.6,Moderate
38.53,54.11,84.23,79.09,18.29,33.8,Moderate
25.12,74.98,65.85,55.26,17.15,44.2,Moderate
27.92,87.96,2.26,49.46,10.12,29.4,Moderate
37.11,66.58,57.51,57.8,24.06,36.4,Moderate
20.39,56.99,26.56,57.38,50.75,53.4,High
33.14,67.34,29.12,65.53,11.91,26.9,Moderate
22.91,82.82,28.31,63.45,13.0,28.8,Moderate
28.51,51.61,30.39,19.75,24.97,23.2,Low
26.79,78.68,12.04,46.92,15.47,26.7,Moderate
23.21,59.83,0.84,57.46,21.76,27.8,Moderate
23.08,73.63,14.42,29.26,17.41,22.5,Low
29.38,61.54,40.87,79.14,26.76,35.9,Moderate
32.98,61.49,35.31,56.67,10.1,27.4,Moderate
27.35,92.85,21.69,56.97,16.93,42.1,Moderate
28.35,48.86,24.47,57.93,34.94,45.1,Moderate
30.86,77.28,21.52,22.36,46.95,39.7,Moderate
23.14,95.97,55.37,69.31,27.82,54.9,High
31.7,80.28,43.96,57.78,51.25,49.8,Moderate
32.1,50.03,56.29,47.98,25.2,37.9,Moderate
41.02,50.78,51.63,77.42,26.85,45.6,Moderate
26.12,58.73,21.94,14.26,19.34,29.1,Moderate
25.71,72.37,5.6,27.77,8.66,15.8,Low
31.84,73.39,12.54,61.19,12.69,28.6,Moderate
32.1,50.92,2.86,51.14,9.35,17.1,Low
25.32,56.91,56.34,46.66,15.89,34.7,Moderate
25.98,57.83,73.38,50.0,15.93,34.1,Moderate
30.71,67.29,50.93,50.4,23.82,37.7,Moderate
23.86,99.77,15.04,46.14,11.12,33.3,Moderate
25.95,56.0,54.48,48.91,19.54,38.4,Moderate
28.45,55.35,39.77,49.13,21.47,40.6,Moderate
32.98,53.0,68.25,61.78,40.48,52.7,High
24.98,79.53,89.51,62.99,19.1,43.0,Moderate
18.79,69.38,25.56,39.03,23.3,44.6,Moderate
18.42,56.56,9.12,22.45,12.58,20.2,Low
21.7,64.56,39.29,50.26,13.3,33.5,Moderate
21.43,58.13,28.02,46.02,16.76,27.8,Moderate
27.23,74.44,20.46,30.01,24.37,23.3,Low
22.06,100.0,33.34,52.81,27.72,52.1,High
24.49,78.26,47.52,71.2,16.14,35.3,Moderate
24.13,68.61,4.13,39.3,14.31,18.7,Low
25.8,60.03,32.63,54.77,18.98,25.7,Moderate
34.61,49.85,45.76,67.73,13.88,31.4,Moderate
31.31,81.01,71.1,61.26,21.12,38.0,Moderate
28.08,80.19,33.26,61.93,17.97,26.4,Moderate
25.69,63.01,34.29,14.35,41.88,35.2,Moderate
25.83,88.2,21.23,33.7,21.51,32.3,Moderate
29.64,70.32,0.73,20.62,12.97,13.4,Low
30.92,81.62,7.06,60.51,22.72,29.3,Moderate
23.46,74.44,64.37,68.89,20.93,48.3,Moderate
28.18,67.34,48.27,35.64,23.88,33.3,Moderate
17.84,55.68,11.42,26.24,7.31,6.0,Low
29.06,67.82,40.47,30.48,13.42,23.4,Low
31.81,82.63,25.24,50.62,14.1,26.7,Moderate
26.6,62.38,0.48,39.95,4.66,2.7,Low
37.08,76.6,27.94,40.32,27.65,32.6,Moderate
23.59,53.76,51.47,41.74,30.33,36.5,Moderate
29.09,81.7,45.23,52.24,14.34,31.2,Moderate
27.82,74.69,73.75,100.0,19.26,47.8,Moderate
27.5,51.97,25.79,40.14,21.97,26.9,Moderate
27.43,66.64,38.94,67.65,15.29,30.7,Moderate
28.54,83.97,31.54,43.41,25.01,33.5,Moderate
32.24,51.11,24.49,59.97,23.37,33.4,Moderate
34.89,53.94,11.87,50.05,29.23,28.9,Moderate
27.99,68.96,30.84,47.15,13.58,27.7,Moderate
32.08,100.0,42.15,61.18,17.32,45.0,Moderate
24.49,59.91,69.3,79.07,19.86,40.5,Moderate
31.83,77.43,44.63,53.47,11.23,30.0,Moderate
24.19,73.9,78.26,61.51,24.44,40.3,Moderate
33.45,61.16,36.33,59.53,36.62,40.0,Moderate
39.05,72.42,57.56,81.44,23.19,44.8,Moderate
27.39,63.28,24.4,24.52,10.15,14.7,Low
17.04,64.63,20.43,24.97,4.78,18.5,Low
25.26,45.08,74.92,84.27,21.59,44.9,Moderate
34.16,69.63,33.53,40.45,14.69,24.2,Low
30.77,83.49,12.18,59.77,21.7,33.8,Moderate
29.24,70.86,81.52,55.26,34.09,50.7,High
33.04,86.36,36.82,42.69,9.91,29.4,Moderate
30.42,78.7,28.99,62.58,15.3,27.9,Moderate
34.09,69.11,5.28,49.69,17.26,21.6,Low
32.6,60.58,49.17,37.03,29.57,33.0,Moderate
35.61,62.71,70.49,70.46,20.64,44.3,Moderate
29.79,47.94,58.78,47.38,33.19,40.3,Moderate
32.53,65.99,42.24,58.15,23.04,39.1,Moderate
26.46,72.19,29.93,48.23,18.19,24.4,Low
24.99,95.73,46.28,50.47,15.95,48.9,Moderate
36.53,77.92,25.56,36.53,20.04,23.6,Low
29.08,57.03,38.99,25.43,8.17,22.6,Low
32.02,48.41,48.73,44.43,19.06,29.6,Moderate
28.62,66.9,44.6,62.87,28.49,40.6,Moderate
25.07,82.18,56.58,63.49,23.93,39.8,Moderate
28.05,66.69,9.33,27.62,14.47,14.6,Low
35.18,78.13,4.08,54.88,11.13,17.9,Low
30.78,67.28,69.02,66.54,26.25,47.0,Moderate
19.44,80.76,76.1,72.86,34.11,55.6,High
26.92,46.04,43.62,36.7,19.37,31.1,Moderate
36.91,94.06,32.45,75.46,27.85,52.1,High
26.93,53.31,45.4,60.17,10.6,36.2,Moderate
19.0,81.91,48.62,77.18,23.44,38.8,Moderate
37.47,65.92,57.17,47.7,25.99,38.1,Moderate
31.41,68.26,22.16,17.47,27.2,17.1,Low
27.65,66.38,28.98,33.14,26.96,32.4,Moderate
26.14,73.83,31.71,63.9,48.88,46.6,Moderate
33.41,76.86,38.87,33.84,36.95,39.5,Moderate
25.29,85.88,4.23,61.05,11.8,22.9,Low
33.74,91.12,35.89,38.89,18.57,37.2,Moderate
30.71,74.98,81.54,71.56,18.6,44.2,Moderate
29.22,95.71,42.99,55.77,12.8,39.6,Moderate
28.73,71.39,65.77,55.57,16.89,37.6,Moderate
27.13,86.16,36.84,45.54,14.0,30.4,Moderate
33.23,76.43,9.55,25.76,5.87,10.0,Low
23.67,61.76,36.67,79.42,24.05,40.4,Moderate
19.89,72.72,3.45,46.16,9.88,17.7,Low
31.07,77.55,11.05,16.69,18.5,12.4,Low
31.16,69.52,39.6,30.69,15.44,24.3,Low
30.4,76.19,28.86,55.25,12.34,21.6,Low
30.04,82.98,18.37,43.44,19.36,33.6,Moderate
26.4,69.65,16.82,15.82,56.78,41.0,Moderate
31.94,25.84,42.5,90.13,19.41,34.0,Moderate
27.77,95.17,69.49,19.66,30.39,53.1,High
25.56,65.54,35.61,42.68,9.33,24.7,Low
26.44,57.65,85.66,67.42,24.62,44.2,Moderate
38.1,53.14,82.31,55.73,24.62,44.7,Moderate
19.33,64.95,41.18,64.36,34.01,43.8,Moderate
30.5,61.56,17.21,50.87,28.49,25.2,Moderate
19.6,58.94,26.63,48.6,13.94,26.1,Moderate
27.46,59.77,31.62,47.14,30.8,33.7,Moderate
25.83,77.95,10.65,48.94,9.94,14.6,Low
17.57,100.0,51.19,51.92,20.78,59.2,High
29.95,82.31,17.19,20.5,40.28,33.4,Moderate
26.1,86.84,64.23,74.14,19.23,49.5,Moderate
17.5,64.34,69.63,87.77,35.02,55.2,High
32.2,71.57,26.48,47.69,12.48,17.2,Low
35.18,76.4,6.22,40.9,22.44,21.6,Low
35.45,60.11,54.97,55.86,23.44,33.3,Moderate
29.79,63.61,62.17,39.15,19.04,37.5,Moderate
28.23,82.82,16.27,34.7,7.47,22.1,Low
34.64,86.35,46.44,65.36,18.05,46.3,Moderate
36.41,71.01,49.05,58.15,26.55,35.2,Moderate
33.67,52.07,4.99,64.67,57.47,58.1,High
23.29,65.57,8.92,51.52,20.86,29.1,Moderate
29.01,48.38,21.53,38.62,30.05,37.7,Moderate
30.2,71.13,26.31,56.53,16.05,27.9,Moderate
18.95,73.83,57.96,54.55,20.25,35.6,Moderate
30.35,65.94,45.01,28.29,17.03,24.0,Low
39.36,73.63,21.55,60.47,48.96,52.4,High
31.2,76.25,30.32,55.48,15.94,27.7,Moderate
35.37,73.85,46.96,97.81,17.52,39.1,Moderate
28.91,51.98,41.17,43.63,10.77,29.0,Moderate
27.63,66.2,14.35,53.3,11.6,24.5,Low
29.91,76.15,19.88,33.12,7.2,16.1,Low
23.92,93.68,19.34,31.03,19.43,36.3,Moderate
23.18,65.92,13.08,76.82,18.37,30.1,Moderate
34.33,78.26,54.74,25.49,25.19,34.9,Moderate
34.86,83.17,0.15,36.73,25.98,32.4,Moderate
23.04,67.05,31.32,74.28,14.81,32.5,Moderate
32.84,87.23,46.09,30.15,20.41,35.5,Moderate
27.57,88.03,55.06,48.8,21.01,47.8,Moderate
29.7,90.71,48.05,67.59,16.91,41.5,Moderate
30.3,76.88,68.13,42.95,17.21,35.0,Moderate
32.97,100.0,68.81,66.17,36.28,67.1,High
28.41,60.77,59.21,46.01,22.43,35.0,Moderate
35.05,100.0,46.55,73.51,14.51,49.6,Moderate
29.55,81.52,54.1,75.62,30.24,50.9,High
31.12,90.11,6.43,32.19,9.75,24.4,Low
23.83,65.2,22.31,5.0,14.89,24.2,Low
38.79,82.67,36.29,57.57,9.81,26.6,Moderate
30.35,91.4,58.97,73.12,19.35,47.0,Moderate
31.56,53.69,10.59,48.71,19.71,19.2,Low
19.96,67.55,60.68,64.33,16.56,31.3,Moderate
23.89,37.88,14.53,46.19,7.76,13.7,Low
34.19,67.33,9.49,35.32,10.27,13.5,Low
29.43,57.76,52.87,44.14,23.73,33.3,Moderate
18.43,66.73,62.88,59.64,33.75,47.5,Moderate
33.19,100.0,33.84,45.28,27.54,48.4,Moderate
25.28,95.77,38.52,60.69,27.6,58.2,High
35.06,48.41,18.55,30.55,33.03,30.9,Moderate
27.56,78.34,75.07,56.61,35.76,54.0,High
29.02,81.98,32.17,49.23,22.91,30.4,Moderate
33.89,64.93,73.39,50.96,24.96,40.7,Moderate
23.51,72.67,7.85,18.49,13.1,16.8,Low
23.04,74.14,56.14,65.9,19.42,39.5,Moderate
27.02,49.8,59.69,37.87,19.67,36.8,Moderate
32.14,54.53,34.9,51.58,13.7,21.3,Low
21.35,72.58,8.61,47.55,22.42,36.7,Moderate
19.66,71.49,30.74,68.62,12.61,34.7,Moderate
32.12,59.37,58.13,91.47,32.68,50.9,High
24.99,58.08,26.2,65.46,57.52,55.5,High
26.04,68.65,14.61,31.04,6.77,15.9,Low
18.72,83.29,33.53,43.79,24.97,31.9,Moderate
24.61,68.85,63.23,63.17,19.61,33.4,Moderate
27.96,94.34,5.36,37.46,26.21,34.0,Moderate
32.65,59.56,19.18,45.52,19.03,20.5,Low
24.14,72.9,45.82,71.23,14.31,39.9,Moderate
36.29,64.69,15.25,43.76,16.2,21.0,Low
24.58,78.82,38.02,63.5,22.78,40.1,Moderate
24.58,58.28,91.26,51.44,23.18,44.0,Moderate
35.69,98.91,95.65,77.14,29.38,70.1,High
29.06,44.64,49.38,28.61,15.97,26.1,Moderate
25.24,95.73,35.42,65.59,17.5,43.2,Moderate
27.22,71.35,72.47,58.97,14.44,44.1,Moderate
34.77,78.29,34.32,27.69,8.39,20.8,Low
35.33,90.02,43.75,47.5,11.35,41.4,Moderate
23.92,82.86,1.43,43.99,8.86,19.3,Low
27.79,59.05,74.59,43.87,14.54,40.4,Moderate
28.45,79.0,21.5,30.69,8.29,18.3,Low
23.07,98.01,70.99,55.26,24.95,57.1,High
27.72,56.69,15.6,54.31,22.73,22.6,Low
28.03,100.0,26.49,15.43,12.63,39.0,Moderate
33.7,75.79,21.36,50.7,18.31,33.3,Moderate
34.04,63.5,32.85,44.03,19.85,33.1,Moderate
26.35,56.6,24.24,60.91,44.66,43.3,Moderate
26.93,66.65,51.09,60.25,12.97,34.7,Moderate
31.32,40.67,46.74,73.09,20.4,32.0,Moderate
25.07,63.77,45.39,58.39,12.31,25.4,Moderate
30.94,66.06,31.82,29.31,18.07,22.7,Low
27.56,53.88,10.37,46.41,8.37,14.3,Low
23.15,81.22,64.31,66.23,19.54,43.4,Moderate
23.22,66.72,41.08,40.24,10.12,27.7,Moderate
35.24,60.46,69.61,52.48,20.37,37.1,Moderate
27.22,65.12,59.02,20.78,17.07,35.8,Moderate
36.2,75.33,0.18,47.27,11.91,15.9,Low
25.43,71.1,77.59,61.17,31.99,54.2,High
29.46,59.49,67.09,51.0,23.1,38.1,Moderate
39.96,71.88,55.0,40.21,15.07,30.8,Moderate
22.71,69.24,33.91,40.45,16.94,27.5,Moderate
18.51,52.91,52.89,61.09,16.97,37.4,Moderate
34.43,65.67,55.89,58.26,14.63,32.5,Moderate
23.87,78.69,16.74,36.83,10.41,12.5,Low
27.9,78.58,86.06,47.71,18.27,44.1,Moderate
25.07,66.55,66.13,53.93,29.12,43.9,Moderate
29.34,80.15,20.4,30.51,29.28,37.8,Moderate
23.25,55.3,41.99,47.25,18.63,25.4,Moderate
27.1,55.77,53.56,63.87,15.45,33.0,Moderate
30.25,66.23,60.14,48.73,39.54,41.7,Moderate
22.96,92.46,32.66,72.26,56.32,67.7,High
24.5,72.45,37.31,40.22,9.15,23.6,Low
26.26,65.87,37.71,23.18,14.97,29.5,Moderate
20.86,93.16,29.89,42.8,11.67,36.9,Moderate
25.89,65.7,16.76,32.47,6.81,13.7,Low
28.59,100.0,1.84,87.49,20.28,47.3,Moderate
26.0,62.33,71.4,53.69,16.83,41.2,Moderate
26.64,54.82,13.36,17.38,6.62,5.0,Low
27.9,67.5,37.5,48.74,29.93,39.5,Moderate
24.72,66.26,35.4,44.94,16.9,25.2,Moderate
31.46,57.88,35.88,30.07,24.47,28.7,Moderate
35.18,100.0,24.01,48.8,31.36,52.6,High
25.68,74.78,47.47,60.11,58.06,53.0,High
30.43,76.96,70.71,60.97,23.19,36.7,Moderate
26.8,63.07,53.29,49.65,37.19,47.9,Moderate
29.83,61.33,53.46,48.18,26.51,36.7,Moderate
35.83,85.38,7.84,28.39,15.33,23.3,Low
30.54,44.86,75.02,42.04,24.17,40.9,Moderate
19.13,52.86,43.6,72.53,24.21,33.3,Moderate
30.27,66.29,61.28,93.01,24.36,43.1,Moderate
34.16,90.27,30.11,30.13,8.35,24.9,Low
26.89,64.38,93.24,58.6,20.56,35.9,Moderate
32.98,76.24,46.43,35.02,9.23,23.8,Low
24.55,70.42,17.28,54.41,21.5,28.0,Moderate
20.57,89.44,10.17,23.33,5.22,22.2,Low
28.71,46.23,3.55,46.72,7.68,16.3,Low
19.22,81.04,50.89,59.23,15.26,27.3,Moderate
26.8,67.02,28.02,42.51,16.61,19.1,Low
34.43,83.87,60.42,76.54,29.07,47.5,Moderate
18.45,57.71,63.78,52.08,25.02,41.0,Moderate
21.6,70.37,26.98,44.48,26.27,30.1,Moderate
22.84,68.46,8.13,19.59,23.86,19.3,Low
27.68,54.96,74.39,24.42,24.97,43.2,Moderate
26.17,50.79,27.9,60.66,15.18,29.6,Moderate
35.0,61.29,59.14,46.43,12.88,33.7,Moderate
32.77,71.95,20.21,59.42,13.24,26.4,Moderate
30.48,58.65,9.03,32.88,8.03,10.1,Low
28.73,65.05,42.54,48.26,19.43,34.7,Moderate
29.97,41.71,34.1,50.02,27.75,44.5,Moderate
23.69,64.44,43.59,42.17,14.5,30.3,Moderate
32.29,85.35,16.81,16.66,47.4,43.0,Moderate
22.44,80.58,23.41,30.12,9.46,13.4,Low
32.18,68.7,79.11,48.44,21.39,38.1,Moderate
33.93,73.65,76.44,61.25,17.95,43.5,Moderate
29.05,57.58,32.94,63.28,14.12,31.0,Moderate
27.12,94.37,5.97,26.21,14.51,25.6,Moderate
30.0,100.0,23.97,41.9,15.86,43.7,Moderate
15.0,72.47,41.16,52.99,24.4,31.7,Moderate
29.51,100.0,61.74,44.7,26.35,60.5,High
27.43,59.8,31.56,51.83,28.27,37.6,Moderate
27.75,51.23,45.01,67.26,23.44,41.2,Moderate
31.53,59.36,25.42,49.8,14.55,23.0,Low
27.63,66.71,17.53,40.38,13.3,24.1,Low
22.3,100.0,65.52,45.32,23.04,56.4,High
27.29,65.78,97.68,67.41,26.45,52.9,High
28.34,57.11,78.61,51.22,24.89,43.5,Moderate
28.57,56.52,33.67,37.98,9.44,18.1,Low
28.81,87.1,51.01,51.02,17.27,40.6,Moderate
33.2,84.96,7.22,34.4,4.77,19.2,Low
22.57,62.72,27.67,60.18,38.09,37.4,Moderate
28.88,41.86,19.69,33.07,15.06,22.9,Low
34.45,53.07,50.57,58.53,27.47,41.7,Moderate
19.33,95.82,23.5,36.26,23.36,39.2,Moderate
28.9,80.33,32.19,32.6,30.79,35.9,Moderate
25.07,70.98,38.6,57.61,20.31,30.7,Moderate
26.15,98.03,5.57,43.23,9.88,35.0,Moderate
23.48,99.37,30.9,36.81,18.32,40.0,Moderate
27.15,69.46,12.42,5.0,21.11,24.7,Low
37.21,69.74,30.97,62.65,14.22,33.5,Moderate
21.68,61.27,59.07,67.33,20.18,42.0,Moderate
22.15,65.73,23.93,60.69,12.9,33.4,Moderate
21.49,47.71,42.75,68.08,19.79,40.2,Moderate
36.64,47.64,24.2,43.69,23.35,32.4,Moderate
25.69,44.16,5.95,30.84,15.21,23.7,Low
27.87,86.27,35.19,20.44,11.52,26.1,Moderate
25.99,46.58,17.74,43.24,22.68,24.5,Low
23.28,99.25,13.57,33.01,8.08,36.6,Moderate
26.82,59.04,9.9,26.72,35.51,30.4,Moderate
40.29,96.06,40.94,28.95,35.13,55.8,High
34.96,64.52,76.64,46.37,47.12,53.0,High
23.74,46.51,81.14,43.21,18.68,35.6,Moderate
31.24,89.26,19.84,56.84,10.82,25.3,Moderate
23.84,91.03,13.89,56.59,28.58,37.8,Moderate
19.12,56.41,51.5,41.89,36.47,44.3,Moderate
33.1,65.03,44.1,68.8,24.36,32.8,Moderate
33.8,56.41,40.8,50.82,43.75,42.5,Moderate
33.23,68.19,71.56,82.07,18.89,40.1,Moderate
25.65,71.62,64.16,66.4,35.35,47.9,Moderate
27.17,64.73,33.35,56.16,23.01,33.5,Moderate
31.75,42.72,32.96,50.21,11.12,31.7,Moderate
29.96,61.29,22.73,32.13,29.97,34.3,Moderate
26.03,80.55,15.93,20.77,6.58,12.2,Low
19.9,66.87,80.9,66.39,33.25,51.8,High
28.57,65.09,42.82,48.56,33.35,38.3,Moderate
33.4,56.04,31.17,84.9,12.18,33.8,Moderate
22.01,60.85,37.36,59.29,33.22,43.0,Moderate
31.19,91.13,47.71,39.03,17.99,38.3,Moderate
29.66,52.9,28.57,43.73,15.0,26.2,Moderate
31.75,80.81,16.9,35.39,11.8,22.4,Low
32.36,70.71,5.77,36.43,18.46,21.6,Low
24.53,73.67,23.06,23.4,10.19,19.6,Low
19.92,59.01,16.79,54.49,38.15,40.7,Moderate
25.33,64.72,47.55,45.71,36.1,51.3,High
32.45,69.91,38.65,58.34,22.88,39.6,Moderate
25.29,62.19,80.79,54.22,28.34,42.7,Moderate
24.53,74.97,59.49,49.86,12.89,33.1,Moderate
18.89,76.86,20.28,51.0,13.58,32.6,Moderate
36.76,100.0,54.37,22.96,12.96,45.1,Moderate
32.13,74.17,65.01,72.56,24.7,51.6,High
31.85,41.32,41.27,71.49,18.33,44.0,Moderate
32.84,87.45,41.88,71.42,20.53,39.1,Moderate
30.88,66.94,27.5,34.11,18.8,25.6,Moderate
26.78,100.0,15.96,45.11,7.21,35.5,Moderate
27.18,92.06,9.34,31.57,8.81,20.7,Low
25.86,62.42,16.22,18.38,22.1,28.3,Moderate
41.17,80.83,12.16,40.59,12.31,22.1,Low
30.78,61.09,13.1,17.74,19.57,13.7,Low
25.68,70.04,15.79,49.52,36.22,37.9,Moderate
30.33,80.14,16.12,52.92,26.65,28.7,Moderate
22.95,86.7,1.89,55.03,7.38,22.5,Low
35.52,83.43,21.42,50.18,7.65,13.6,Low
24.69,71.12,19.13,35.49,16.65,22.3,Low
30.51,100.0,20.44,39.32,11.17,41.1,Moderate
33.33,64.52,63.7,59.14,23.6,39.0,Moderate
29.92,45.89,22.65,64.87,13.73,18.6,Low
28.47,48.78,55.82,76.64,15.71,36.0,Moderate
28.05,92.11,10.36,37.36,27.37,37.8,Moderate
27.72,68.85,49.54,67.08,23.42,45.2,Moderate
25.12,72.39,62.76,49.23,18.24,37.7,Moderate
25.75,61.86,5.99,43.64,48.33,39.8,Moderate
35.4,63.21,50.03,47.27,10.06,22.5,Low
27.46,58.19,29.69,49.05,11.88,23.9,Low
24.07,77.07,59.82,43.61,34.86,52.6,High
25.42,68.54,50.0,31.19,13.34,28.5,Moderate
33.5,76.53,62.85,38.3,18.44,37.1,Moderate
31.38,75.09,63.7,66.04,34.99,39.4,Moderate
30.8,63.61,28.13,28.13,13.24,25.1,Moderate
26.71,48.12,32.93,41.41,23.87,31.0,Moderate
30.87,46.81,6.75,50.72,18.78,23.2,Low
24.78,100.0,33.92,63.68,39.08,62.6,High
26.7,92.17,69.43,44.61,22.63,50.7,High
32.85,90.1,69.63,23.36,19.09,41.5,Moderate
32.37,59.88,36.68,35.79,40.39,39.3,Moderate
23.09,70.14,82.55,66.9,22.14,39.8,Moderate
23.72,57.77,46.22,61.24,26.82,37.4,Moderate
28.54,50.32,15.8,22.84,14.77,22.7,Low
36.63,61.17,15.06,13.77,22.52,19.7,Low
18.42,89.89,69.81,45.82,22.91,51.6,High
29.39,82.61,5.16,29.02,10.99,13.7,Low
21.12,55.45,63.03,88.38,37.07,47.8,Moderate
24.83,65.28,45.23,52.48,19.66,31.4,Moderate
26.18,81.24,18.37,51.16,26.51,36.6,Moderate
25.9,61.44,95.65,84.98,46.33,59.9,High
25.33,71.19,36.36,40.98,29.12,42.6,Moderate
28.04,76.03,26.77,45.88,10.04,31.0,Moderate
25.32,75.86,32.46,50.16,16.06,31.0,Moderate
20.69,73.81,49.32,61.36,20.59,34.2,Moderate
31.9,60.19,73.64,58.84,32.08,46.0,Moderate
31.76,61.74,11.63,54.73,17.29,21.7,Low
32.22,53.0,36.05,64.17,36.77,40.4,Moderate
20.3,46.58,43.02,45.8,15.34,27.3,Moderate
29.49,68.28,13.31,51.04,27.69,23.7,Low
31.38,82.24,44.84,56.53,24.14,40.4,Moderate
22.84,49.3,24.96,83.66,17.75,27.3,Moderate
28.05,74.09,14.03,53.35,20.15,23.6,Low
27.42,81.77,71.0,65.64,55.25,62.0,High
37.21,42.45,61.75,48.07,24.51,39.6,Moderate
37.62,65.94,34.71,31.63,16.75,30.1,Moderate
19.68,94.69,19.28,49.66,22.63,37.7,Moderate
40.47,78.28,34.02,21.28,17.85,29.9,Moderate
23.42,41.94,3.89,60.72,13.12,15.9,Low
32.9,79.88,71.22,29.04,19.96,33.0,Moderate
32.85,58.78,13.11,24.15,3.71,15.0,Low
23.02,80.37,28.77,60.07,46.04,41.3,Moderate
30.47,59.65,39.4,48.26,31.06,35.8,Moderate
27.46,69.2,85.4,67.64,17.32,39.4,Moderate
30.77,61.94,49.21,41.91,14.75,27.3,Moderate
29.15,70.05,50.9,50.9,18.09,30.6,Moderate
33.98,61.49,73.14,70.86,29.92,41.5,Moderate
28.38,66.65,30.62,33.23,23.15,31.5,Moderate
27.16,52.37,45.31,46.93,18.82,32.6,Moderate
33.48,77.36,29.69,45.47,13.47,28.8,Moderate
30.9,72.63,32.91,42.46,10.13,21.6,Low
31.66,45.75,41.35,60.74,26.22,36.5,Moderate
24.68,84.89,28.85,51.99,12.72,33.4,Moderate
22.77,67.36,37.16,46.44,24.37,34.3,Moderate
25.16,72.43,35.28,21.76,33.11,38.3,Moderate
24.9,81.47,42.57,67.63,23.19,42.3,Moderate
31.93,74.92,20.85,28.44,8.99,17.9,Low
32.88,87.48,15.89,67.2,7.8,28.9,Moderate
27.22,65.6,16.63,28.15,6.91,14.8,Low
35.15,85.52,7.5,41.44,29.3,34.7,Moderate
34.84,71.84,34.2,56.51,53.01,50.1,High
29.22,77.61,25.76,41.07,9.51,22.6,Low
23.89,76.05,17.55,45.82,19.63,27.1,Moderate
35.88,88.61,19.18,37.47,23.86,33.0,Moderate
27.69,80.82,27.31,72.89,32.14,43.0,Moderate
28.63,63.36,45.7,54.03,69.75,69.4,High
26.3,60.38,15.81,38.79,5.91,15.8,Low
23.55,69.25,35.21,50.99,13.4,27.3,Moderate
20.66,58.6,40.63,66.2,14.39,31.5,Moderate
31.16,54.22,33.22,52.48,38.19,33.9,Moderate
24.08,38.08,54.32,56.76,29.89,39.6,Moderate
42.0,46.76,74.39,39.52,39.96,58.6,High
22.57,99.78,8.48,55.3,9.81,36.8,Moderate
21.71,60.15,77.78,67.48,48.28,56.7,High
30.55,98.55,20.09,35.35,20.81,41.6,Moderate
35.65,76.05,35.95,52.48,13.87,25.7,Moderate
28.32,69.25,8.37,58.79,19.76,26.9,Moderate
30.86,47.49,21.13,53.12,23.16,30.1,Moderate
18.78,70.07,55.68,84.02,27.87,45.5,Moderate
24.61,98.38,49.55,65.46,35.51,65.6,High
22.63,93.36,35.46,18.47,18.52,31.8,Moderate
18.52,74.11,12.57,58.31,15.1,25.7,Moderate
28.58,52.77,42.22,23.63,11.7,26.6,Moderate
16.79,55.64,87.57,85.91,35.23,56.0,High
21.39,57.21,29.59,58.63,25.56,37.3,Moderate
25.31,89.17,35.01,72.45,16.37,39.4,Moderate
23.84,94.48,63.05,63.71,25.94,51.1,High
29.98,72.94,12.97,43.83,12.77,13.1,Low
29.53,65.45,73.59,79.34,21.78,42.8,Moderate
32.47,93.23,30.98,28.19,41.13,49.9,Moderate
31.76,55.32,3.66,36.89,9.78,23.8,Low
33.7,70.78,38.22,44.93,43.45,45.5,Moderate
27.99,76.94,54.43,47.61,27.36,37.4,Moderate
29.52,57.06,47.29,42.99,27.64,38.8,Moderate
30.56,60.46,82.75,66.33,20.38,42.3,Moderate
28.71,59.29,67.26,69.31,43.13,59.1,High
26.01,91.25,52.38,75.64,16.96,53.0,High
26.34,98.72,41.87,45.38,22.33,49.9,Moderate
23.91,71.72,18.45,35.94,52.36,38.0,Moderate
30.11,65.98,56.21,12.36,18.69,28.2,Moderate
27.53,61.0,56.05,76.59,20.24,38.9,Moderate
24.68,70.03,18.14,20.98,11.93,24.1,Low
24.69,61.75,2.51,43.08,11.27,18.7,Low
21.95,68.54,52.77,57.86,17.03,32.6,Moderate
32.89,76.2,36.67,62.69,32.11,46.6,Moderate
28.39,63.92,65.59,44.76,28.96,41.6,Moderate
23.69,67.16,75.9,70.18,25.4,45.9,Moderate
32.04,67.22,26.54,68.72,21.88,31.1,Moderate
25.2,65.24,20.93,45.81,8.34,24.4,Low
20.97,63.38,23.87,30.21,6.76,14.7,Low
33.11,81.43,50.96,30.83,23.26,37.6,Moderate
25.31,43.44,30.72,68.09,14.92,30.2,Moderate
25.96,93.61,16.28,34.11,28.89,41.9,Moderate
28.21,72.03,17.88,37.65,9.68,22.5,Low
33.71,79.15,12.46,77.29,8.53,29.7,Moderate
28.1,80.88,77.13,75.84,18.07,39.3,Moderate
22.0,59.38,83.27,81.33,30.73,52.1,High
30.72,56.28,22.33,67.44,10.76,23.7,Low
25.58,54.52,56.41,31.34,20.68,32.9,Moderate
37.44,66.29,13.15,62.62,8.95,18.8,Low
27.99,80.49,37.67,73.25,16.98,30.0,Moderate
16.82,61.24,51.72,46.41,20.79,33.7,Moderate
29.79,79.12,60.97,67.62,28.92,49.4,Moderate
37.72,34.48,41.74,64.12,15.91,29.9,Moderate
35.88,64.22,16.81,30.27,12.17,20.3,Low
37.15,87.51,69.03,72.88,18.81,54.1,High
22.9,67.44,10.79,29.25,10.26,16.8,Low
32.56,57.56,47.84,90.63,23.08,45.6,Moderate
24.39,60.15,89.81,68.86,29.12,55.6,High
29.12,25.0,21.59,51.06,22.93,33.1,Moderate
21.64,54.82,49.82,28.02,20.42,38.6,Moderate
24.78,85.86,41.79,55.57,14.35,34.6,Moderate
24.62,61.26,51.26,71.24,22.41,42.7,Moderate
32.49,63.03,45.76,37.6,41.34,45.1,Moderate
32.0,35.02,53.49,45.89,13.32,30.8,Moderate
29.38,45.54,36.05,36.95,20.82,30.2,Moderate
21.25,87.85,43.93,33.06,37.18,52.6,High
26.44,79.26,60.11,36.61,19.73,32.5,Moderate
24.27,50.54,90.13,81.99,30.39,55.4,High
32.35,60.54,51.49,34.03,18.02,25.3,Moderate
33.89,69.56,23.79,16.57,20.82,20.4,Low
33.28,52.06,33.3,38.67,19.08,25.1,Moderate
24.22,39.94,44.45,51.31,16.02,31.9,Moderate
15.0,67.61,29.92,54.18,12.95,27.7,Moderate
19.17,78.59,9.84,25.13,27.14,31.8,Moderate
35.11,78.88,28.43,36.13,10.22,25.5,Moderate
25.99,83.13,29.91,53.58,26.97,37.6,Moderate
24.25,46.7,14.31,53.58,10.85,32.4,Moderate
36.21,70.87,21.46,61.16,16.31,28.2,Moderate
34.33,65.97,1.56,42.74,51.35,36.1,Moderate
28.12,68.69,25.78,19.16,6.73,10.6,Low
26.53,66.82,37.21,34.9,23.94,34.1,Moderate
27.34,60.09,24.06,62.23,36.44,34.0,Moderate
29.14,25.0,28.55,71.56,15.83,29.3,Moderate
36.0,87.43,88.45,64.64,30.95,57.1,High
30.11,74.95,47.85,49.11,21.78,42.5,Moderate
31.63,47.74,38.53,33.47,20.86,24.0,Low
33.85,77.1,39.93,70.28,20.59,39.9,Moderate
22.15,63.29,31.98,30.32,12.73,20.9,Low
31.77,63.72,54.26,83.42,40.87,51.4,High
26.53,58.47,51.69,51.87,31.74,47.8,Moderate
15.42,78.05,23.67,30.39,11.86,18.5,Low
17.36,58.0,22.77,16.22,17.63,17.3,Low
22.91,53.55,74.67,57.08,25.41,41.6,Moderate
30.66,86.98,8.59,36.11,12.43,20.4,Low
28.57,67.32,74.12,56.16,24.16,36.8,Moderate
28.92,67.79,29.39,45.36,23.18,27.7,Moderate
37.75,80.39,73.0,81.34,26.32,42.5,Moderate
21.65,59.99,16.17,49.94,9.04,16.1,Low
27.86,62.98,25.85,46.97,10.95,19.0,Low
29.52,74.59,35.8,64.65,27.91,39.5,Moderate
24.32,46.88,28.93,31.38,8.01,13.1,Low
28.14,73.32,52.62,64.12,22.96,41.4,Moderate
20.0,58.66,63.53,67.65,28.31,36.1,Moderate
35.05,82.83,12.16,61.75,18.44,25.9,Moderate
24.59,78.2,38.59,27.95,10.0,21.4,Low
38.16,76.22,10.99,25.85,4.34,10.7,Low
27.84,45.9,27.36,32.42,8.04,18.2,Low
33.14,68.45,3.24,43.31,16.35,15.1,Low
27.73,52.34,8.97,41.5,5.43,21.7,Low
27.85,69.45,29.32,53.78,16.24,34.4,Moderate
25.08,35.27,2.14,5.0,19.3,4.3,Low
28.6,46.89,47.88,73.84,31.41,46.1,Moderate
29.59,87.84,13.84,43.37,13.41,26.7,Moderate
24.08,75.54,37.31,56.35,25.27,35.4,Moderate
27.37,64.69,61.45,62.06,17.03,36.2,Moderate
24.95,56.37,62.68,47.52,29.32,38.6,Moderate
39.5,53.74,12.4,47.11,21.9,25.5,Moderate
27.55,73.0,26.99,45.59,15.94,32.1,Moderate
35.73,64.85,3.34,37.11,8.32,21.7,Low
27.02,93.2,3.35,43.57,12.24,29.1,Moderate
29.3,67.23,39.13,47.16,19.5,24.4,Low
21.39,70.88,52.69,33.03,30.63,37.7,Moderate
25.76,49.17,49.19,49.49,16.83,29.9,Moderate
29.05,64.59,30.14,69.92,25.42,41.9,Moderate
35.93,72.65,39.92,40.67,15.15,22.7,Low
29.11,64.41,45.73,52.42,25.55,29.3,Moderate
34.92,62.72,52.6,65.92,17.51,32.6,Moderate
31.2,74.9,79.36,94.57,44.62,65.8,High
36.14,92.72,0.39,31.3,25.25,30.8,Moderate
27.7,72.17,3.43,17.79,11.55,12.6,Low
39.95,87.16,42.77,60.06,12.34,38.8,Moderate
25.57,79.32,81.55,51.36,20.32,35.7,Moderate
24.17,86.27,9.33,42.7,17.06,27.4,Moderate
21.95,60.85,12.13,48.34,28.21,31.2,Moderate
39.66,66.9,14.9,33.03,8.55,19.0,Low
32.1,66.96,6.92,33.34,20.22,20.3,Low
26.33,78.19,70.0,71.79,26.37,52.4,High
34.25,81.89,7.99,54.19,12.36,20.8,Low
31.44,71.88,18.64,42.19,15.59,26.5,Moderate
37.83,83.15,11.32,41.49,9.43,25.2,Moderate
20.26,61.55,66.35,41.36,26.35,29.7,Moderate
26.67,83.28,49.52,54.1,21.61,45.0,Moderate
25.69,85.24,17.38,35.21,11.19,19.6,Low
18.13,80.16,17.46,42.29,37.44,35.3,Moderate
33.3,72.01,65.2,79.09,29.96,52.7,High
26.65,80.7,32.66,29.54,21.27,27.1,Moderate
31.7,56.59,21.13,60.03,17.03,26.7,Moderate
39.8,72.98,76.82,64.81,25.75,49.8,Moderate
26.23,74.51,2.98,35.64,6.94,14.2,Low
25.89,50.06,9.7,25.36,10.04,10.3,Low
28.59,77.12,13.3,43.85,23.32,32.2,Moderate
32.94,51.27,15.83,73.11,25.29,34.2,Moderate
25.17,63.58,19.44,5.0,6.51,5.3,Low
24.85,70.6,27.62,15.33,9.29,16.6,Low
33.29,59.04,67.26,55.89,28.47,45.0,Moderate
29.89,71.24,30.53,50.59,23.89,30.8,Moderate
17.78,71.0,69.3,73.35,19.24,35.1,Moderate
21.87,57.7,29.17,51.99,26.04,27.6,Moderate
35.51,78.52,51.38,28.44,13.64,24.7,Low
30.01,58.54,30.08,54.77,16.84,29.5,Moderate
24.19,100.0,34.14,44.36,17.1,49.8,Moderate
27.15,68.36,26.47,57.54,25.34,27.8,Moderate
28.07,52.43,29.38,34.53,27.34,28.6,Moderate
31.68,55.23,4.88,13.73,8.91,2.5,Low
21.21,87.21,10.84,32.03,18.15,27.8,Moderate
23.8,63.86,71.67,67.45,50.46,66.3,High
29.36,49.54,57.09,60.73,35.63,50.3,High
27.5,82.81,49.89,52.72,14.23,32.6,Moderate
30.86,63.77,66.75,49.19,22.34,37.5,Moderate
21.85,79.8,46.91,49.44,22.25,33.7,Moderate
29.79,84.03,33.17,68.84,19.01,35.4,Moderate
33.46,74.12,34.51,85.36,21.9,37.8,Moderate
30.43,100.0,6.15,43.54,20.89,39.7,Moderate
28.7,44.13,58.64,70.9,33.47,46.6,Moderate
27.52,57.73,19.99,31.09,24.35,22.2,Low
23.83,66.16,53.26,73.94,29.3,46.0,Moderate
27.64,100.0,24.97,38.5,9.91,40.2,Moderate
34.3,96.97,47.79,32.73,24.73,58.4,High
27.4,89.33,18.6,58.79,12.41,34.1,Moderate
23.55,58.09,1.48,36.86,7.07,12.2,Low
25.54,59.84,13.98,60.8,13.69,30.0,Moderate
29.0,57.57,18.82,53.98,9.47,26.5,Moderate
26.13,58.25,28.74,25.66,11.42,16.9,Low
30.43,92.39,8.32,40.68,16.19,38.9,Moderate
30.61,66.34,43.54,36.79,29.02,37.4,Moderate
32.44,68.33,56.19,73.62,30.7,40.2,Moderate
35.12,81.62,43.92,51.67,18.29,30.9,Moderate
32.98,45.05,21.76,32.74,12.57,17.1,Low
23.33,70.79,23.45,12.75,5.56,19.4,Low
23.48,53.55,14.23,57.47,34.96,36.8,Moderate
27.62,65.58,54.57,48.96,34.4,44.2,Moderate
25.74,61.2,41.47,45.59,21.17,31.7,Moderate
22.31,60.43,45.28,58.11,30.22,48.3,Moderate
25.79,73.38,94.22,54.71,26.78,48.2,Moderate
25.63,73.32,21.46,19.74,7.9,14.0,Low
24.64,66.7,19.69,44.79,8.35,24.1,Low
26.42,75.56,32.15,32.29,18.59,27.4,Moderate
33.89,56.97,24.09,42.28,41.09,45.4,Moderate
29.0,80.22,17.59,28.18,4.57,12.9,Low
40.36,66.91,17.8,20.84,16.26,20.7,Low
28.85,62.75,45.97,26.47,17.97,35.2,Moderate
26.55,58.08,58.77,57.08,25.52,38.2,Moderate
28.02,66.38,5.51,53.38,14.88,25.5,Moderate
29.28,98.06,47.54,66.31,50.74,64.7,High
30.18,69.05,72.91,60.89,15.6,41.1,Moderate
38.38,52.83,24.86,65.07,14.84,24.6,Low
23.77,83.78,38.61,40.48,16.62,35.2,Moderate
32.3,62.92,15.57,52.73,8.91,15.4,Low
29.04,74.26,11.09,31.5,21.82,28.0,Moderate
20.14,60.92,33.88,35.97,14.3,24.2,Low
31.85,89.21,40.2,61.21,15.97,41.1,Moderate
34.34,61.14,16.14,47.14,24.37,29.1,Moderate
23.71,90.97,11.42,48.44,14.57,31.2,Moderate
27.96,54.26,60.06,33.69,13.81,26.6,Moderate
19.37,65.61,58.24,70.82,16.28,32.9,Moderate
21.71,91.0,41.36,59.63,19.46,45.9,Moderate
33.24,72.52,44.94,44.69,29.91,33.9,Moderate
25.67,100.0,18.33,50.16,11.46,38.5,Moderate
22.46,65.96,19.96,58.43,20.96,25.2,Moderate
29.15,73.86,7.66,26.64,22.2,21.2,Low
25.39,98.58,32.26,35.35,23.25,38.4,Moderate
25.65,47.29,22.33,38.49,11.97,25.0,Moderate
31.7,45.43,11.78,5.8,18.36,19.5,Low
22.19,58.07,24.27,48.45,25.18,30.7,Moderate
23.47,82.2,39.3,62.42,12.33,32.0,Moderate
28.77,45.85,28.22,53.43,13.35,29.5,Moderate
32.85,78.96,44.84,57.88,18.61,31.6,Moderate
34.19,77.9,41.13,64.75,16.35,37.8,Moderate
24.67,100.0,36.18,46.16,11.25,39.4,Moderate
32.69,85.68,19.26,18.17,7.76,19.7,Low
24.08,75.46,7.14,39.44,12.07,12.7,Low
37.13,90.39,18.36,60.95,15.7,40.9,Moderate
22.33,78.08,14.58,45.52,20.52,25.1,Moderate
34.64,63.1,22.64,37.34,14.47,23.7,Low
24.72,52.83,27.09,56.24,10.91,20.7,Low
38.07,61.46,32.99,52.34,25.99,33.3,Moderate
30.96,69.4,13.9,36.63,12.85,15.6,Low
22.92,72.63,29.89,47.25,19.76,25.8,Moderate
25.39,37.97,41.52,44.77,16.87,21.7,Low
31.91,66.71,27.86,53.97,13.25,24.5,Low
33.26,70.43,35.02,33.76,14.94,22.2,Low
27.65,78.21,58.81,60.53,28.35,52.1,High
28.22,94.4,64.25,70.53,35.25,57.9,High
31.79,72.78,40.69,52.81,17.07,28.0,Moderate
28.66,56.36,48.29,55.64,22.8,38.8,Moderate
21.53,42.73,18.22,42.43,7.77,13.2,Low
23.94,80.31,48.97,60.16,12.6,30.9,Moderate
29.18,56.96,21.38,37.09,19.9,27.9,Moderate
34.08,83.0,42.09,47.77,24.87,40.4,Moderate
36.08,90.96,91.66,53.56,20.16,53.6,High
31.9,46.84,59.66,51.83,16.92,33.1,Moderate
29.44,78.31,73.32,30.59,35.78,49.9,Moderate
31.74,89.39,85.26,65.27,27.33,61.8,High
24.67,85.29,40.08,58.27,16.58,36.0,Moderate
27.23,38.55,56.65,53.82,31.17,43.7,Moderate
23.88,57.2,17.16,54.82,10.49,19.0,Low
21.76,50.8,50.68,72.77,38.47,52.9,High
29.67,77.85,30.82,45.55,17.32,30.7,Moderate
28.93,76.2,6.46,22.31,7.64,11.2,Low
31.44,29.53,61.87,73.03,41.34,49.7,Moderate
30.73,65.49,76.62,75.15,17.78,49.4,Moderate
29.21,82.01,27.73,51.44,13.91,25.5,Moderate
30.78,72.22,23.25,35.27,28.09,29.9,Moderate
27.79,72.19,53.73,59.47,18.4,30.3,Moderate
30.06,64.53,75.02,56.59,18.27,43.3,Moderate
24.37,54.12,7.31,26.55,19.77,17.9,Low
29.85,69.74,21.5,47.91,20.23,27.5,Moderate
31.34,70.78,56.01,40.01,27.22,37.9,Moderate
24.65,79.23,16.11,51.98,21.2,37.3,Moderate
28.26,80.45,31.61,50.29,27.47,42.5,Moderate
24.88,71.29,9.83,36.77,17.2,22.6,Low
25.37,86.42,53.77,53.2,21.89,39.7,Moderate
22.38,64.38,29.65,29.28,28.84,31.9,Moderate
34.33,48.34,37.22,32.83,44.01,42.2,Moderate
33.33,77.16,26.53,70.28,21.13,39.4,Moderate
30.69,71.9,22.17,40.5,10.83,31.0,Moderate
37.86,77.45,59.82,34.58,18.13,34.1,Moderate
27.05,51.03,52.17,67.04,14.9,36.5,Moderate
42.0,96.86,8.7,22.68,28.39,48.2,Moderate
26.86,80.66,63.45,65.86,19.96,42.5,Moderate
29.28,65.68,3.58,58.36,12.0,16.8,Low
26.01,55.97,54.1,50.68,22.13,35.4,Moderate
29.86,86.16,24.16,60.82,12.75,31.1,Moderate
32.18,53.47,11.06,49.88,10.58,16.1,Low
27.43,100.0,23.79,66.93,11.42,43.1,Moderate
36.88,60.8,26.08,52.86,11.08,17.3,Low
29.2,95.81,31.87,38.23,20.9,34.5,Moderate
29.35,67.23,48.02,20.56,19.92,28.5,Moderate
23.46,93.71,19.72,30.02,11.52,30.0,Moderate
30.09,58.98,30.8,38.25,47.86,52.0,High
27.33,70.28,41.82,64.53,20.95,33.3,Moderate
24.96,82.07,9.5,56.54,30.59,36.2,Moderate
24.12,79.93,70.27,43.15,20.19,36.3,Moderate
41.36,86.51,51.38,71.33,14.03,32.7,Moderate
26.68,62.69,49.42,40.7,40.18,44.5,Moderate
20.72,71.27,4.91,24.22,40.19,33.6,Moderate
24.51,88.73,4.18,15.71,29.77,30.2,Moderate
27.74,59.42,80.11,68.11,27.22,46.9,Moderate
30.73,78.59,13.51,30.94,17.97,26.0,Moderate
30.77,66.71,42.0,69.39,19.27,33.8,Moderate
31.38,73.09,25.86,30.43,27.52,35.6,Moderate
24.78,71.27,66.65,69.31,25.49,45.3,Moderate
29.7,58.18,70.24,41.4,29.38,46.8,Moderate
23.62,66.09,42.96,65.51,13.86,37.5,Moderate
24.9,72.17,71.06,61.63,20.43,37.4,Moderate
23.41,68.46,66.35,62.62,31.16,51.0,High
22.06,93.59,7.94,32.4,8.33,32.0,Moderate
33.32,85.15,41.3,43.23,16.0,37.7,Moderate
31.44,74.35,19.76,49.37,16.38,24.3,Low
32.88,58.55,11.46,66.14,19.95,16.8,Low
28.2,57.64,51.83,37.39,14.72,38.6,Moderate
31.88,99.61,37.25,42.93,26.32,44.8,Moderate
19.19,54.85,56.09,45.44,21.82,43.3,Moderate
32.32,71.71,4.65,13.95,1.96,2.7,Low
28.89,75.41,37.43,25.23,9.43,16.1,Low
31.14,65.33,78.91,51.63,16.46,38.8,Moderate
29.9,54.97,32.07,40.28,11.0,22.3,Low
23.06,58.23,38.74,69.8,27.58,47.9,Moderate
20.51,61.8,6.25,52.03,7.07,13.9,Low
24.44,59.36,40.02,36.7,10.52,27.2,Moderate
30.82,89.92,6.06,48.71,46.87,51.8,High
31.45,69.86,63.44,45.21,15.03,29.8,Moderate
21.16,62.14,33.74,45.49,14.8,28.6,Moderate
23.09,71.6,18.15,46.21,17.58,24.9,Low
24.38,80.02,84.11,96.09,22.78,56.0,High
26.21,64.83,57.43,59.13,18.78,35.5,Moderate
21.19,83.53,53.23,31.46,13.28,37.1,Moderate
20.89,50.93,41.54,60.7,16.09,32.4,Moderate
23.89,87.57,16.15,57.71,11.53,24.7,Low
28.43,69.87,75.81,74.86,25.8,40.4,Moderate
22.1,69.28,17.41,26.18,10.68,24.8,Low
27.42,59.6,20.06,43.88,7.05,18.0,Low
33.29,51.58,35.47,47.14,45.65,45.5,Moderate
21.49,45.0,31.3,72.5,11.27,28.3,Moderate
26.97,58.56,30.76,55.02,22.62,31.8,Moderate
33.12,78.82,59.88,81.71,18.65,41.5,Moderate
25.91,55.58,23.69,32.65,16.71,16.5,Low
25.13,46.77,3.79,33.08,4.82,14.8,Low
33.82,56.36,69.11,51.13,24.5,41.5,Moderate
26.47,64.23,45.33,65.55,27.2,42.7,Moderate
33.52,64.82,49.3,69.35,21.8,35.9,Moderate
30.14,68.07,85.57,70.81,26.36,49.2,Moderate
26.29,85.49,24.78,45.09,10.83,21.5,Low
30.4,88.74,41.97,55.96,16.94,43.7,Moderate
29.6,100.0,10.23,17.84,3.86,27.0,Moderate
33.1,45.63,72.15,54.08,15.64,26.5,Moderate
25.26,57.16,41.68,44.62,27.48,34.2,Moderate
28.21,80.48,12.52,39.18,56.16,49.0,Moderate
27.69,63.19,33.22,36.85,20.91,34.6,Moderate
31.52,82.91,55.09,41.54,20.82,31.5,Moderate
22.87,73.11,43.95,26.41,8.1,27.1,Moderate
33.08,93.69,21.41,48.98,16.74,40.5,Moderate
30.33,85.64,68.36,38.35,14.13,36.1,Moderate
21.42,85.92,46.28,66.19,23.52,47.1,Moderate
34.04,63.82,30.23,50.44,34.65,40.0,Moderate
39.17,68.54,39.65,62.17,14.13,28.0,Moderate
33.01,65.42,66.52,44.91,20.61,41.7,Moderate
35.13,47.41,38.98,76.6,20.11,40.8,Moderate
28.43,92.08,56.53,88.08,23.63,48.9,Moderate
19.69,81.18,18.87,42.06,18.9,28.3,Moderate
18.78,64.82,10.05,44.42,9.21,17.0,Low
29.28,89.57,64.95,57.54,15.15,46.0,Moderate
25.04,60.54,69.04,74.27,44.67,55.9,High
23.43,42.43,53.52,65.62,24.23,45.1,Moderate
27.69,85.11,5.32,10.23,24.54,18.0,Low
31.08,50.82,17.05,28.57,25.31,26.8,Moderate
20.74,67.06,66.96,64.33,17.7,36.6,Moderate
25.76,73.09,19.01,53.26,21.3,27.9,Moderate
35.55,75.78,52.6,55.65,26.16,32.0,Moderate
22.62,82.73,72.73,35.0,18.63,43.7,Moderate
32.35,78.71,2.18,44.11,8.53,10.4,Low
25.58,78.25,20.43,69.52,15.16,30.0,Moderate
30.73,58.14,22.33,8.37,10.85,13.1,Low
33.49,74.41,29.53,59.42,14.37,26.8,Moderate
31.71,47.42,19.34,69.25,11.56,26.7,Moderate
32.55,93.43,28.86,59.26,22.14,49.0,Moderate
22.24,48.96,60.78,55.06,14.5,27.8,Moderate
33.57,64.8,62.27,70.25,30.19,44.6,Moderate
23.74,50.22,53.56,52.45,50.24,54.4,High
29.3,59.05,41.52,57.66,20.05,33.0,Moderate
29.29,70.2,54.29,55.25,20.72,39.8,Moderate
30.43,62.07,87.2,67.19,22.08,52.1,High
29.68,87.16,70.43,48.22,31.46,49.3,Moderate
23.78,73.4,69.17,52.26,20.63,36.0,Moderate
21.25,63.06,86.53,89.66,27.29,55.0,High
32.36,68.0,70.12,50.25,25.26,37.1,Moderate
28.93,88.3,56.7,25.51,12.87,36.6,Moderate
33.75,83.63,15.82,93.27,13.33,32.7,Moderate
27.78,52.92,10.98,32.29,10.32,15.4,Low
20.97,59.79,29.07,41.15,12.48,25.9,Moderate
32.83,77.12,60.62,50.19,39.37,46.9,Moderate
26.15,75.3,57.1,55.22,21.32,50.8,High
29.71,54.24,28.26,33.5,9.37,18.4,Low
24.76,81.24,14.2,62.31,13.71,22.9,Low
36.22,56.64,17.72,38.21,20.45,34.0,Moderate
23.62,89.56,63.0,41.37,35.72,53.8,High
26.31,77.94,20.98,5.0,64.54,44.3,Moderate
28.54,53.02,39.57,65.27,12.49,28.4,Moderate
22.54,62.06,17.56,34.54,43.23,46.0,Moderate
29.65,61.8,34.95,52.87,20.75,32.5,Moderate
36.06,72.4,21.02,28.42,29.43,26.6,Moderate
25.55,66.94,57.25,56.44,17.33,38.9,Moderate
29.98,52.82,41.86,49.24,32.48,41.9,Moderate
15.0,49.09,17.71,55.01,32.46,37.2,Moderate
27.81,78.24,59.03,58.14,29.34,37.1,Moderate
26.43,74.29,5.94,20.24,36.19,25.7,Moderate
23.91,71.58,68.59,95.04,19.88,39.3,Moderate
33.41,74.06,43.57,56.77,15.92,30.1,Moderate
26.37,60.72,40.42,34.97,15.46,32.3,Moderate
27.11,72.76,46.88,54.24,13.36,22.7,Low
26.11,100.0,17.58,47.02,21.29,39.8,Moderate
18.42,87.62,30.87,53.07,24.63,33.3,Moderate
22.34,65.67,21.05,47.82,8.21,23.1,Low
32.81,62.15,10.42,42.33,26.15,35.2,Moderate
17.45,27.09,8.15,51.62,22.57,26.1,Moderate
24.17,86.03,12.12,50.16,20.74,33.7,Moderate
26.0,81.8,27.81,55.93,8.12,24.7,Low
36.72,61.84,46.38,24.58,19.52,28.0,Moderate
31.84,48.52,33.71,20.78,43.75,42.6,Moderate
25.21,52.67,64.64,45.72,25.94,36.1,Moderate
34.52,76.67,53.55,50.02,17.22,36.1,Moderate
24.3,68.66,54.8,42.78,15.58,30.0,Moderate
33.05,80.37,13.68,24.55,27.7,27.4,Moderate
21.21,71.3,68.82,62.67,19.46,37.8,Moderate
33.37,84.5,51.26,39.85,23.81,30.9,Moderate
25.97,75.54,11.49,5.0,5.46,12.7,Low
22.86,82.43,28.44,24.58,39.02,39.1,Moderate
26.91,38.65,62.07,47.58,33.97,43.6,Moderate
29.39,51.48,5.99,33.22,27.29,33.2,Moderate
25.53,64.53,50.64,66.2,31.2,44.2,Moderate
30.77,86.19,38.5,54.99,19.56,34.8,Moderate
25.09,98.21,50.97,22.76,11.13,34.0,Moderate
31.1,67.54,48.07,73.61,15.23,33.2,Moderate
30.21,60.83,5.64,33.98,21.87,24.3,Low
27.7,40.68,71.38,61.02,22.45,35.2,Moderate
25.79,82.95,42.68,51.76,20.15,40.1,Moderate
28.76,61.75,53.09,40.79,21.73,32.5,Moderate
30.75,100.0,7.6,46.11,6.02,32.1,Moderate
38.31,58.91,27.83,15.51,21.38,24.1,Low
32.7,100.0,13.16,59.71,15.55,36.3,Moderate
32.88,81.23,74.69,63.95,43.84,55.9,High
42.0,54.58,65.33,63.31,22.13,42.0,Moderate
30.58,73.48,18.56,49.39,28.29,32.1,Moderate
30.42,81.57,51.13,46.27,30.68,40.1,Moderate
31.52,66.62,7.32,56.63,16.1,21.9,Low
22.96,82.57,19.5,30.95,9.02,22.3,Low
25.78,82.24,60.7,41.23,25.65,46.5,Moderate
25.47,78.95,3.81,38.57,22.47,23.3,Low
31.24,69.75,31.98,25.53,45.6,38.6,Moderate
27.13,52.38,34.91,38.73,27.65,42.9,Moderate
28.69,68.85,65.14,61.71,25.71,46.9,Moderate
33.44,72.64,19.73,52.93,20.6,27.9,Moderate
32.32,41.86,85.64,64.41,29.7,46.8,Moderate
27.19,72.54,35.69,33.93,26.39,39.3,Moderate
24.65,68.55,12.06,34.16,11.88,14.8,Low
33.68,50.55,23.98,33.37,18.34,24.0,Low
31.87,65.0,17.5,39.66,7.07,19.9,Low
19.97,65.32,57.53,45.83,15.43,32.9,Moderate
26.43,98.95,56.2,40.01,23.93,48.9,Moderate
28.83,73.3,13.82,23.31,29.07,26.1,Moderate
31.89,85.54,52.77,25.89,20.91,36.5,Moderate
32.55,68.23,13.75,56.03,26.94,26.7,Moderate
29.42,41.89,78.32,73.15,36.72,52.6,High
30.93,80.09,22.54,24.46,24.86,33.4,Moderate
28.32,60.13,28.83,54.85,10.71,31.4,Moderate
24.63,64.97,6.83,38.03,10.56,15.8,Low
26.69,54.21,54.88,34.83,35.17,41.3,Moderate
28.09,71.09,18.13,25.59,14.49,19.0,Low
27.83,85.98,36.34,45.48,19.36,27.0,Moderate
18.57,83.99,52.84,64.61,24.24,45.3,Moderate
26.01,93.79,88.75,74.97,47.29,76.6,Critical
28.28,95.92,64.52,49.5,17.39,53.5,High
26.59,39.31,22.32,49.7,26.16,34.8,Moderate
26.77,52.1,71.53,57.6,26.86,46.1,Moderate
30.44,42.88,10.91,27.8,15.85,20.8,Low
22.61,79.48,0.64,49.63,11.22,14.0,Low
19.86,59.6,7.14,39.83,20.8,23.9,Low
26.26,62.66,46.37,58.89,20.24,29.0,Moderate
31.82,66.75,23.35,26.7,32.33,30.5,Moderate
36.44,75.74,94.56,60.3,35.96,62.2,High
31.91,47.72,25.58,56.25,25.06,34.1,Moderate
20.66,51.12,53.33,49.46,33.77,43.7,Moderate
26.84,70.02,62.23,53.44,17.7,35.8,Moderate
29.28,87.98,33.74,30.89,40.85,47.4,Moderate
28.89,69.62,11.68,42.04,18.77,24.3,Low
30.7,58.13,23.02,26.87,15.64,21.7,Low
23.41,37.78,46.98,56.93,33.97,44.6,Moderate
28.32,84.29,78.98,47.75,19.21,51.8,High
30.1,58.96,70.0,56.36,24.84,47.9,Moderate
32.13,52.79,24.05,67.04,19.48,28.4,Moderate
23.97,44.27,13.61,45.25,14.18,18.3,Low
26.27,48.41,75.93,56.38,33.72,46.4,Moderate
15.0,55.58,9.1,51.04,22.16,23.6,Low
24.89,66.42,29.11,34.33,16.57,17.8,Low
25.38,51.87,28.18,30.07,32.18,33.5,Moderate
22.9,72.79,9.67,32.92,17.7,19.6,Low
28.83,66.3,38.47,64.94,25.84,37.4,Moderate
27.72,100.0,21.23,58.07,24.78,47.3,Moderate
16.7,44.43,43.05,42.62,13.28,26.5,Moderate
29.08,72.42,39.41,44.54,18.87,27.7,Moderate
23.36,72.61,18.63,47.82,15.21,21.5,Low
30.43,54.54,48.64,88.45,20.71,47.8,Moderate
21.59,71.43,37.32,44.5,16.73,23.6,Low
28.15,81.54,8.87,58.84,48.19,58.2,High
26.58,71.45,74.74,64.9,21.34,37.5,Moderate
29.52,90.77,59.16,68.51,36.63,55.6,High
28.62,37.33,41.22,64.63,26.5,32.3,Moderate
26.72,57.37,42.0,52.34,22.61,32.4,Moderate
20.32,92.13,64.1,57.01,20.71,35.9,Moderate
20.61,83.68,71.7,56.99,15.57,44.8,Moderate
25.08,78.11,14.95,45.49,12.42,18.1,Low
27.96,88.5,51.22,70.74,20.39,46.8,Moderate
24.96,41.25,32.39,66.18,20.04,38.7,Moderate
31.13,81.93,46.94,69.59,38.75,48.2,Moderate
26.6,85.97,41.47,42.53,18.11,36.9,Moderate
23.17,60.12,2.5,27.35,2.77,5.4,Low
26.61,100.0,67.31,46.14,31.87,65.3,High
29.13,72.95,29.2,47.53,23.38,32.8,Moderate
29.62,37.11,66.9,72.41,27.75,40.0,Moderate
37.39,75.72,33.82,38.36,27.82,39.3,Moderate
24.66,59.2,14.1,37.19,17.55,21.9,Low
27.63,87.47,10.9,48.52,28.44,36.6,Moderate
30.13,78.22,17.31,36.24,26.21,31.7,Moderate
27.88,61.03,68.8,56.23,29.21,48.8,Moderate
25.5,92.54,57.32,71.78,44.54,61.3,High
20.25,84.09,29.86,45.81,19.45,36.3,Moderate
25.45,57.58,31.78,35.32,14.31,24.0,Low
22.63,67.72,10.94,40.27,21.41,23.8,Low
19.37,77.75,12.67,45.94,10.65,17.3,Low
24.02,64.54,35.56,85.01,15.03,34.2,Moderate
22.76,64.98,39.65,71.66,18.19,28.4,Moderate
30.92,70.55,33.23,94.52,23.85,36.7,Moderate
31.01,54.01,15.98,24.61,10.02,9.1,Low
23.48,36.51,41.93,70.54,22.05,39.0,Moderate
26.7,73.59,39.74,72.2,12.64,31.7,Moderate
18.71,40.17,6.72,37.81,20.26,22.6,Low
25.53,55.1,31.4,40.11,18.77,25.3,Moderate
29.99,43.43,29.15,56.26,23.13,30.7,Moderate
32.12,45.27,49.65,47.49,19.63,31.7,Moderate
24.43,76.4,2.41,18.68,5.81,11.5,Low
33.26,66.67,12.44,18.1,11.28,9.2,Low
20.42,66.12,74.14,38.5,47.77,55.1,High
21.76,50.26,9.34,41.77,8.59,17.9,Low
31.55,60.16,7.49,47.69,20.75,26.5,Moderate
36.36,75.65,59.16,41.09,36.66,53.4,High
30.47,69.22,29.21,52.48,10.59,25.2,Moderate
27.8,82.34,41.45,56.66,33.67,47.7,Moderate
17.02,84.48,46.78,56.57,29.36,48.3,Moderate
17.89,66.22,45.6,61.16,15.66,29.2,Moderate
28.65,42.22,56.16,57.89,14.03,35.2,Moderate
26.21,58.65,21.78,62.62,38.91,33.6,Moderate
22.47,68.53,37.84,57.6,13.39,25.3,Moderate
28.33,58.35,48.09,33.01,15.28,30.4,Moderate
28.58,54.18,25.48,71.52,51.74,46.8,Moderate
32.72,71.05,62.47,42.45,19.54,39.8,Moderate
28.68,100.0,59.34,55.53,13.96,54.8,High
34.14,62.68,49.79,90.71,14.99,39.0,Moderate
28.04,69.96,35.52,54.78,19.3,32.5,Moderate
27.42,50.32,47.44,39.27,18.14,29.1,Moderate
33.32,88.65,61.78,61.67,16.88,45.2,Moderate
23.11,83.12,32.61,54.25,9.96,32.0,Moderate
42.0,82.09,43.3,53.17,20.02,40.1,Moderate
29.88,90.4,25.6,36.36,8.66,29.2,Moderate
29.9,63.59,15.93,21.38,10.2,10.5,Low
30.63,65.46,24.87,26.23,10.73,17.8,Low
37.39,95.65,4.82,25.0,7.68,27.2,Moderate
31.96,79.49,44.11,69.86,13.93,35.9,Moderate
19.97,36.71,11.62,20.78,6.06,12.9,Low
35.02,76.82,34.49,49.41,24.79,39.1,Moderate
26.3,61.27,14.75,61.14,21.44,26.1,Moderate
28.54,83.47,53.6,63.52,12.44,33.1,Moderate
21.6,76.12,58.68,76.86,36.26,54.8,High
30.63,43.89,7.82,28.94,7.82,9.3,Low
24.74,74.03,61.28,65.87,16.71,33.2,Moderate
28.5,73.16,22.17,60.02,14.58,26.7,Moderate
26.58,75.45,18.66,55.65,12.52,26.8,Moderate
37.63,78.63,10.47,52.01,30.28,33.5,Moderate
37.91,92.44,33.89,28.94,18.0,26.4,Moderate
28.23,76.21,44.3,60.51,15.07,31.3,Moderate
28.32,70.34,33.25,53.96,17.59,26.7,Moderate
26.13,87.22,58.54,53.23,12.87,43.4,Moderate
33.53,100.0,64.3,48.43,20.66,48.6,Moderate
26.36,83.73,58.35,62.18,14.72,40.5,Moderate
25.89,73.09,55.17,39.5,30.72,40.5,Moderate
32.89,76.49,65.8,51.56,25.39,42.6,Moderate
25.31,73.84,39.2,62.85,18.26,36.2,Moderate
27.81,70.28,29.16,60.84,29.84,36.6,Moderate
20.09,100.0,40.06,56.25,20.7,51.0,High
31.52,58.76,18.91,34.72,29.43,37.3,Moderate
37.7,87.32,62.63,40.25,21.71,47.0,Moderate
31.61,68.11,69.47,47.62,26.16,45.6,Moderate
35.31,47.79,25.7,63.28,26.5,37.7,Moderate
23.77,67.18,57.13,57.91,29.8,50.6,High
29.18,61.8,13.07,38.04,7.01,18.1,Low
23.28,78.66,18.17,43.81,10.58,21.2,Low
26.86,71.37,22.14,53.02,11.9,26.1,Moderate
31.86,54.67,14.56,24.7,16.16,17.1,Low
28.51,92.07,74.48,53.77,20.33,54.3,High
20.94,86.35,55.32,64.05,13.56,43.5,Moderate
21.42,93.79,11.27,42.54,9.39,28.6,Moderate
21.09,73.55,56.45,71.35,16.71,36.6,Moderate
30.46,69.46,40.07,60.32,43.9,49.9,Moderate
38.32,80.55,34.2,35.39,35.68,36.5,Moderate
34.81,61.34,59.24,5.67,26.29,28.6,Moderate
18.52,71.95,32.89,49.57,16.06,27.1,Moderate
35.11,67.36,26.77,28.69,20.82,26.4,Moderate
32.68,48.08,68.47,66.58,29.8,48.8,Moderate
20.27,71.91,7.78,61.58,10.7,23.3,Low
26.48,63.39,61.55,41.1,20.2,35.0,Moderate
33.48,66.36,23.3,52.85,11.97,26.0,Moderate
30.75,75.46,45.17,63.86,12.21,28.7,Moderate
21.45,89.09,53.91,59.05,23.63,40.8,Moderate
31.05,57.27,43.75,55.23,25.63,35.8,Moderate
17.31,64.95,10.25,7.44,9.87,13.2,Low
26.89,58.52,46.58,52.29,34.12,39.8,Moderate
33.69,57.55,38.17,48.23,24.53,27.8,Moderate
28.09,61.08,51.76,68.86,15.54,31.0,Moderate
25.51,67.05,42.5,64.27,18.15,28.8,Moderate
32.45,78.79,10.65,31.07,6.01,8.7,Low
32.87,74.81,33.0,18.05,26.03,29.5,Moderate
34.55,54.15,53.71,29.86,26.83,40.2,Moderate
32.37,89.41,57.31,76.19,25.14,51.7,High
33.41,84.17,7.2,36.36,16.63,29.1,Moderate
31.66,56.48,29.29,23.55,18.01,13.2,Low
29.33,88.36,12.72,19.62,18.02,28.1,Moderate
28.45,74.9,58.91,59.08,27.04,44.4,Moderate
26.81,67.65,23.96,45.2,11.3,19.2,Low
21.94,75.37,49.71,77.24,14.42,31.7,Moderate
23.22,69.61,24.77,42.47,24.55,28.8,Moderate
26.59,78.18,5.73,42.8,25.83,30.8,Moderate
29.21,72.81,24.67,43.0,28.27,28.1,Moderate
35.2,64.94,35.83,59.82,36.39,39.3,Moderate
27.79,39.61,29.84,71.84,35.8,36.6,Moderate
33.02,77.91,80.3,77.27,33.25,56.2,High
33.4,64.4,49.26,81.8,18.25,35.0,Moderate
26.84,81.67,59.06,63.78,14.34,36.3,Moderate
30.97,77.23,7.76,13.92,9.05,14.5,Low
26.78,64.79,22.3,30.44,6.47,14.4,Low
34.61,85.34,19.15,54.02,28.72,32.5,Moderate
31.18,73.07,61.36,52.86,14.23,35.7,Moderate
22.05,72.45,5.03,36.79,14.45,21.2,Low
28.81,67.93,20.61,30.06,15.17,27.9,Moderate
36.24,95.25,7.08,59.15,27.62,45.4,Moderate
27.09,59.3,22.35,65.79,22.56,32.1,Moderate
30.24,65.16,18.72,38.12,11.42,21.0,Low
30.73,51.44,59.12,52.4,22.55,36.7,Moderate
22.82,80.9,67.09,77.61,24.97,46.5,Moderate
30.55,61.27,29.92,61.16,12.34,24.1,Low
21.03,62.95,49.84,27.98,16.95,29.5,Moderate
24.87,62.25,45.06,60.96,30.08,41.9,Moderate
33.38,70.94,72.87,67.94,26.02,45.2,Moderate
29.78,51.24,80.19,65.87,23.18,40.8,Moderate
26.48,36.35,25.78,30.86,17.78,17.2,Low
30.23,76.87,4.2,23.63,5.22,8.9,Low
27.7,38.3,12.79,5.0,23.78,17.3,Low
28.06,82.81,11.94,29.33,37.66,34.6,Moderate
31.28,93.38,30.41,16.08,6.32,25.8,Moderate
24.36,67.54,27.96,36.67,17.42,32.4,Moderate
28.2,89.49,28.27,50.93,9.5,29.9,Moderate
26.44,69.64,37.86,30.74,17.9,21.8,Low
20.07,93.99,11.61,59.04,18.46,38.5,Moderate
23.4,63.16,47.04,80.8,28.0,41.6,Moderate
35.84,34.53,38.52,52.04,19.59,37.8,Moderate
29.92,68.8,4.18,45.59,4.37,14.9,Low
21.38,95.62,39.19,24.44,34.55,53.9,High
20.3,78.02,18.33,44.17,20.86,27.3,Moderate
27.44,62.27,80.41,42.06,18.8,39.3,Moderate
35.81,74.93,35.56,21.58,12.84,20.1,Low
27.07,84.57,83.68,45.3,20.22,45.0,Moderate
34.53,68.72,63.67,54.97,15.92,31.8,Moderate
29.76,100.0,62.12,56.13,22.76,55.0,High
30.36,62.24,10.89,37.72,11.25,19.2,Low
21.32,85.04,42.5,32.42,25.38,39.2,Moderate
32.69,81.43,21.78,44.21,18.69,28.7,Moderate
26.33,59.5,24.43,33.12,46.06,39.2,Moderate
32.32,63.63,41.78,51.55,14.12,37.6,Moderate
23.93,85.27,66.14,54.61,32.02,50.4,High
28.89,72.17,63.41,30.15,15.72,32.4,Moderate
29.76,75.07,35.68,37.3,15.01,31.2,Moderate
27.23,45.46,27.09,52.65,10.33,18.9,Low
30.02,79.84,30.78,58.35,16.67,28.9,Moderate
26.67,74.31,78.22,43.9,17.08,45.1,Moderate
24.75,69.04,37.09,36.52,54.93,52.6,High
36.03,75.41,25.74,37.3,18.91,29.6,Moderate
33.24,63.86,28.97,62.71,23.86,32.3,Moderate
24.2,61.12,24.27,50.53,14.1,23.0,Low
30.84,66.37,10.83,19.59,39.7,28.5,Moderate
24.29,63.04,22.71,50.33,28.02,40.9,Moderate
22.08,100.0,45.35,69.9,25.05,54.9,High
33.17,83.68,44.22,53.72,16.74,29.6,Moderate
19.48,55.47,49.46,40.69,39.86,49.0,Moderate
32.63,100.0,42.18,62.49,23.02,50.9,High
26.74,63.51,40.3,51.88,22.51,36.5,Moderate
26.94,70.44,39.75,45.17,24.69,36.8,Moderate
30.05,83.46,40.45,62.55,36.55,51.8,High
30.91,40.45,43.4,50.13,35.19,35.4,Moderate
23.87,66.44,54.85,55.41,16.12,35.1,Moderate
31.59,61.4,89.97,79.39,29.77,49.1,Moderate
28.57,73.08,13.09,32.07,15.07,20.5,Low
21.72,75.55,52.46,36.02,22.14,37.5,Moderate
27.15,68.84,64.62,62.5,36.61,42.8,Moderate
34.91,68.15,58.25,78.74,42.56,52.8,High
36.38,85.98,2.69,5.0,5.96,9.5,Low
31.59,74.52,43.53,61.24,16.77,33.4,Moderate
22.05,70.62,20.84,42.82,14.17,18.6,Low
30.45,72.22,16.5,32.76,28.93,32.4,Moderate
32.25,97.54,49.24,42.54,31.74,54.3,High
31.63,72.59,48.92,65.67,11.54,31.1,Moderate
31.92,62.28,34.37,57.23,22.83,34.3,Moderate
29.82,41.37,9.75,22.85,5.6,0.0,Low
27.64,48.49,26.87,48.97,15.73,21.2,Low
24.96,62.99,31.19,66.5,10.59,32.4,Moderate
18.51,68.37,26.84,54.85,17.95,23.6,Low
29.7,61.67,88.75,41.04,24.52,39.5,Moderate
28.93,75.27,39.14,58.39,14.38,28.4,Moderate
30.79,61.47,8.03,19.1,12.59,18.2,Low
21.31,56.28,45.65,54.25,18.02,26.6,Moderate
31.23,79.19,65.18,46.6,23.93,38.7,Moderate
38.27,90.54,39.04,54.7,10.01,40.5,Moderate
28.39,53.39,42.06,39.68,12.27,26.6,Moderate
27.69,73.66,28.61,29.32,20.09,22.4,Low
29.55,41.42,59.84,60.67,18.32,40.0,Moderate
38.16,47.88,28.78,46.8,10.59,21.0,Low
22.88,61.17,14.7,52.47,10.27,22.3,Low
29.02,87.02,43.75,42.36,41.47,48.1,Moderate
24.0,58.32,2.14,13.04,3.39,10.9,Low
25.26,57.76,63.83,67.48,18.06,37.0,Moderate
27.75,70.54,29.54,67.04,20.25,33.5,Moderate
34.74,70.56,27.38,35.92,17.03,17.8,Low
37.0,58.22,62.26,64.08,22.26,46.1,Moderate
30.24,99.79,42.52,45.21,14.04,50.3,High
26.12,66.02,12.19,68.25,13.64,20.0,Low
40.46,71.7,37.09,40.09,15.9,33.4,Moderate
25.86,63.97,25.4,43.2,9.13,15.4,Low
25.14,76.6,22.07,12.39,34.48,26.2,Moderate
19.13,88.52,14.76,63.76,12.63,30.8,Moderate
34.98,94.95,62.3,48.79,30.27,56.8,High
32.84,58.57,80.36,82.6,27.87,54.1,High
40.09,86.51,65.57,47.9,25.64,46.3,Moderate
21.05,78.25,65.2,56.64,25.72,38.2,Moderate
35.29,84.62,7.88,26.04,6.46,21.3,Low
28.35,68.62,2.54,21.87,25.52,21.9,Low
32.03,67.19,23.8,38.94,7.72,21.5,Low
19.76,84.04,39.51,46.75,13.39,34.9,Moderate
35.34,84.32,77.42,56.63,24.84,46.1,Moderate
31.93,93.49,12.35,16.5,10.79,25.6,Moderate
27.81,72.98,28.95,49.39,12.63,27.6,Moderate
31.23,68.4,56.28,25.35,30.79,42.1,Moderate
24.17,33.1,12.94,34.46,19.32,19.2,Low
25.1,45.83,21.34,18.76,16.66,19.7,Low
25.68,64.09,25.38,57.39,16.3,21.9,Low
18.74,53.48,23.41,61.67,22.65,29.6,Moderate
32.31,82.21,71.05,68.75,32.93,58.0,High
33.96,50.35,20.43,35.01,11.5,11.9,Low
24.49,62.48,56.63,43.7,13.44,37.6,Moderate
29.74,63.07,46.27,47.39,11.92,35.1,Moderate
26.67,88.07,13.48,38.9,29.56,32.7,Moderate
29.64,60.88,16.11,47.88,9.53,15.4,Low
24.86,76.79,12.29,45.27,8.91,18.6,Low
23.58,72.94,4.35,5.95,19.55,15.3,Low
33.26,83.55,40.83,59.22,20.38,41.5,Moderate
27.68,82.75,35.58,53.24,41.02,50.4,High
38.11,69.5,73.07,48.85,20.05,38.8,Moderate
28.23,44.56,7.04,22.95,13.41,10.1,Low
23.37,66.52,26.22,45.1,15.35,24.1,Low
34.13,69.7,35.0,49.95,32.67,48.9,Moderate
31.15,74.29,41.28,32.92,17.53,29.1,Moderate
31.63,58.94,59.51,56.7,20.22,42.9,Moderate
33.95,87.11,54.76,56.93,20.34,44.5,Moderate
24.74,70.2,59.08,68.55,13.03,41.9,Moderate
27.36,56.19,15.2,38.66,6.66,15.7,Low
27.14,63.13,77.19,31.6,16.37,39.6,Moderate
21.55,98.93,78.51,66.26,26.21,67.2,High
26.68,79.97,28.99,19.79,20.33,25.8,Moderate
34.68,85.73,34.02,34.16,23.23,35.8,Moderate
29.19,54.38,75.14,41.04,27.34,36.4,Moderate
21.27,59.67,47.37,58.99,24.02,35.7,Moderate
20.22,59.78,42.46,33.57,16.69,37.5,Moderate
36.32,72.77,24.66,58.62,22.98,39.2,Moderate
27.55,67.39,95.54,51.07,24.37,46.7,Moderate
24.76,62.66,40.28,18.89,35.83,33.3,Moderate
26.63,64.54,60.84,51.08,21.58,42.6,Moderate
20.61,58.09,20.06,22.1,8.61,16.9,Low
35.12,67.3,60.64,75.97,67.11,71.8,High
26.03,86.7,75.03,51.07,13.99,41.1,Moderate
34.84,47.3,73.15,77.92,22.05,50.2,High
28.26,75.2,57.8,50.64,21.53,38.3,Moderate
35.15,90.7,35.87,52.9,19.31,43.1,Moderate
29.28,67.25,82.46,55.92,20.12,38.1,Moderate
32.27,62.07,43.44,85.86,18.39,34.2,Moderate
31.6,83.86,9.3,21.02,16.62,17.7,Low
31.12,55.24,72.26,14.51,11.4,29.4,Moderate
29.74,69.66,28.33,48.82,19.5,29.3,Moderate
26.84,54.4,38.0,32.93,32.97,31.0,Moderate
37.58,41.95,2.12,38.81,11.95,17.1,Low
23.47,67.72,45.08,49.74,28.7,39.0,Moderate
28.02,51.05,30.8,37.84,18.73,19.1,Low
28.07,69.82,35.74,41.41,10.24,20.8,Low
30.01,86.73,14.16,46.09,6.34,24.3,Low
25.85,97.81,51.38,47.56,19.95,45.3,Moderate
29.57,71.4,12.94,37.24,7.02,15.0,Low
27.16,85.29,36.25,40.22,26.44,35.5,Moderate
20.09,75.98,32.71,70.87,21.01,28.3,Moderate
28.05,64.25,52.19,72.91,41.5,43.0,Moderate
22.5,41.13,29.26,23.15,10.06,13.3,Low
19.33,94.4,33.17,46.65,11.27,45.0,Moderate
28.68,54.26,39.74,36.69,22.7,25.9,Moderate
30.44,90.74,47.68,33.01,31.32,46.7,Moderate
30.63,78.05,53.69,5.82,27.85,32.9,Moderate
30.84,55.36,43.7,45.41,36.42,49.4,Moderate
18.34,74.68,71.39,56.26,28.43,37.0,Moderate
21.19,100.0,31.39,66.32,16.88,45.1,Moderate
37.87,93.03,18.35,57.13,14.22,37.3,Moderate
22.76,62.31,81.1,70.76,37.82,54.6,High
31.05,59.32,52.35,64.39,34.6,43.9,Moderate
24.57,71.5,47.94,64.56,31.35,45.3,Moderate
28.4,67.52,42.12,57.05,17.96,23.7,Low
24.83,88.0,24.77,64.44,25.08,40.0,Moderate
30.81,81.09,7.24,18.49,17.7,17.3,Low
28.68,44.62,72.73,53.14,28.12,47.2,Moderate
25.76,76.88,80.61,53.78,28.52,38.5,Moderate
22.75,67.31,12.24,31.01,14.26,18.2,Low
29.34,70.56,68.36,56.65,19.37,38.1,Moderate
21.94,73.73,54.41,78.53,15.95,35.5,Moderate
30.14,87.98,13.92,53.3,61.26,56.9,High
41.13,84.67,31.25,64.28,15.3,33.0,Moderate
34.75,58.75,26.46,43.09,22.21,33.0,Moderate
31.59,69.12,33.89,45.01,11.39,26.9,Moderate
27.57,63.27,27.28,53.22,19.16,25.8,Moderate
18.31,44.77,17.9,47.75,18.84,21.9,Low
21.39,68.36,30.99,52.32,9.38,19.1,Low
34.41,97.67,46.0,85.88,13.85,54.3,High
24.05,44.32,24.13,52.23,21.99,26.4,Moderate
24.5,69.64,77.34,50.26,21.37,35.9,Moderate
27.17,69.16,42.11,39.18,10.6,24.9,Low
22.69,74.32,70.1,72.16,15.6,40.4,Moderate
21.87,55.56,13.07,51.03,16.29,21.9,Low
27.75,48.62,15.89,55.24,31.56,34.0,Moderate
23.54,49.32,29.38,53.1,21.34,29.1,Moderate
24.29,89.96,70.91,44.22,24.89,51.4,High
24.09,55.26,41.33,72.51,23.5,38.2,Moderate
30.61,62.51,69.16,79.35,17.62,38.4,Moderate
26.84,100.0,3.0,30.26,3.16,29.7,Moderate
27.11,58.99,38.95,54.13,14.51,24.8,Low
30.98,75.14,96.8,71.67,20.6,43.9,Moderate
27.29,85.96,10.83,33.22,7.44,20.8,Low
26.61,85.24,33.0,29.16,24.16,35.7,Moderate
30.35,50.03,28.39,53.55,30.22,38.6,Moderate
31.34,59.3,34.14,24.57,7.12,25.3,Moderate
27.26,74.54,4.94,27.8,3.67,3.1,Low
28.4,98.94,79.47,88.49,35.06,69.8,High
24.09,58.58,24.37,49.77,22.04,29.5,Moderate
23.7,62.6,9.95,44.23,13.68,26.7,Moderate
31.85,76.29,14.57,35.68,44.94,37.9,Moderate
30.22,79.29,12.34,15.9,25.11,17.1,Low
30.28,80.2,11.79,45.34,21.33,21.7,Low
29.4,57.3,32.51,53.86,17.4,27.7,Moderate
28.23,62.02,58.25,67.3,14.96,36.6,Moderate
31.48,73.23,60.28,50.21,35.44,54.7,High
32.68,88.93,23.63,37.14,9.28,24.6,Low
32.56,66.42,36.31,56.23,22.66,35.5,Moderate
27.5,69.67,24.42,24.68,33.87,36.9,Moderate
34.93,54.61,25.23,56.03,11.14,21.0,Low
29.14,97.95,7.85,35.35,11.46,39.1,Moderate
31.16,72.31,17.62,45.56,11.92,18.7,Low
29.41,86.17,35.9,82.18,20.17,37.4,Moderate
29.24,70.45,39.78,44.84,29.14,42.6,Moderate
24.32,71.28,68.71,61.14,16.25,37.3,Moderate
31.51,47.5,65.25,58.29,19.25,32.6,Moderate
42.0,37.74,53.33,23.98,9.97,21.1,Low
26.13,88.78,51.09,62.05,23.66,43.1,Moderate
28.35,71.17,41.67,14.52,12.52,19.5,Low
25.77,73.1,85.63,76.33,17.49,45.1,Moderate
25.56,51.26,61.72,46.23,23.37,35.7,Moderate
35.72,56.45,14.43,28.98,19.63,30.1,Moderate
24.64,85.93,22.83,42.41,13.0,26.2,Moderate
25.63,96.1,59.81,36.05,28.72,52.4,High
20.06,60.68,8.76,36.39,10.88,22.4,Low
24.21,80.07,38.61,32.08,12.45,29.2,Moderate
19.46,72.85,42.14,30.41,10.33,26.1,Moderate
31.16,68.19,88.82,62.81,75.44,77.1,Critical
42.0,97.78,83.86,82.71,30.7,74.2,High
26.17,63.2,28.04,55.65,19.83,27.9,Moderate
19.67,88.61,1.52,27.37,12.66,18.3,Low
32.5,75.72,49.45,49.85,28.53,36.8,Moderate
24.37,69.75,0.74,27.12,27.65,27.2,Moderate
34.5,90.58,2.73,18.04,13.64,22.6,Low
26.59,74.35,24.56,27.89,24.5,28.4,Moderate
24.84,68.55,20.19,46.04,28.69,28.0,Moderate
27.11,90.69,25.86,33.1,29.91,44.6,Moderate
31.79,88.74,16.58,39.89,13.98,25.9,Moderate
26.86,88.03,70.5,44.37,19.19,40.5,Moderate
25.52,25.0,41.62,61.44,18.84,30.4,Moderate
27.01,76.6,17.35,50.66,17.18,20.0,Low
21.64,73.18,25.11,67.14,21.88,28.7,Moderate
29.99,69.48,35.99,68.02,11.01,24.5,Low
19.07,79.15,71.08,46.05,31.1,46.0,Moderate
25.78,73.91,45.44,38.0,12.89,23.8,Low
31.8,80.17,82.2,69.04,37.89,56.8,High
29.52,65.98,10.14,25.25,7.26,12.4,Low
30.95,92.47,7.58,41.18,14.69,28.7,Moderate
27.67,81.68,11.29,33.76,11.7,24.3,Low
33.85,78.14,84.92,78.47,17.56,38.3,Moderate
32.62,77.41,19.19,55.9,11.44,25.4,Moderate
30.23,87.36,14.87,35.61,32.06,33.3,Moderate
32.64,85.33,10.92,11.38,7.37,12.8,Low
31.75,68.31,14.73,55.31,11.03,19.5,Low
25.8,84.85,23.26,33.98,32.98,37.0,Moderate
21.28,72.61,6.92,37.07,17.67,20.7,Low
30.1,98.75,82.43,61.8,19.34,59.0,High
30.73,86.47,10.17,44.32,13.3,23.7,Low
33.45,60.62,28.48,35.63,43.24,31.3,Moderate
23.32,100.0,6.17,20.38,26.45,37.7,Moderate
23.47,38.47,10.77,41.04,9.76,19.4,Low
30.3,79.56,14.19,52.36,16.51,26.7,Moderate
27.64,59.56,93.21,65.78,24.72,50.7,High
18.57,98.23,25.43,42.01,14.84,38.6,Moderate
29.88,73.79,9.51,20.53,12.61,17.6,Low
18.74,58.09,48.95,59.84,12.47,28.1,Moderate
23.27,66.0,61.76,65.41,16.28,34.8,Moderate
34.76,59.29,44.48,48.96,29.58,35.5,Moderate
37.12,65.41,11.21,24.31,24.86,27.8,Moderate
21.92,65.07,5.03,37.99,13.72,7.5,Low
26.35,58.73,51.94,55.67,18.11,33.9,Moderate
28.21,74.05,50.96,52.22,18.16,33.8,Moderate
36.91,75.87,4.55,20.35,29.19,25.7,Moderate
25.54,55.06,3.5,40.03,33.27,29.2,Moderate
25.62,45.13,40.18,51.5,33.11,43.8,Moderate
35.74,74.66,15.86,46.83,16.79,24.0,Low
26.13,77.98,39.05,46.62,15.8,27.6,Moderate
31.61,80.95,42.29,69.06,26.34,42.8,Moderate
20.61,78.27,56.97,54.91,17.7,28.6,Moderate
27.14,93.59,27.16,65.43,18.84,39.3,Moderate
19.7,84.96,63.19,60.46,22.54,48.6,Moderate
22.72,100.0,35.88,30.18,15.92,43.2,Moderate
32.2,100.0,40.42,61.68,15.07,42.0,Moderate
27.75,43.63,27.18,39.05,18.5,35.4,Moderate
26.4,37.04,8.82,31.42,10.23,13.6,Low
24.26,69.89,38.79,64.15,10.93,24.8,Low
26.9,77.56,72.88,41.77,14.0,28.3,Moderate
29.51,68.86,32.95,20.26,13.61,26.6,Moderate
32.91,80.55,60.54,52.9,15.16,30.6,Moderate
15.0,65.95,45.55,55.46,18.02,30.7,Moderate
23.84,59.59,44.18,63.48,31.4,42.5,Moderate
28.8,61.86,74.38,63.2,20.88,33.4,Moderate
27.51,67.0,21.18,8.65,16.6,21.8,Low
30.02,82.65,41.06,34.81,30.22,34.7,Moderate
29.34,62.7,65.47,39.02,31.68,46.6,Moderate
26.48,65.67,20.47,13.89,15.56,19.6,Low
25.37,78.55,60.06,53.47,33.57,49.8,Moderate
26.77,67.02,45.25,58.5,13.37,30.6,Moderate
33.74,86.75,19.52,56.4,12.29,33.4,Moderate
24.34,56.21,18.04,48.76,42.19,41.5,Moderate
27.69,52.95,29.16,36.84,18.45,25.1,Moderate
28.92,74.57,15.78,56.76,20.26,29.0,Moderate
35.8,76.06,38.89,45.46,16.4,16.7,Low
26.5,57.03,7.39,38.5,11.17,14.3,Low
32.79,90.15,27.45,34.67,11.61,34.8,Moderate
34.16,98.87,6.29,33.53,18.27,31.5,Moderate
27.68,60.58,3.41,29.88,17.08,15.7,Low
26.95,92.31,42.94,29.31,23.1,35.5,Moderate
26.35,34.27,4.03,45.97,15.51,11.7,Low
26.72,86.14,86.33,67.73,19.73,48.4,Moderate
32.27,57.13,39.91,60.89,14.2,30.8,Moderate
29.16,84.64,54.97,43.68,16.48,34.8,Moderate
29.18,55.58,51.06,63.45,32.81,38.4,Moderate
22.37,68.97,37.68,24.66,19.19,21.6,Low
23.16,57.85,5.56,45.07,22.44,20.2,Low
38.72,66.79,20.9,52.45,15.66,23.6,Low
27.11,97.45,50.44,37.08,23.69,45.2,Moderate
24.13,68.38,43.21,66.87,12.93,34.8,Moderate
35.16,100.0,70.8,83.16,21.92,59.0,High
29.41,64.21,34.67,38.51,12.54,21.6,Low
30.89,92.38,55.85,76.29,50.94,71.2,High
27.31,45.61,25.31,18.33,10.1,7.9,Low
26.41,65.7,32.22,44.23,10.79,29.0,Moderate
27.15,61.96,37.42,8.89,20.8,27.8,Moderate
21.09,93.07,50.0,66.44,27.03,55.2,High
27.56,72.78,41.57,26.59,23.47,27.3,Moderate
29.48,38.68,46.85,22.13,14.93,20.6,Low
37.25,50.35,37.89,52.2,22.9,29.9,Moderate
28.43,54.81,15.58,56.0,19.62,24.6,Low
16.33,84.01,13.33,33.6,7.32,23.9,Low
27.53,82.08,7.65,39.72,4.57,7.4,Low
41.7,65.49,48.43,78.38,18.13,41.7,Moderate
32.33,61.77,46.77,37.11,20.04,29.7,Moderate
23.95,80.75,3.4,21.47,3.97,14.2,Low
30.96,53.06,60.5,72.46,20.48,40.7,Moderate
24.29,76.87,58.92,58.99,23.55,42.1,Moderate
21.23,75.59,41.0,70.72,22.7,40.7,Moderate
26.26,65.88,39.43,29.36,39.34,39.4,Moderate
28.46,75.97,50.67,25.9,23.86,28.8,Moderate
18.64,71.53,13.21,18.11,4.15,7.1,Low
22.25,77.46,64.34,68.12,39.49,55.9,High
28.05,49.99,8.12,55.85,12.11,25.8,Moderate
25.96,79.22,12.67,55.5,9.38,17.2,Low
29.97,85.4,27.27,52.88,14.16,34.9,Moderate
21.93,74.81,4.49,55.36,8.79,21.6,Low
31.57,79.02,10.4,29.53,4.01,6.1,Low
22.08,68.35,38.32,18.62,11.13,24.2,Low
36.21,83.37,12.47,15.11,14.77,17.4,Low
19.42,70.98,63.37,35.38,23.04,42.3,Moderate
22.54,52.78,3.27,7.12,15.62,14.1,Low
30.09,82.3,32.98,26.14,18.96,37.9,Moderate
36.32,45.49,39.13,34.81,20.12,27.9,Moderate
29.58,74.24,49.39,61.39,16.35,30.9,Moderate
30.81,64.24,52.4,57.75,15.57,34.7,Moderate
28.09,63.28,37.24,70.66,14.71,33.9,Moderate
22.87,72.58,58.39,36.84,16.93,34.1,Moderate
25.55,59.36,43.49,55.82,26.06,35.2,Moderate
21.94,77.68,66.65,78.07,15.56,42.7,Moderate
21.61,70.85,48.77,44.4,19.18,27.5,Moderate
30.01,60.74,58.39,48.76,18.48,25.1,Moderate
22.38,90.07,32.48,67.09,29.92,49.2,Moderate
29.6,73.07,39.52,43.49,32.49,47.3,Moderate
21.49,79.46,24.21,64.97,18.2,32.3,Moderate
29.48,91.25,1.36,13.25,11.25,18.6,Low
25.56,91.0,66.92,82.71,23.77,53.5,High
35.03,78.7,26.84,63.25,39.28,43.2,Moderate
29.62,65.46,37.81,33.89,11.43,19.5,Low
34.18,48.55,60.77,51.65,12.93,27.3,Moderate
24.22,73.1,36.14,29.03,11.52,23.9,Low
28.28,86.42,12.18,31.86,23.24,32.2,Moderate
23.09,75.31,24.55,20.13,17.4,18.4,Low
25.93,25.0,16.24,13.98,6.65,5.1,Low
26.69,83.05,9.74,19.6,12.42,17.5,Low
24.37,83.97,66.11,73.69,33.99,51.9,High
21.92,65.48,48.14,23.95,24.35,34.3,Moderate
20.93,84.83,71.23,80.52,16.68,42.7,Moderate
16.3,79.42,58.64,69.24,28.37,45.6,Moderate
22.72,59.72,47.66,71.44,30.5,44.4,Moderate
31.14,89.07,27.58,49.82,14.31,36.5,Moderate
20.01,50.99,69.01,83.89,23.58,44.5,Moderate
21.16,69.14,49.21,30.71,17.48,26.2,Moderate
36.95,67.64,12.44,59.88,43.83,40.6,Moderate
24.82,57.62,15.73,86.13,22.93,32.6,Moderate
29.61,74.56,16.46,36.81,15.13,29.4,Moderate
31.21,89.66,30.87,44.97,18.57,34.3,Moderate
31.31,88.72,81.6,49.74,15.24,53.0,High
20.39,80.85,47.51,52.62,26.35,38.9,Moderate
26.84,44.56,29.95,48.27,34.71,35.6,Moderate
19.91,49.96,17.34,5.62,28.78,21.4,Low
40.23,72.49,18.04,50.49,11.4,17.2,Low
20.03,69.49,36.36,64.37,23.56,34.5,Moderate
22.76,62.53,60.99,43.13,12.78,30.0,Moderate
22.8,98.58,75.78,55.16,31.47,63.4,High
20.52,71.59,47.94,64.5,14.83,41.3,Moderate
34.76,78.14,47.36,37.64,29.9,43.2,Moderate
40.11,84.82,4.42,47.69,18.73,27.3,Moderate
25.62,70.82,15.84,44.84,6.91,15.7,Low
21.4,100.0,46.15,86.18,32.4,57.9,High
16.82,55.89,72.33,58.39,14.2,36.9,Moderate
26.78,60.91,90.78,58.77,20.18,47.8,Moderate
26.42,55.86,61.4,60.2,14.55,39.1,Moderate
24.74,93.44,6.43,38.99,44.68,47.1,Moderate
29.11,82.03,6.14,61.63,19.69,22.4,Low
29.98,61.84,27.29,68.24,19.36,30.9,Moderate
29.62,57.04,73.28,49.7,20.08,40.2,Moderate
26.42,90.77,26.22,41.3,54.8,56.8,High
22.49,75.43,46.33,40.8,18.11,32.4,Moderate
31.33,91.16,85.21,51.75,61.13,76.6,Critical
28.06,69.1,69.9,10.55,19.47,32.0,Moderate
32.44,77.67,53.21,78.96,37.45,51.1,High
31.95,74.5,38.49,38.42,35.26,38.7,Moderate
20.89,60.64,27.1,37.79,11.65,16.0,Low
20.83,67.84,44.35,92.08,26.78,48.2,Moderate
24.22,52.24,18.0,31.7,28.04,25.6,Moderate
22.72,77.41,45.37,48.13,10.35,17.4,Low
31.78,81.42,76.72,65.86,33.72,51.7,High
29.76,84.85,4.28,41.57,20.72,28.6,Moderate
33.5,80.0,4.34,27.24,18.65,23.3,Low
29.98,68.08,45.4,67.74,15.67,33.5,Moderate
29.04,93.28,13.27,42.05,5.79,27.3,Moderate
34.0,83.38,26.71,46.03,13.81,27.9,Moderate
30.35,90.83,80.18,52.96,20.89,47.9,Moderate
28.34,91.77,29.57,43.39,23.81,39.3,Moderate
35.4,68.12,60.11,70.66,18.49,41.6,Moderate
28.58,75.82,27.81,59.4,26.09,32.2,Moderate
26.48,81.62,46.98,45.01,10.22,28.4,Moderate
23.81,52.76,35.89,35.95,26.68,30.0,Moderate
31.52,53.1,58.76,68.74,19.02,34.7,Moderate
34.19,50.51,12.16,43.78,17.96,21.5,Low
27.75,68.38,54.87,67.36,15.41,33.9,Moderate
34.54,65.0,3.31,21.63,17.84,16.7,Low
18.15,48.46,35.4,47.07,19.18,29.7,Moderate
27.72,72.24,22.39,56.03,21.87,22.1,Low
27.8,68.57,92.82,56.8,51.27,61.8,High
24.37,87.73,56.87,83.21,20.03,49.6,Moderate
39.92,100.0,10.08,62.98,9.59,43.3,Moderate
27.67,76.85,52.58,50.34,22.92,31.5,Moderate
25.96,59.55,55.67,51.53,16.49,28.1,Moderate
28.13,79.7,28.63,49.84,16.49,28.0,Moderate
17.99,70.14,57.76,57.77,21.13,41.3,Moderate
24.2,66.4,21.8,60.85,50.34,44.8,Moderate
32.92,57.08,54.0,40.69,17.38,23.6,Low
24.86,63.04,32.59,33.35,28.4,33.0,Moderate
23.86,67.33,92.39,71.4,17.86,41.5,Moderate
34.55,82.06,30.51,53.1,15.08,35.2,Moderate
34.7,77.67,82.53,63.35,25.04,45.9,Moderate
30.58,97.38,10.73,52.19,13.38,31.5,Moderate
25.72,80.12,34.34,67.53,19.08,29.3,Moderate
26.8,76.36,4.96,47.94,9.09,17.4,Low
23.98,65.41,60.97,61.91,33.1,44.5,Moderate
23.03,54.44,65.29,54.6,17.48,35.9,Moderate
22.78,61.45,50.17,53.69,14.11,41.9,Moderate
24.91,59.5,25.44,23.41,17.16,17.6,Low
22.83,31.59,6.61,19.47,17.23,18.9,Low
20.18,54.87,83.0,82.93,26.5,54.8,High
29.1,94.03,9.22,64.53,9.67,37.5,Moderate
29.17,75.53,31.4,25.5,28.67,27.1,Moderate
36.5,64.35,64.2,65.67,23.83,41.8,Moderate
24.66,75.98,27.29,21.68,14.4,15.1,Low
29.48,40.7,14.23,64.7,17.09,28.2,Moderate
29.56,74.23,40.52,48.93,39.76,41.9,Moderate
26.73,89.16,37.26,85.83,15.35,43.0,Moderate
31.72,68.18,17.26,31.49,25.57,32.3,Moderate
31.88,43.42,72.96,52.89,16.06,36.6,Moderate
29.64,63.79,36.27,53.69,23.73,34.1,Moderate
26.72,89.19,44.34,64.07,13.73,37.9,Moderate
26.21,73.88,20.18,54.23,32.24,40.5,Moderate
21.16,48.73,37.92,62.88,24.57,32.8,Moderate
23.97,100.0,28.51,41.59,7.97,39.0,Moderate
24.89,51.19,27.2,59.3,24.16,34.2,Moderate
22.38,66.36,55.01,87.61,24.44,46.4,Moderate
30.2,54.44,74.23,73.0,16.61,41.2,Moderate
33.98,54.46,16.61,28.54,39.93,30.6,Moderate
23.46,63.22,47.78,58.13,21.14,34.9,Moderate
29.42,79.54,53.06,24.21,20.46,24.2,Low
22.83,89.36,51.74,63.64,20.29,43.7,Moderate
26.48,64.21,13.52,14.72,15.62,19.7,Low
24.55,54.85,5.5,47.7,8.65,19.9,Low
31.01,77.18,24.69,43.04,9.79,18.4,Low
24.61,77.62,54.53,69.16,23.26,48.3,Moderate
33.06,73.61,72.59,61.13,15.63,31.7,Moderate
26.77,74.14,6.16,58.35,12.91,23.1,Low
24.75,68.31,58.7,64.13,15.96,37.6,Moderate
21.73,71.47,11.85,55.67,11.15,23.1,Low
29.27,67.28,84.07,58.66,39.02,55.9,High
32.48,86.05,27.26,37.99,19.67,32.5,Moderate
29.37,100.0,61.28,35.54,37.0,68.4,High
39.19,72.69,24.81,26.62,11.03,14.9,Low
35.15,69.9,86.35,66.68,33.93,51.8,High
26.46,73.84,44.17,51.44,31.17,40.3,Moderate
26.41,60.13,28.8,51.11,9.65,21.9,Low
30.35,81.47,1.02,25.02,8.03,9.5,Low
23.81,76.62,32.15,48.8,24.45,35.1,Moderate
33.83,63.69,69.09,79.38,21.72,44.5,Moderate
29.81,83.53,19.08,48.19,10.07,30.6,Moderate
29.28,70.28,54.99,54.85,55.05,60.7,High
31.43,55.45,24.6,47.9,8.16,24.3,Low
36.61,75.27,16.91,59.58,11.48,27.2,Moderate
28.85,73.55,7.76,40.33,11.28,13.7,Low
27.43,84.41,29.18,37.42,15.96,27.5,Moderate
35.54,82.47,32.56,38.76,15.89,26.9,Moderate
32.84,68.36,72.01,52.04,20.32,43.7,Moderate
26.4,62.92,15.8,31.99,11.06,18.4,Low
28.03,70.03,67.78,70.57,20.02,41.3,Moderate
28.98,75.45,2.76,61.47,19.22,25.0,Moderate
29.81,77.26,6.73,31.23,12.2,21.3,Low
21.22,74.52,27.08,30.94,8.27,14.9,Low
20.29,68.64,2.52,16.83,10.26,12.4,Low
23.56,84.95,15.36,66.27,19.07,39.0,Moderate
23.18,59.89,49.43,66.8,64.39,65.8,High
24.78,100.0,17.84,31.03,11.58,34.5,Moderate
31.17,81.45,58.06,57.42,29.24,45.5,Moderate
27.16,53.09,34.2,68.01,30.19,33.4,Moderate
28.98,72.78,39.44,47.85,15.89,26.3,Moderate
21.88,81.59,17.4,54.03,28.25,33.2,Moderate
25.69,64.76,50.41,50.3,28.11,34.7,Moderate
30.94,47.57,36.7,43.41,27.3,36.5,Moderate
30.97,54.41,44.4,10.81,11.31,15.9,Low
24.38,78.13,7.1,31.42,46.26,43.1,Moderate
28.81,43.68,39.79,40.88,25.74,35.1,Moderate
38.99,48.26,14.99,48.05,9.47,16.1,Low
27.91,78.05,56.18,58.41,18.79,34.3,Moderate
24.53,66.66,43.56,53.21,22.3,34.5,Moderate
27.13,59.56,42.51,64.17,23.3,39.9,Moderate
28.46,62.58,23.94,8.32,21.06,21.8,Low
27.24,47.94,57.51,54.39,26.68,43.7,Moderate
27.84,77.27,40.03,31.46,12.9,24.8,Low
20.78,57.9,79.14,43.92,37.2,52.3,High
23.19,61.96,70.44,55.29,38.29,56.3,High
27.25,75.2,45.05,51.09,25.76,37.8,Moderate
27.17,66.15,39.08,56.21,29.08,34.0,Moderate
25.17,59.43,58.24,61.93,19.62,36.4,Moderate
27.11,40.16,25.07,31.38,11.49,26.9,Moderate
28.31,75.51,9.54,35.38,11.33,15.7,Low
32.45,71.18,73.06,82.13,44.21,52.1,High
27.5,62.24,43.99,74.61,19.25,32.2,Moderate
30.0,54.44,22.38,38.23,17.19,22.8,Low
25.29,70.19,38.59,49.9,15.04,30.4,Moderate
30.86,77.21,39.93,35.53,10.05,28.3,Moderate
29.88,71.47,32.9,61.92,14.18,25.5,Moderate
32.33,94.57,65.96,92.83,24.08,65.0,High
31.57,80.57,27.52,36.6,20.39,31.0,Moderate
30.94,68.39,59.6,73.5,32.0,51.6,High
27.51,81.07,1.35,46.52,6.24,19.6,Low
29.22,70.73,11.17,36.39,17.63,20.4,Low
33.32,70.68,77.79,51.78,16.49,45.6,Moderate
24.74,89.45,69.22,96.4,20.19,59.5,High
24.86,56.53,14.51,51.57,22.9,28.2,Moderate
28.91,70.35,23.19,57.5,11.31,29.7,Moderate
30.08,87.85,18.23,38.21,14.61,39.4,Moderate
23.88,74.63,45.32,51.78,15.48,34.8,Moderate
27.63,64.46,22.3,24.55,21.84,17.2,Low
27.53,44.41,13.35,51.08,20.11,18.9,Low
16.92,35.94,35.36,41.76,20.92,30.0,Moderate
26.9,100.0,19.2,26.32,8.86,30.3,Moderate
27.21,74.63,23.2,30.29,16.55,20.3,Low
27.2,61.24,41.42,85.66,26.94,42.9,Moderate
35.08,75.24,15.35,35.91,12.69,18.5,Low
21.92,55.78,47.49,57.14,14.58,34.3,Moderate
23.88,65.03,69.65,41.45,21.29,41.7,Moderate
15.0,55.89,24.66,40.79,15.79,19.9,Low
25.6,48.8,10.35,18.06,29.46,26.6,Moderate
26.02,38.43,52.82,59.06,21.95,34.3,Moderate
25.45,46.04,35.12,33.63,14.68,27.0,Moderate
33.54,85.32,58.9,67.59,21.9,44.2,Moderate
32.3,55.2,90.34,39.77,20.22,44.8,Moderate
28.39,78.02,16.53,31.3,9.85,17.6,Low
26.15,84.35,74.39,78.69,22.95,56.4,High
33.13,70.25,18.91,64.61,15.88,28.2,Moderate
27.9,65.52,37.95,48.37,15.7,22.3,Low
23.91,72.0,23.3,37.33,11.24,23.2,Low
19.42,63.75,36.12,49.39,37.26,40.3,Moderate
25.79,88.06,74.72,91.93,22.19,46.8,Moderate
31.77,98.15,46.54,47.26,32.76,55.3,High
39.38,91.75,25.08,43.83,14.49,36.8,Moderate
28.31,37.73,22.12,26.95,9.83,19.9,Low
24.17,63.44,41.4,39.32,14.73,29.7,Moderate
22.08,70.06,12.35,45.93,7.32,17.3,Low
30.76,76.95,6.01,50.5,16.66,21.3,Low
19.18,44.09,24.45,48.09,26.28,27.5,Moderate
30.75,43.85,19.93,54.44,19.92,30.6,Moderate
32.09,89.6,70.92,44.81,22.66,50.9,High
30.18,61.61,12.64,22.93,49.99,37.5,Moderate
26.9,47.69,54.61,66.03,16.49,40.6,Moderate
30.82,53.45,30.48,38.52,28.33,36.2,Moderate
28.85,75.86,29.02,27.54,19.63,29.7,Moderate
24.11,57.66,3.63,39.31,6.11,13.1,Low
37.25,73.62,59.55,57.13,17.32,44.0,Moderate
26.24,55.32,4.85,33.85,7.9,10.4,Low
31.88,43.84,42.97,73.84,27.54,31.6,Moderate
15.91,91.37,31.67,74.2,20.63,48.0,Moderate
34.38,75.97,18.36,55.82,15.18,29.3,Moderate
35.34,64.99,26.4,50.68,13.95,28.6,Moderate
28.15,62.18,33.88,67.56,10.55,32.3,Moderate
30.79,91.97,58.55,57.86,27.46,57.1,High
30.79,78.87,34.23,44.07,43.28,49.4,Moderate
24.79,87.2,70.24,50.83,36.05,56.8,High
30.74,61.24,49.59,40.62,19.42,33.5,Moderate
23.96,70.76,21.92,56.59,29.66,35.7,Moderate
24.96,76.03,41.2,26.89,22.05,34.4,Moderate
33.63,61.75,10.05,29.6,33.36,27.4,Moderate
32.87,68.57,26.03,38.8,8.09,19.2,Low
24.47,61.25,36.26,26.58,15.65,20.2,Low
24.33,75.99,6.57,31.43,35.13,33.9,Moderate
24.77,50.18,18.74,42.96,8.85,25.1,Moderate
31.66,78.58,61.14,71.81,23.32,39.3,Moderate
23.0,74.66,61.81,49.04,19.36,29.9,Moderate
29.78,66.95,24.6,45.12,11.54,22.3,Low
31.73,76.74,81.29,41.04,43.22,55.6,High
27.56,64.53,56.83,36.64,14.75,29.5,Moderate
33.05,59.95,51.25,24.38,16.16,22.8,Low
26.48,78.16,10.72,53.44,13.78,27.0,Moderate
26.93,78.81,18.0,36.38,12.13,21.8,Low
23.11,62.39,22.25,46.1,13.35,30.3,Moderate
33.09,61.1,4.12,44.3,7.89,19.2,Low
24.17,67.26,40.55,61.32,16.16,28.1,Moderate
29.75,61.72,15.31,70.44,36.7,41.8,Moderate
27.64,92.88,60.8,55.66,22.52,52.7,High
22.74,74.75,48.19,41.19,18.39,38.1,Moderate
24.95,70.22,59.55,66.32,32.2,44.2,Moderate
34.91,56.01,19.13,77.14,15.62,23.5,Low
29.01,81.08,53.2,45.53,11.7,30.5,Moderate
22.95,60.83,74.21,49.05,30.77,44.9,Moderate
29.53,60.21,39.09,10.36,9.15,17.5,Low
27.27,81.59,42.66,18.92,13.28,26.5,Moderate
42.0,75.81,42.93,71.31,13.04,20.7,Low
29.43,32.45,56.58,52.2,15.39,27.1,Moderate
26.1,67.63,37.02,30.89,11.34,23.3,Low
35.1,71.88,23.91,43.41,18.26,26.1,Moderate
18.79,64.91,8.16,76.88,8.88,30.2,Moderate
28.47,72.41,19.45,41.87,25.62,29.8,Moderate
37.97,42.85,2.4,64.56,12.6,15.0,Low
27.42,27.53,67.97,44.74,19.52,32.5,Moderate
19.33,55.37,3.9,58.27,14.23,25.2,Moderate
26.02,74.23,51.79,44.71,12.18,28.1,Moderate
35.27,25.0,70.13,48.0,27.58,33.1,Moderate
29.88,57.35,72.02,46.11,27.13,45.0,Moderate
23.81,41.16,25.72,39.14,20.93,31.1,Moderate
24.57,66.36,13.5,54.36,9.1,19.5,Low
25.2,99.37,70.04,52.29,15.98,51.0,High
29.81,66.74,44.28,66.54,20.8,39.4,Moderate
34.69,68.39,54.74,43.4,16.04,23.7,Low
33.26,82.59,3.8,35.1,11.24,21.8,Low
30.28,70.32,11.81,31.17,10.52,17.1,Low
21.34,66.78,20.79,69.46,35.96,44.2,Moderate
21.36,83.9,23.77,51.08,21.84,28.9,Moderate
30.67,77.08,62.09,60.99,16.58,36.5,Moderate
21.27,74.33,70.4,55.46,21.1,44.3,Moderate
26.87,67.92,25.34,35.12,9.53,22.0,Low
29.52,64.81,21.14,27.3,11.01,8.5,Low
22.31,83.76,79.78,82.75,23.41,55.1,High
22.88,64.95,28.29,20.68,10.34,22.8,Low
27.53,88.47,74.78,55.74,23.06,51.7,High
30.52,54.29,78.52,75.72,28.67,49.6,Moderate
33.31,91.51,10.84,13.67,9.58,27.4,Moderate
31.04,77.08,12.12,41.92,8.32,18.1,Low
28.37,55.47,4.3,23.45,10.53,6.3,Low
24.27,77.63,86.52,65.68,24.45,44.9,Moderate
22.65,60.25,16.95,38.4,39.79,43.1,Moderate
25.45,70.5,34.95,13.41,18.71,23.3,Low
30.05,62.7,48.92,61.69,12.36,31.7,Moderate
29.68,68.01,8.27,23.08,12.19,9.1,Low
17.5,84.12,55.93,46.34,29.73,47.0,Moderate
24.07,77.78,37.17,48.77,21.06,34.6,Moderate
34.02,53.12,34.76,52.8,18.22,38.7,Moderate
28.4,53.98,9.26,44.95,9.36,20.4,Low
20.91,74.06,45.07,62.64,23.22,41.2,Moderate
39.78,75.15,16.24,5.0,8.77,5.5,Low
27.86,59.88,98.76,76.81,31.59,53.8,High
29.92,93.87,33.28,46.81,25.25,53.8,High
30.0,82.2,27.81,36.43,27.78,37.8,Moderate
26.16,60.62,26.03,48.05,24.62,33.0,Moderate
24.36,59.17,31.32,59.77,19.58,38.3,Moderate
38.61,66.58,25.8,30.88,8.43,15.2,Low
33.02,65.02,27.11,65.52,12.42,28.3,Moderate
32.11,88.84,46.45,68.45,19.48,45.9,Moderate
30.88,84.77,49.99,58.05,26.49,43.4,Moderate
22.98,70.53,4.66,18.28,11.79,8.4,Low
34.39,80.17,64.9,90.04,27.55,55.1,High
23.78,82.34,52.54,57.66,31.0,45.6,Moderate
29.42,70.87,8.47,40.19,17.56,23.8,Low
19.8,76.04,26.33,45.92,13.51,21.8,Low
17.8,78.91,48.83,60.38,41.64,46.5,Moderate
29.59,77.31,66.01,72.01,29.3,46.0,Moderate
23.95,58.32,5.31,36.48,20.35,21.0,Low
18.05,59.83,34.6,28.47,18.54,30.5,Moderate
30.7,65.67,36.76,63.39,35.51,44.4,Moderate
38.6,59.4,74.01,48.67,43.56,49.5,Moderate
34.95,47.9,57.27,39.97,25.54,30.7,Moderate
26.71,80.14,27.68,43.73,29.09,38.2,Moderate
28.04,75.2,28.0,37.96,14.58,28.5,Moderate
32.44,49.91,4.71,42.35,25.15,24.2,Low
33.61,66.39,39.02,57.21,27.77,35.1,Moderate
26.28,67.24,61.14,49.35,14.47,33.2,Moderate
28.17,72.73,29.3,47.08,24.61,32.4,Moderate
29.5,53.77,41.62,42.29,9.49,25.1,Moderate
30.77,49.69,65.99,69.6,16.96,42.4,Moderate
27.33,77.8,25.61,51.32,26.74,37.5,Moderate
27.4,46.99,36.25,58.45,11.17,29.6,Moderate
34.9,66.51,3.89,32.1,6.79,8.8,Low
34.05,65.11,88.91,69.99,34.6,56.9,High
30.39,68.15,1.73,43.26,14.34,20.3,Low
36.6,73.79,22.85,54.23,11.56,18.7,Low
26.07,93.98,3.98,46.33,12.26,29.3,Moderate
36.11,46.01,41.28,47.61,21.76,34.0,Moderate
30.71,83.15,74.67,43.89,19.97,36.0,Moderate
42.0,32.32,60.17,63.59,53.68,55.6,High
22.04,90.91,45.47,57.7,35.21,53.8,High
24.55,39.36,60.25,39.59,13.66,28.0,Moderate
30.09,100.0,52.58,66.1,32.85,66.8,High
29.99,64.15,25.42,46.24,17.18,29.2,Moderate
37.75,89.36,92.43,65.42,39.73,61.3,High
24.66,86.26,37.73,51.41,27.51,38.6,Moderate
32.52,63.45,21.57,56.52,10.44,27.4,Moderate
33.81,64.6,38.17,71.74,20.44,37.4,Moderate
31.52,57.44,13.28,38.84,10.92,6.7,Low
23.2,81.81,37.89,44.81,18.09,37.1,Moderate
35.04,63.65,82.0,72.82,23.23,46.7,Moderate
34.15,57.72,21.19,22.32,24.86,25.8,Moderate
31.0,78.06,15.07,53.21,13.79,20.0,Low
29.02,56.54,85.64,44.65,42.77,59.8,High
29.13,65.07,11.5,18.41,15.03,19.5,Low
27.61,71.61,41.29,72.75,17.81,34.1,Moderate
31.2,60.36,14.01,8.66,12.64,3.8,Low
28.16,62.63,55.85,74.16,19.91,37.0,Moderate
23.76,93.02,17.69,64.59,11.55,31.2,Moderate
22.76,66.94,3.01,41.15,9.49,14.2,Low
24.24,64.61,28.47,54.05,19.84,26.3,Moderate
29.11,67.37,5.13,13.18,12.11,16.6,Low
27.87,76.82,26.8,36.99,19.41,33.1,Moderate
29.08,54.49,8.83,43.47,14.14,19.5,Low
30.5,76.41,31.37,50.92,14.97,22.8,Low
24.86,73.84,1.99,42.36,7.94,13.7,Low
35.33,43.17,59.62,60.8,19.45,34.9,Moderate
26.66,96.91,26.49,44.59,20.12,49.1,Moderate
25.83,91.91,71.59,41.73,16.33,45.9,Moderate
30.41,57.99,64.33,62.8,18.54,43.8,Moderate
18.82,53.16,60.14,38.99,22.36,29.8,Moderate
24.05,73.42,51.33,47.49,21.83,35.4,Moderate
32.91,48.61,28.74,65.94,13.02,22.7,Low
19.31,90.46,34.59,23.64,19.93,35.2,Moderate
33.59,62.97,37.02,46.09,20.34,32.7,Moderate
35.56,94.33,54.73,67.18,47.68,61.6,High
26.15,57.63,72.41,69.92,18.35,38.6,Moderate
29.46,68.32,59.98,60.58,43.28,51.7,High
33.6,89.01,47.84,41.59,21.08,41.8,Moderate
25.67,65.15,67.21,78.19,16.26,33.8,Moderate
32.34,74.08,81.2,45.06,21.17,42.8,Moderate
24.64,86.39,39.94,59.37,17.1,39.2,Moderate
25.61,61.66,20.54,44.48,26.96,34.8,Moderate
24.0,51.07,26.35,32.42,11.58,13.8,Low
29.71,48.12,26.97,38.6,9.21,18.5,Low
33.79,78.75,39.72,76.07,24.41,39.1,Moderate
27.08,75.83,17.29,23.62,15.53,21.0,Low
21.64,85.92,31.35,19.57,22.23,32.3,Moderate
22.59,65.89,25.94,34.51,31.05,30.9,Moderate
29.97,48.54,54.57,60.29,34.82,45.6,Moderate
37.22,34.71,43.78,71.68,53.11,66.9,High
29.97,100.0,62.19,57.15,43.01,71.8,High
26.07,77.9,36.47,23.34,21.86,22.2,Low
31.83,72.05,82.66,65.36,25.57,53.5,High
26.8,74.18,8.24,50.72,16.49,29.7,Moderate
26.11,48.53,14.1,44.74,25.25,31.2,Moderate
23.21,58.08,9.1,45.59,11.04,23.6,Low
35.04,96.15,5.56,8.87,9.22,34.5,Moderate
15.3,79.88,37.99,28.16,22.73,31.3,Moderate
31.99,58.55,23.42,41.19,8.9,23.8,Low
25.68,51.6,12.28,56.3,12.03,27.3,Moderate
25.95,62.26,36.73,36.02,11.82,20.6,Low
36.46,65.27,42.01,52.78,34.92,48.0,Moderate
24.43,100.0,20.33,44.61,9.47,38.3,Moderate
24.6,67.18,57.51,39.49,17.21,36.2,Moderate
27.35,52.16,7.14,26.45,8.77,17.0,Low
30.07,69.12,19.14,41.32,13.56,19.3,Low
25.79,73.97,54.6,48.62,25.16,43.8,Moderate
20.13,50.79,51.68,65.4,24.86,37.5,Moderate
23.67,76.03,22.86,36.69,17.58,26.0,Moderate
34.41,88.13,3.86,49.66,20.1,34.6,Moderate
28.37,72.08,16.37,35.3,17.94,25.5,Moderate
30.26,58.04,53.76,54.18,11.27,27.5,Moderate
26.69,62.07,31.22,57.93,24.63,28.8,Moderate
24.7,45.12,65.11,56.18,24.11,36.8,Moderate
36.39,67.99,24.6,37.22,32.75,37.3,Moderate
27.06,74.66,12.26,38.25,8.7,19.3,Low
25.78,56.55,13.29,53.05,16.1,22.9,Low
33.48,99.1,32.36,51.3,21.16,46.8,Moderate
24.39,81.88,34.45,14.89,37.17,36.6,Moderate
25.03,43.11,22.94,32.2,8.22,12.7,Low
28.05,43.42,20.78,31.57,16.5,25.3,Moderate
28.0,55.24,65.98,66.84,25.22,38.6,Moderate
29.3,93.6,30.5,16.93,9.43,30.4,Moderate
38.46,83.36,57.7,59.39,19.66,45.5,Moderate
29.68,94.36,14.05,49.46,13.77,34.7,Moderate
16.11,70.15,13.46,49.25,10.67,26.6,Moderate
29.63,66.86,57.2,53.75,23.31,34.0,Moderate
28.19,51.29,13.03,15.32,16.03,12.0,Low
28.22,75.25,71.77,56.26,25.23,34.2,Moderate
29.23,67.06,29.81,67.54,11.46,30.2,Moderate
27.86,66.48,42.06,40.78,14.41,19.5,Low
27.74,94.27,28.04,77.53,43.93,67.4,High
31.07,68.1,21.25,54.61,12.62,30.9,Moderate
25.29,89.96,82.91,61.87,17.72,51.8,High
23.26,46.18,31.12,49.28,15.68,23.1,Low
42.0,100.0,35.47,53.03,9.4,34.7,Moderate
24.42,64.4,7.13,28.84,51.54,42.3,Moderate
28.5,80.61,39.07,42.47,10.35,25.5,Moderate
20.52,82.99,60.12,85.96,18.61,45.2,Moderate
28.58,62.54,16.55,63.17,12.39,26.1,Moderate
23.33,82.29,65.78,52.36,25.21,39.2,Moderate
25.79,83.07,35.35,35.69,8.9,23.9,Low
33.23,59.3,17.59,17.26,62.43,48.3,Moderate
30.36,59.48,35.85,79.9,20.64,45.0,Moderate
30.84,70.68,63.31,72.52,14.81,40.7,Moderate
19.14,68.27,53.21,72.32,47.12,55.8,High
37.18,90.9,67.34,50.42,25.15,46.8,Moderate
22.04,80.54,40.45,40.02,15.7,33.8,Moderate
35.64,68.94,3.68,22.46,3.63,16.2,Low
33.11,79.09,26.1,5.0,14.12,12.4,Low
30.89,39.3,69.79,46.31,19.53,29.1,Moderate
23.73,60.77,12.02,44.0,7.15,16.8,Low
28.76,74.32,70.68,63.46,24.69,43.2,Moderate
25.65,86.73,43.23,40.89,15.43,40.1,Moderate
28.15,73.0,14.15,49.77,12.4,17.2,Low
26.75,91.87,40.15,38.94,29.87,43.0,Moderate
17.81,83.02,38.95,60.15,35.83,40.0,Moderate
33.61,62.68,49.19,63.54,29.02,37.5,Moderate
27.59,67.9,46.9,63.7,26.53,40.3,Moderate
25.58,76.13,11.95,40.29,22.24,19.8,Low
25.2,63.27,13.85,27.61,8.34,28.1,Moderate
29.79,92.97,34.09,29.05,14.36,25.1,Moderate
23.53,53.37,6.77,5.0,18.44,13.7,Low
16.72,74.74,73.02,71.92,29.66,49.9,Moderate
30.04,81.03,48.33,26.63,12.12,31.6,Moderate
30.6,65.3,64.98,55.72,23.99,36.6,Moderate
27.0,61.92,61.8,59.9,15.92,28.1,Moderate
22.26,68.86,16.27,24.66,8.63,11.5,Low
28.44,82.18,51.74,51.26,28.07,49.4,Moderate
20.68,62.5,35.79,52.31,21.79,24.1,Low
22.86,53.97,39.58,44.75,21.06,35.3,Moderate
24.25,87.26,37.91,55.18,17.47,38.4,Moderate
32.22,75.99,51.19,46.25,22.77,37.4,Moderate
26.19,85.12,80.51,59.01,23.84,54.2,High
25.76,81.39,72.35,46.99,18.06,36.0,Moderate
37.77,100.0,8.3,35.87,21.35,44.7,Moderate
29.76,86.72,34.64,47.21,9.08,30.3,Moderate
29.69,59.14,58.29,41.54,17.84,27.6,Moderate
26.15,77.05,38.27,54.83,35.03,41.6,Moderate
25.02,61.64,17.16,5.0,9.47,12.7,Low
17.07,63.19,57.06,71.2,18.57,28.2,Moderate
32.84,48.81,57.8,33.97,11.17,23.1,Low
30.24,65.71,67.12,74.1,20.64,44.0,Moderate
27.1,78.18,30.47,54.97,27.58,36.3,Moderate
27.31,69.01,73.99,76.08,44.95,63.3,High
31.68,53.51,30.65,28.83,19.32,30.6,Moderate
20.23,47.15,19.41,38.74,11.3,15.8,Low
25.05,100.0,90.46,71.07,42.21,74.5,High
22.32,74.88,37.15,54.42,33.95,34.6,Moderate
36.86,57.64,1.83,48.24,18.35,23.8,Low
32.38,76.93,17.69,50.96,9.57,18.9,Low
16.99,100.0,27.65,51.81,13.95,47.7,Moderate
20.43,79.31,41.16,56.78,17.14,36.1,Moderate
27.34,28.19,24.58,53.86,11.81,24.4,Low
25.64,100.0,56.53,55.08,26.65,56.0,High
21.38,42.26,68.51,76.17,23.63,48.0,Moderate
37.72,66.91,76.4,60.59,20.89,42.1,Moderate
29.56,53.0,53.34,28.3,17.85,30.4,Moderate
30.37,58.9,23.57,61.93,10.59,16.3,Low
24.54,74.27,37.04,54.98,17.08,32.0,Moderate
31.61,38.93,32.05,43.98,33.6,36.7,Moderate
26.1,68.65,77.63,63.88,24.51,44.8,Moderate
26.58,87.21,39.74,71.51,15.89,36.9,Moderate
31.06,57.35,14.58,41.61,10.87,12.7,Low
19.86,49.15,26.26,66.98,11.91,25.6,Moderate
35.99,67.91,44.06,57.5,23.17,27.3,Moderate
28.91,64.92,21.57,37.11,12.22,19.9,Low
34.4,61.07,16.41,21.1,31.89,26.9,Moderate
22.62,52.17,21.96,44.06,42.79,45.7,Moderate
23.38,77.79,23.53,62.95,8.12,30.9,Moderate
22.19,78.93,26.14,35.62,20.52,21.2,Low
29.25,54.02,53.79,59.32,19.32,38.6,Moderate
28.33,56.09,14.43,63.08,13.86,21.4,Low
25.68,72.05,49.24,25.64,28.11,33.3,Moderate
22.93,55.53,32.29,52.27,25.5,31.5,Moderate
21.67,72.68,77.53,70.45,49.77,67.3,High
27.76,92.02,62.04,62.05,20.82,49.3,Moderate
25.67,69.1,29.7,19.84,46.3,42.9,Moderate
24.57,51.8,20.95,30.94,13.55,13.3,Low
35.74,75.88,39.01,17.37,20.92,22.8,Low
27.59,67.34,54.14,34.18,12.99,25.9,Moderate
34.35,67.75,17.81,53.89,10.89,22.0,Low
25.33,77.13,56.31,49.76,16.63,36.4,Moderate
29.22,80.37,60.44,68.44,21.76,38.9,Moderate
27.72,70.53,13.95,51.35,9.86,25.8,Moderate
19.51,69.09,42.01,32.85,32.53,36.3,Moderate
35.14,100.0,25.97,46.63,24.7,45.7,Moderate
27.32,88.01,16.2,16.88,9.36,25.4,Moderate
31.73,82.5,29.73,49.52,9.85,28.7,Moderate
24.24,71.97,25.31,50.21,51.14,41.0,Moderate
27.18,54.91,30.09,42.12,36.46,44.5,Moderate
23.67,86.91,46.51,26.05,11.83,28.5,Moderate
34.18,72.16,32.77,24.15,13.12,21.2,Low
29.56,61.34,60.91,94.46,29.66,45.8,Moderate
29.84,66.35,74.17,70.28,26.64,45.0,Moderate
34.79,55.51,39.19,44.54,13.99,19.7,Low
33.78,85.86,46.78,65.77,27.95,47.4,Moderate
31.83,80.25,8.19,59.94,21.49,25.5,Moderate
20.89,72.72,79.17,80.87,29.36,50.2,High
24.52,69.36,8.14,34.95,25.36,29.8,Moderate
22.98,59.79,24.45,38.55,11.99,23.1,Low
31.64,38.05,25.42,55.83,21.42,29.2,Moderate
28.85,48.81,45.09,47.25,13.18,35.4,Moderate
21.05,58.86,70.72,77.73,27.95,42.9,Moderate
27.06,56.61,36.12,49.32,26.17,34.5,Moderate
20.53,74.34,3.2,48.02,4.84,19.4,Low
27.73,82.17,62.39,72.43,34.14,57.5,High
19.72,68.07,4.63,17.14,49.37,31.1,Moderate
30.64,91.13,51.79,55.31,53.93,63.2,High
29.89,58.26,43.29,67.38,13.63,35.6,Moderate
37.54,67.97,85.53,52.84,17.32,38.8,Moderate
32.24,69.24,54.98,46.02,40.75,47.7,Moderate
25.89,86.38,28.21,62.9,10.24,29.2,Moderate
32.09,71.59,29.75,68.33,35.09,42.0,Moderate
21.01,72.0,20.98,5.0,5.46,0.0,Low
23.19,45.18,38.32,66.39,13.0,27.3,Moderate
29.67,56.5,37.32,13.19,33.5,33.1,Moderate
17.21,86.44,59.19,54.77,26.14,44.8,Moderate
27.81,38.87,4.06,15.63,6.64,9.5,Low
22.9,90.14,62.79,48.76,32.66,48.3,Moderate
28.51,77.49,83.55,65.82,27.43,50.1,High
22.61,58.79,49.55,60.3,19.99,41.9,Moderate
30.12,57.52,64.33,78.96,17.45,45.1,Moderate
28.1,98.44,75.84,41.37,16.31,54.9,High
35.0,91.17,75.66,78.82,31.77,62.6,High
28.03,68.21,16.9,36.75,8.59,14.8,Low
24.16,72.02,48.94,48.28,16.48,29.6,Moderate
26.77,60.31,11.05,64.37,12.05,26.1,Moderate
21.28,72.02,33.49,59.36,38.43,43.0,Moderate
30.03,59.89,5.71,11.77,8.92,19.5,Low
30.95,68.82,30.12,44.37,17.27,20.2,Low
40.35,97.15,96.01,57.39,17.82,58.1,High
24.89,68.57,46.21,44.65,17.1,28.4,Moderate
26.66,54.28,45.7,49.02,13.85,31.8,Moderate
25.12,49.5,58.16,62.31,20.82,41.6,Moderate
29.06,71.91,57.33,36.24,16.3,26.2,Moderate
29.91,58.59,26.25,40.86,9.33,15.1,Low
27.73,73.7,9.03,32.24,10.56,13.5,Low
33.43,45.71,23.17,48.87,7.35,21.5,Low
24.92,80.35,12.92,38.73,10.54,20.8,Low
32.93,54.1,28.63,59.09,72.73,56.5,High
30.69,70.69,41.45,53.39,23.98,36.5,Moderate
27.94,64.93,6.74,46.41,16.33,22.3,Low
26.43,95.78,52.13,56.74,15.53,46.4,Moderate
40.13,72.57,24.42,26.3,19.87,27.2,Moderate
23.91,99.18,20.27,36.47,9.52,36.4,Moderate
29.49,78.41,42.83,39.96,37.79,42.7,Moderate
24.25,91.38,16.28,52.08,28.21,46.8,Moderate
36.93,66.87,27.51,57.4,12.02,31.5,Moderate
32.43,75.18,22.71,41.72,12.64,20.9,Low
24.61,88.28,31.29,48.13,22.67,38.5,Moderate
30.56,83.57,27.16,20.81,11.91,25.6,Moderate
29.29,77.96,60.41,50.3,23.63,38.4,Moderate
25.42,65.08,18.07,5.0,29.66,28.6,Moderate
31.79,67.62,36.62,59.96,32.33,40.9,Moderate
29.95,87.06,30.91,79.25,16.38,41.9,Moderate
29.08,90.19,34.01,38.91,20.47,40.8,Moderate
27.79,61.11,52.17,56.69,11.64,29.9,Moderate
30.16,58.84,19.66,48.14,10.58,24.5,Low
29.15,56.44,10.38,21.58,17.36,21.6,Low
28.3,82.45,29.78,43.45,17.51,38.9,Moderate
24.79,56.06,21.66,49.6,13.14,15.7,Low
36.47,82.26,36.28,50.23,12.78,31.7,Moderate
22.75,78.19,13.08,40.47,12.21,24.2,Low
30.14,61.82,21.99,38.25,43.13,49.1,Moderate
26.4,93.46,46.88,39.17,20.44,41.7,Moderate
36.8,48.07,40.75,59.4,15.19,30.3,Moderate
23.48,94.89,6.9,63.82,9.12,31.3,Moderate
24.32,74.78,33.04,16.48,10.83,26.7,Moderate
23.15,38.9,32.1,13.94,9.65,13.8,Low
29.62,93.88,4.19,18.25,4.33,19.4,Low
21.13,84.58,47.77,45.1,15.79,28.7,Moderate
25.61,63.58,2.99,32.11,12.99,5.2,Low
17.24,55.53,23.95,45.29,8.71,20.2,Low
29.2,46.46,22.45,43.94,28.83,31.3,Moderate
25.5,100.0,25.35,41.79,12.33,39.0,Moderate
20.56,56.15,88.61,85.1,25.2,53.4,High
33.43,51.05,28.8,31.19,19.95,28.8,Moderate
21.46,74.02,38.54,62.1,19.25,30.6,Moderate
31.98,45.43,20.26,71.87,11.58,25.2,Moderate
24.49,55.28,51.31,30.9,15.59,27.6,Moderate
36.01,84.92,22.28,13.55,5.39,17.8,Low
31.75,76.96,94.18,70.75,39.32,65.5,High
22.96,64.2,35.11,56.99,13.5,29.4,Moderate
23.41,70.27,31.46,46.55,13.12,29.5,Moderate
31.03,63.36,89.99,34.61,19.17,38.9,Moderate
26.69,69.07,7.71,12.4,18.71,13.5,Low
27.15,58.57,38.64,40.9,10.78,28.4,Moderate
34.36,61.3,6.71,43.58,8.22,18.9,Low
24.26,60.84,61.39,51.17,21.77,35.7,Moderate
28.46,59.11,34.12,50.14,28.09,34.6,Moderate
32.77,85.66,43.12,52.87,19.49,40.2,Moderate
32.05,81.55,42.03,63.68,23.4,39.9,Moderate
27.2,56.01,48.67,34.62,18.4,29.4,Moderate
26.56,52.08,25.0,45.07,15.39,20.0,Low
19.31,67.64,6.43,58.83,22.24,35.0,Moderate
22.72,100.0,8.46,26.11,13.7,34.5,Moderate
29.59,54.58,48.34,42.51,39.1,48.5,Moderate
27.31,67.58,24.62,44.91,12.32,13.1,Low
28.37,71.33,67.13,42.64,38.24,43.2,Moderate
33.2,68.37,37.68,30.72,11.56,27.5,Moderate
22.06,63.13,31.1,40.68,15.68,24.9,Low
26.82,87.33,60.27,52.43,15.19,44.6,Moderate
28.94,76.82,55.29,65.62,19.07,35.2,Moderate
24.48,82.69,37.4,34.64,11.91,26.1,Moderate
35.16,78.84,39.45,49.26,13.18,24.8,Low
32.54,83.41,6.75,55.88,8.13,25.4,Moderate
29.45,93.77,55.43,72.02,20.86,50.1,High
36.97,89.97,56.65,53.17,23.53,50.5,High
20.51,100.0,38.01,51.14,60.69,80.2,Critical
27.96,88.26,61.17,42.83,23.55,44.2,Moderate
29.83,59.96,64.23,61.81,23.23,40.4,Moderate
23.43,82.71,56.49,77.73,18.51,39.7,Moderate
29.5,80.66,32.64,65.91,17.89,40.5,Moderate
22.47,98.8,45.98,50.76,12.12,44.3,Moderate
31.45,55.49,32.52,51.57,16.34,26.8,Moderate
33.29,78.37,22.5,31.84,6.77,12.9,Low
29.36,59.78,40.21,35.13,15.4,24.2,Low
18.74,77.69,71.99,54.73,63.01,65.0,High
23.17,66.78,49.92,56.53,20.39,39.7,Moderate
30.82,77.19,17.38,51.91,37.22,37.1,Moderate
28.11,48.84,12.34,38.13,52.42,41.8,Moderate
15.0,81.9,27.83,51.34,10.17,28.5,Moderate
34.21,73.09,26.55,6.02,16.13,19.8,Low
28.68,72.28,62.1,59.29,15.17,31.1,Moderate
23.9,99.25,1.19,26.11,6.01,33.7,Moderate
32.97,64.26,15.67,21.72,10.06,13.5,Low
24.61,75.13,13.69,46.6,16.29,24.7,Low
24.56,71.5,32.63,68.13,13.76,31.3,Moderate
29.79,72.97,56.01,54.4,22.75,29.2,Moderate
36.91,100.0,30.54,58.89,43.61,61.9,High
36.12,70.96,13.88,33.59,18.74,20.5,Low
29.8,61.49,63.75,88.11,51.49,57.8,High
30.31,98.06,28.85,21.46,11.34,34.7,Moderate
31.96,65.38,43.94,48.87,14.98,29.9,Moderate
21.72,45.92,16.76,52.14,10.66,22.6,Low
31.22,58.89,17.83,40.78,20.55,26.0,Moderate
24.33,51.3,84.46,85.21,20.87,47.0,Moderate
29.59,43.0,63.69,26.2,43.59,53.4,High
26.86,64.55,63.43,55.53,14.66,33.1,Moderate
30.51,68.95,1.51,31.79,7.24,5.9,Low
28.59,87.71,21.22,40.77,12.37,25.3,Moderate
15.0,79.44,25.21,20.08,7.94,21.4,Low
28.89,78.76,45.58,46.58,15.08,29.2,Moderate
31.21,56.6,43.86,45.29,28.49,33.3,Moderate
30.23,83.27,2.08,39.37,12.99,23.6,Low
27.49,90.87,47.5,68.1,30.09,58.6,High
36.21,75.92,35.04,48.93,32.37,37.9,Moderate
29.56,76.34,29.39,51.55,13.68,28.9,Moderate
30.19,51.03,21.69,61.46,21.48,35.9,Moderate
33.22,85.82,96.23,86.52,25.96,67.5,High
29.81,96.71,67.23,22.76,15.12,47.3,Moderate
23.51,74.84,42.05,61.68,17.08,32.5,Moderate
15.81,61.08,41.33,61.33,39.47,45.6,Moderate
25.61,67.57,42.53,45.95,27.24,27.6,Moderate
31.8,63.69,22.38,35.95,28.95,26.1,Moderate
26.23,64.59,27.85,27.81,12.08,22.7,Low
32.01,79.72,62.89,27.89,12.69,39.9,Moderate
28.74,74.19,42.96,62.78,23.39,34.7,Moderate
34.44,85.06,37.34,59.55,39.97,49.1,Moderate
26.52,75.56,89.78,64.92,23.48,49.4,Moderate
30.34,57.04,42.92,60.67,35.17,49.5,Moderate
30.53,62.49,28.84,60.45,33.7,36.1,Moderate
35.51,61.56,3.01,9.12,27.83,20.1,Low
19.47,67.2,34.72,50.89,21.79,32.1,Moderate
25.71,96.92,27.32,40.92,17.63,41.6,Moderate
32.24,99.32,5.07,43.26,21.03,41.4,Moderate
35.73,82.55,15.54,43.24,30.45,36.2,Moderate
29.2,71.78,39.58,60.4,25.64,39.6,Moderate
26.54,49.58,28.94,21.39,20.22,25.8,Moderate
31.79,73.3,71.29,79.66,20.71,44.4,Moderate
32.34,58.15,48.53,44.13,23.88,29.5,Moderate
26.2,94.46,28.36,42.91,19.59,35.6,Moderate
29.65,45.91,47.04,25.07,47.6,42.9,Moderate
33.9,75.77,16.19,39.11,23.02,31.8,Moderate
37.45,56.89,30.89,45.54,20.79,35.1,Moderate
31.71,69.86,22.24,41.59,12.15,16.7,Low
28.22,79.99,32.9,35.48,9.23,25.8,Moderate
27.73,85.33,58.11,37.04,14.44,29.2,Moderate
30.79,69.09,44.86,60.32,50.15,56.0,High
27.42,81.42,45.94,25.02,15.72,26.7,Moderate
28.95,60.06,0.87,47.37,18.27,13.2,Low
22.71,73.68,45.47,76.33,16.95,31.8,Moderate
34.49,85.03,18.05,74.57,10.14,27.5,Moderate
22.3,74.98,5.56,20.69,10.7,16.1,Low
25.84,62.06,54.37,62.89,34.75,46.1,Moderate
28.49,65.81,34.74,38.72,10.72,22.8,Low
37.95,85.23,15.66,58.85,8.6,24.9,Low
25.89,53.62,14.72,46.05,7.73,21.7,Low
24.67,55.84,31.69,41.71,11.66,19.3,Low
25.25,79.02,0.54,21.53,12.15,16.6,Low
36.29,63.41,34.05,41.37,12.35,34.1,Moderate
15.0,48.2,52.57,43.29,23.45,37.3,Moderate
22.99,90.26,16.1,40.27,14.25,32.9,Moderate
41.66,53.51,47.76,52.12,14.32,27.4,Moderate
30.95,67.01,70.61,51.39,57.09,70.2,High
22.47,60.71,34.65,37.47,14.11,21.8,Low
27.79,65.53,66.86,67.81,20.08,40.5,Moderate
28.34,56.73,24.03,53.92,16.53,17.9,Low
32.23,80.71,15.69,28.3,13.53,17.7,Low
37.2,71.66,36.9,47.1,17.99,32.9,Moderate
29.94,84.75,28.22,31.92,17.07,28.7,Moderate
25.3,60.86,33.94,86.0,38.22,51.7,High
31.94,100.0,26.35,30.11,23.4,46.1,Moderate
24.51,41.43,61.04,60.16,20.43,39.5,Moderate
22.83,46.22,62.21,63.45,38.82,53.9,High
19.2,96.3,32.11,36.26,11.56,30.7,Moderate
20.17,77.11,25.6,31.05,11.09,24.1,Low
23.52,75.12,11.42,34.81,32.83,30.1,Moderate
22.11,76.47,73.23,47.66,53.01,57.9,High
29.57,78.57,11.08,41.7,11.23,15.0,Low
22.0,74.5,75.62,48.72,24.99,44.8,Moderate
15.0,55.51,42.51,52.08,12.49,28.3,Moderate
22.78,82.27,10.64,7.76,3.84,14.6,Low
25.64,79.91,45.04,38.66,20.0,25.6,Moderate
24.97,91.43,22.08,36.43,11.14,34.7,Moderate
35.6,96.46,70.97,74.85,16.68,57.1,High
24.93,74.96,6.23,9.46,19.86,14.7,Low
32.4,51.59,69.53,74.57,32.87,53.8,High
27.91,96.59,46.04,61.01,34.07,59.8,High
27.79,54.73,12.34,12.54,5.06,5.0,Low
23.82,75.07,3.85,44.42,14.35,20.6,Low
27.71,66.15,27.92,30.82,11.14,10.6,Low
24.17,63.54,27.28,53.12,11.38,26.9,Moderate
28.85,81.46,63.36,66.63,32.22,46.4,Moderate
26.82,73.67,4.47,48.46,15.57,14.7,Low
23.28,77.7,1.89,27.09,11.62,5.6,Low
32.96,57.76,87.68,75.92,37.43,58.2,High
30.13,67.39,47.72,74.8,21.27,37.8,Moderate
25.76,58.46,72.96,56.17,17.13,36.7,Moderate
28.73,67.01,56.49,52.31,12.48,32.2,Moderate
27.58,68.22,12.67,50.09,16.82,24.0,Low
23.66,97.66,40.16,6.36,8.44,36.1,Moderate
28.35,66.11,70.05,44.8,19.96,37.5,Moderate
24.89,38.12,66.89,73.52,22.56,40.1,Moderate
23.28,90.93,7.29,39.86,26.57,35.0,Moderate
19.89,76.74,48.58,48.77,12.92,30.4,Moderate
26.21,68.03,24.38,29.41,19.48,26.7,Moderate
30.83,63.44,1.77,36.02,15.55,16.0,Low
24.53,55.8,45.42,42.93,21.26,30.4,Moderate
40.6,99.07,16.79,14.67,17.02,36.9,Moderate
32.43,70.78,83.74,83.85,25.81,52.0,High
34.52,43.93,31.14,35.48,22.5,24.5,Low
31.98,74.92,45.68,46.91,9.82,21.5,Low
37.26,88.09,44.61,23.87,22.94,38.1,Moderate
24.06,72.35,8.64,30.0,27.33,28.4,Moderate
15.2,56.48,53.63,68.86,65.23,66.6,High
25.77,55.13,64.52,71.55,53.2,55.2,High
30.79,56.24,52.84,53.87,14.65,32.9,Moderate
28.76,92.82,9.84,29.07,11.97,31.7,Moderate
29.38,68.93,50.28,52.98,18.45,32.0,Moderate
34.6,44.82,49.37,59.86,47.31,48.9,Moderate
29.91,75.76,30.27,23.14,43.03,44.8,Moderate
31.99,72.12,19.85,45.71,28.25,36.3,Moderate
23.3,63.27,74.99,72.74,24.47,42.1,Moderate
22.52,54.69,17.05,40.06,14.79,22.3,Low
36.07,54.04,24.99,43.45,32.03,30.1,Moderate
28.5,86.3,73.99,50.0,18.29,45.8,Moderate
24.88,73.71,55.11,58.75,32.53,42.7,Moderate
24.89,77.18,6.11,61.26,8.37,15.5,Low
24.75,73.67,49.62,73.46,16.68,30.3,Moderate
24.46,74.92,40.54,40.55,40.96,48.8,Moderate
21.58,62.97,51.55,47.42,26.57,36.1,Moderate
20.5,66.91,4.28,56.98,14.32,34.3,Moderate
27.02,87.47,22.74,51.88,15.71,38.2,Moderate
25.04,91.22,15.52,49.06,8.4,34.3,Moderate
33.54,51.67,30.25,18.46,15.66,13.2,Low
29.47,66.88,30.46,59.38,44.75,46.1,Moderate
29.33,82.59,27.65,40.47,16.29,19.7,Low
24.28,98.23,80.33,66.62,18.25,60.1,High
27.39,96.73,23.59,32.67,6.77,31.6,Moderate
29.81,58.06,50.13,77.29,17.04,42.2,Moderate
31.58,89.13,53.6,39.14,23.8,39.5,Moderate
27.53,70.88,33.76,76.1,15.27,33.8,Moderate
33.4,85.67,45.19,51.25,17.78,37.3,Moderate
28.04,81.82,34.42,44.54,31.19,38.7,Moderate
31.96,51.04,71.78,46.88,19.38,40.5,Moderate
25.55,78.25,30.73,37.91,33.86,38.9,Moderate
18.94,85.09,14.45,37.01,9.36,25.9,Moderate
29.34,69.7,38.38,50.45,21.06,34.5,Moderate
31.63,66.31,7.79,45.82,15.15,22.6,Low
30.88,46.43,74.89,58.08,19.52,36.8,Moderate
30.11,80.25,33.45,54.79,19.43,30.4,Moderate
26.26,73.13,23.96,61.13,39.89,38.6,Moderate
23.97,56.17,29.17,61.09,19.01,29.0,Moderate
30.76,65.11,27.24,53.93,28.46,36.7,Moderate
30.13,72.32,2.78,43.48,15.39,14.3,Low
25.2,61.62,24.96,27.83,6.73,19.8,Low
33.55,70.04,0.99,38.48,8.97,13.7,Low
23.59,43.75,23.08,26.81,9.55,16.5,Low
25.08,90.24,24.57,58.85,8.61,31.9,Moderate
36.18,70.24,74.87,65.53,28.99,48.4,Moderate
32.34,53.51,45.83,67.99,18.01,24.5,Low
26.21,33.1,20.29,59.73,8.43,20.2,Low
29.44,85.44,40.62,55.83,11.54,30.0,Moderate
28.77,78.37,4.0,26.26,21.0,20.2,Low
15.0,73.16,51.47,19.38,12.13,27.9,Moderate
23.47,82.95,14.85,48.34,12.77,22.6,Low
27.75,82.91,66.1,55.61,23.51,40.6,Moderate
26.22,72.92,69.11,71.19,48.21,60.6,High
29.24,66.19,8.41,48.42,41.11,33.0,Moderate
33.65,63.74,22.72,51.93,19.64,32.8,Moderate
26.39,76.31,93.2,71.33,30.34,61.6,High
22.71,90.96,22.9,18.14,12.66,22.7,Low
29.62,68.46,53.7,72.75,31.89,48.5,Moderate
26.37,92.15,50.59,33.85,10.3,42.3,Moderate
27.22,75.6,53.76,44.11,18.0,31.2,Moderate
26.54,75.71,21.88,37.7,17.17,22.2,Low
39.21,100.0,68.26,59.17,27.89,59.4,High
16.8,94.79,57.33,50.28,18.86,52.9,High
26.06,95.18,4.52,28.25,36.26,49.3,Moderate
27.98,58.04,15.44,52.44,22.97,27.3,Moderate
24.09,100.0,44.3,30.53,22.12,54.4,High
32.5,68.77,17.39,34.87,12.2,14.9,Low
32.07,66.59,28.63,13.57,10.15,19.5,Low
27.76,37.61,66.03,42.65,40.88,44.7,Moderate
26.65,74.89,33.52,23.29,8.95,20.3,Low
27.44,53.75,15.64,51.49,16.88,22.9,Low
27.48,76.12,62.41,59.64,14.23,30.9,Moderate
27.61,52.58,10.9,26.68,14.37,19.0,Low
27.06,96.97,22.13,5.0,19.43,30.3,Moderate
29.26,78.27,0.16,12.17,21.84,21.5,Low
31.77,100.0,49.86,35.96,51.87,71.8,High
21.85,54.65,56.69,49.43,16.31,33.1,Moderate
22.75,93.24,27.03,55.83,28.0,45.3,Moderate
19.26,42.96,73.71,39.22,22.28,40.9,Moderate
32.33,73.12,51.02,32.6,34.88,44.3,Moderate
29.25,60.53,31.41,20.86,14.51,19.7,Low
30.53,63.28,46.47,51.31,15.57,31.3,Moderate
20.85,62.25,22.75,10.42,39.29,31.9,Moderate
36.92,56.28,7.58,11.17,26.21,23.8,Low
24.96,51.1,48.48,59.04,19.85,31.5,Moderate
28.84,63.36,10.54,61.55,12.38,23.2,Low
32.27,71.74,42.19,50.72,14.36,28.8,Moderate
23.07,87.46,9.96,33.78,22.3,34.4,Moderate
25.27,74.43,23.46,75.88,36.07,40.5,Moderate
28.9,87.5,90.2,58.75,32.62,60.0,High
42.0,47.83,52.98,45.77,24.24,34.2,Moderate
29.51,63.51,17.25,32.99,9.36,11.3,Low
36.03,80.67,26.29,66.71,11.17,26.1,Moderate
34.03,75.15,25.38,51.97,11.12,26.3,Moderate
29.84,57.08,48.51,59.9,27.79,42.4,Moderate
23.05,84.01,24.44,48.45,13.35,25.5,Moderate
33.3,62.03,11.67,32.23,9.24,19.9,Low
20.51,58.34,19.69,37.04,15.49,27.3,Moderate
36.0,77.3,52.85,39.03,38.88,41.4,Moderate
29.0,70.09,36.95,41.99,10.13,24.5,Low
15.0,62.16,68.66,63.27,21.61,45.4,Moderate
26.3,61.65,69.59,56.42,27.24,48.9,Moderate
31.27,53.95,57.92,67.41,13.71,35.0,Moderate
26.81,64.06,50.91,56.76,31.36,46.7,Moderate
31.58,86.5,64.47,60.41,32.37,57.8,High
23.75,73.67,52.12,40.22,20.04,35.6,Moderate
21.47,84.38,21.52,24.14,9.79,20.4,Low
27.64,77.74,67.5,41.73,66.69,67.5,High
28.16,60.82,21.33,58.78,18.75,25.5,Moderate
26.26,45.26,72.27,34.39,13.01,28.8,Moderate
34.14,56.1,24.13,46.29,12.48,16.5,Low
23.75,59.93,77.77,65.07,25.07,49.0,Moderate
29.57,58.77,26.59,34.04,7.28,22.4,Low
28.34,84.72,11.55,38.5,8.74,13.7,Low
20.22,84.56,15.86,43.12,9.47,21.4,Low
21.4,100.0,42.41,32.52,16.76,42.5,Moderate
28.06,58.54,8.61,26.17,6.72,14.6,Low
37.91,93.96,9.38,36.27,13.38,31.1,Moderate
30.9,93.87,36.88,46.36,26.85,49.6,Moderate
19.37,66.52,7.33,16.24,47.57,36.5,Moderate
15.0,77.1,34.33,47.07,12.49,27.0,Moderate
31.67,88.61,23.6,43.88,16.88,33.3,Moderate
27.52,69.12,47.59,65.4,18.97,40.1,Moderate
33.71,67.95,14.99,38.67,17.76,19.3,Low
23.6,60.59,13.82,32.53,7.42,12.3,Low
29.75,34.6,37.59,58.41,30.03,34.1,Moderate
32.23,71.06,50.04,67.96,36.42,49.1,Moderate
25.76,59.35,46.06,29.09,23.73,25.4,Moderate
25.87,53.87,22.62,33.78,9.59,10.7,Low
28.13,76.33,11.42,5.99,32.18,29.2,Moderate
30.71,48.23,51.32,37.24,18.44,25.1,Moderate
27.93,82.09,68.38,79.89,45.28,57.3,High
32.87,77.25,70.91,42.38,20.51,32.7,Moderate
25.69,64.0,32.43,51.99,14.9,24.4,Low
21.36,69.05,86.22,69.97,20.68,57.5,High
37.88,52.15,26.27,34.08,8.22,17.1,Low
24.98,81.26,48.82,43.91,30.89,41.1,Moderate
25.16,72.81,20.81,61.8,12.94,21.3,Low
27.67,73.93,46.78,64.16,29.97,41.6,Moderate
28.34,77.53,57.81,87.42,15.04,43.0,Moderate
26.07,60.36,15.76,5.0,4.71,10.0,Low
27.91,47.21,42.97,56.68,31.96,48.2,Moderate
27.8,84.36,28.33,7.77,12.37,18.9,Low
28.87,80.33,21.59,40.56,20.1,18.6,Low
16.21,61.97,75.24,56.58,24.73,45.0,Moderate
37.4,76.14,37.17,29.37,10.6,24.2,Low
27.26,88.87,21.6,32.04,20.49,33.5,Moderate
30.9,87.08,76.38,55.78,17.31,40.1,Moderate
21.11,61.53,29.51,50.43,40.24,39.8,Moderate
25.64,47.67,86.95,46.77,30.8,48.4,Moderate
24.64,50.24,19.48,29.29,30.09,30.6,Moderate
35.35,65.32,44.1,56.76,13.63,32.5,Moderate
25.07,91.93,23.62,52.58,13.56,31.3,Moderate
31.79,59.07,25.17,81.78,32.91,33.8,Moderate
24.75,61.06,75.87,62.59,18.8,40.1,Moderate
25.74,60.75,61.31,64.47,28.31,46.3,Moderate
26.77,62.02,32.61,41.56,14.88,20.2,Low
34.42,69.83,47.39,71.14,43.06,57.6,High
18.55,50.8,95.68,53.01,16.62,40.5,Moderate
21.42,86.27,70.87,57.31,53.86,71.2,High
18.26,67.83,1.28,37.73,10.72,22.8,Low
22.56,100.0,7.44,43.44,8.62,27.4,Moderate
23.94,52.4,60.41,68.69,18.82,40.0,Moderate
19.93,93.85,35.14,42.75,17.2,47.3,Moderate
24.33,90.87,64.9,69.61,31.2,55.3,High
17.93,63.82,40.05,26.3,58.44,59.6,High
22.91,64.07,17.16,43.29,13.1,25.4,Moderate
34.0,56.18,72.51,30.57,19.0,33.5,Moderate
30.02,56.35,36.59,42.92,15.96,26.9,Moderate
28.94,69.99,9.17,74.22,11.79,17.7,Low
22.99,70.31,18.23,43.87,33.21,31.7,Moderate
20.32,45.96,68.47,50.31,22.1,41.3,Moderate
22.3,100.0,60.61,62.44,18.57,53.7,High
27.78,66.11,54.49,51.86,34.86,45.9,Moderate
32.34,70.98,33.9,28.49,9.6,25.4,Moderate
32.51,60.61,4.82,7.52,7.66,13.9,Low
31.15,65.99,14.84,38.51,30.58,32.6,Moderate
24.31,64.63,46.81,46.96,29.43,36.4,Moderate
28.12,69.96,80.95,58.03,27.69,47.8,Moderate
26.39,69.78,9.81,49.59,35.93,36.1,Moderate
26.99,82.07,61.62,75.95,41.81,54.0,High
38.19,73.41,8.31,47.58,7.17,18.3,Low
19.19,80.56,62.06,50.49,43.01,48.8,Moderate
26.83,69.85,68.25,59.7,22.0,40.9,Moderate
34.06,73.47,50.05,68.01,16.25,32.5,Moderate
20.67,66.38,55.83,66.71,14.81,32.9,Moderate
24.78,85.05,34.98,54.88,29.16,45.7,Moderate
25.35,74.84,21.48,34.25,16.48,27.1,Moderate
26.88,67.63,2.09,51.29,13.95,19.3,Low
20.02,67.18,54.24,74.16,33.22,52.1,High
30.98,68.36,35.4,59.69,45.78,51.4,High
31.33,70.46,60.64,100.0,60.95,72.3,High
30.54,69.15,77.77,73.45,26.35,47.7,Moderate
23.65,61.62,90.52,83.89,20.81,51.4,High
28.43,81.47,17.73,50.81,15.54,24.4,Low
23.5,82.42,76.41,59.8,36.95,55.4,High
26.34,96.76,39.18,31.07,36.85,58.7,High
38.77,60.95,18.08,29.79,40.75,40.2,Moderate
28.48,80.0,60.81,44.9,29.19,39.5,Moderate
22.06,41.36,22.27,24.66,7.63,19.7,Low
28.9,82.44,45.61,46.66,28.4,35.5,Moderate
21.24,48.15,10.09,38.58,16.03,20.2,Low
22.0,55.24,45.42,68.77,16.62,38.1,Moderate
22.79,74.98,38.87,30.53,17.58,24.2,Low
25.78,60.68,22.38,56.21,26.34,34.0,Moderate
32.68,58.62,29.73,49.43,17.68,29.6,Moderate
30.89,62.73,36.12,53.29,9.42,30.0,Moderate
30.61,80.94,24.04,41.97,15.1,23.4,Low
22.51,56.01,7.43,68.98,36.04,40.6,Moderate
25.29,69.19,5.29,25.06,7.57,9.9,Low
29.36,64.32,20.08,33.65,15.39,20.5,Low
24.86,82.3,22.48,44.63,7.14,21.7,Low
26.61,82.72,32.15,52.19,20.4,33.1,Moderate
30.21,42.47,42.35,53.2,16.68,33.8,Moderate
26.26,85.68,7.29,36.8,40.15,50.1,High
29.13,60.84,56.55,62.69,24.9,40.4,Moderate
35.96,73.54,11.55,48.07,6.38,17.3,Low
27.14,55.92,13.37,39.1,6.89,22.6,Low
33.9,75.57,66.25,85.74,38.4,64.8,High
30.8,100.0,22.44,49.48,29.95,50.8,High
20.66,71.91,11.82,35.01,17.68,23.4,Low
22.49,63.1,6.21,55.82,5.43,10.9,Low
23.83,66.52,47.38,21.14,22.6,27.5,Moderate
23.73,47.96,93.38,50.81,27.61,41.2,Moderate
27.55,91.73,46.41,48.18,16.09,39.8,Moderate
31.07,74.69,20.47,24.5,44.81,45.9,Moderate
34.28,54.27,35.44,59.45,33.4,36.7,Moderate
29.54,54.76,61.08,67.92,13.14,32.1,Moderate
25.77,70.23,6.96,61.9,14.87,25.4,Moderate
17.59,83.98,46.05,42.45,15.55,26.8,Moderate
28.35,52.74,47.48,60.13,23.04,37.8,Moderate
28.13,86.7,11.93,58.37,6.77,15.0,Low
28.91,68.63,2.63,38.36,12.76,16.3,Low
38.53,56.05,56.12,69.43,18.79,31.1,Moderate
34.2,62.98,40.61,47.71,28.42,33.8,Moderate
31.93,96.23,38.81,68.3,27.49,52.9,High
23.19,49.18,39.38,37.37,30.61,35.2,Moderate
25.44,59.02,39.37,25.5,16.28,24.4,Low
27.53,84.29,25.32,38.18,30.27,46.3,Moderate
24.12,73.25,20.27,40.78,14.71,26.0,Moderate
30.5,58.13,39.69,55.46,13.15,21.4,Low
29.78,84.47,50.33,59.38,12.67,29.9,Moderate
22.56,85.18,2.96,25.4,6.33,21.6,Low
33.98,74.97,9.34,23.29,18.96,20.6,Low
28.51,60.81,55.08,78.67,19.07,44.1,Moderate
19.35,63.13,35.16,45.24,14.72,30.8,Moderate
27.74,74.27,12.98,32.41,7.43,14.5,Low
29.41,50.32,73.37,65.46,15.04,38.6,Moderate
32.86,89.92,4.23,21.94,26.58,30.1,Moderate
26.31,95.5,87.02,54.73,38.1,71.6,High
32.14,66.46,41.28,61.33,10.52,28.6,Moderate
28.94,75.34,53.36,38.46,36.14,48.2,Moderate
21.42,87.79,50.14,32.61,24.55,38.5,Moderate
20.92,99.33,2.92,30.69,12.6,31.8,Moderate
33.61,93.35,73.77,64.7,28.94,56.8,High
33.98,43.97,66.28,78.82,35.33,56.9,High
29.61,65.27,11.93,44.28,20.1,24.7,Low
35.48,77.51,44.17,58.2,15.15,31.1,Moderate
33.28,62.59,47.32,36.22,9.73,24.0,Low
31.42,96.74,40.33,51.92,21.12,52.2,High
23.44,94.44,51.41,36.21,26.12,60.6,High
36.66,57.76,33.16,60.34,15.68,39.0,Moderate
30.68,67.56,16.55,42.5,14.4,24.9,Low
26.07,58.76,47.47,50.84,19.61,29.3,Moderate
24.66,67.07,62.3,64.39,17.25,35.0,Moderate
29.28,66.62,14.12,32.58,12.76,20.1,Low
19.64,84.31,46.83,44.11,27.02,31.6,Moderate
31.5,56.67,18.38,27.17,17.92,19.2,Low
23.23,30.75,43.11,76.81,15.46,36.1,Moderate
29.85,45.93,51.53,49.62,30.16,33.4,Moderate
25.39,54.58,11.38,34.24,31.02,31.5,Moderate
26.68,60.16,4.02,46.81,6.44,12.6,Low
24.22,72.81,33.98,47.07,12.69,23.2,Low
27.19,53.8,36.44,12.93,8.85,20.1,Low
37.45,51.83,32.91,76.86,19.3,39.9,Moderate
34.93,56.06,22.44,35.66,22.7,26.7,Moderate
29.77,53.27,32.12,33.64,13.56,28.5,Moderate
27.87,61.68,15.17,37.87,23.5,27.8,Moderate
32.22,61.04,51.96,45.44,20.83,29.5,Moderate
33.65,80.34,4.23,29.03,11.42,20.5,Low
23.85,55.16,21.77,44.36,13.44,27.7,Moderate
27.61,64.64,30.72,17.85,22.08,27.5,Moderate
18.89,61.82,15.14,51.32,10.22,15.2,Low
33.62,82.13,62.36,71.14,18.48,35.6,Moderate
38.33,67.69,44.72,25.31,18.8,30.1,Moderate
28.4,85.76,26.39,51.07,16.38,34.0,Moderate
17.37,52.71,75.39,48.55,16.54,39.5,Moderate
31.04,69.26,25.66,37.41,14.3,14.5,Low
23.48,61.36,57.46,60.39,16.66,31.6,Moderate
24.68,51.61,50.49,65.67,25.44,37.2,Moderate
31.13,68.99,23.78,48.29,12.7,27.9,Moderate
29.27,95.99,14.03,19.07,7.53,27.5,Moderate
25.56,57.21,1.38,36.45,9.16,18.6,Low
24.75,68.09,54.28,61.34,12.77,28.5,Moderate
28.63,50.32,40.63,37.63,11.29,16.6,Low
25.95,48.11,14.3,27.32,23.06,27.1,Moderate
22.45,58.19,90.56,65.63,19.04,43.7,Moderate
26.34,63.25,58.75,64.17,21.36,39.2,Moderate
29.7,63.92,53.62,45.27,20.18,29.1,Moderate
27.11,66.61,17.99,44.9,26.89,31.0,Moderate
20.93,45.28,15.41,21.48,10.52,16.0,Low
32.95,60.61,11.6,43.12,17.59,22.9,Low
15.0,77.53,80.94,36.01,32.84,49.7,Moderate
25.77,49.63,22.66,47.58,21.77,31.2,Moderate
24.9,64.67,62.53,70.11,31.86,52.4,High
28.74,74.39,3.19,33.61,21.24,22.5,Low
30.81,58.27,62.1,65.1,40.94,58.6,High
33.63,75.12,81.74,67.29,20.96,39.6,Moderate
24.44,47.18,46.12,30.49,37.55,44.0,Moderate
30.93,83.33,22.84,25.28,9.02,20.8,Low
28.98,75.49,71.9,54.73,15.39,36.7,Moderate
19.44,70.83,13.9,37.64,22.46,24.1,Low
37.5,86.87,15.81,28.79,9.46,25.1,Moderate
20.81,65.06,7.13,19.19,11.28,21.7,Low
30.1,60.73,34.91,5.0,17.21,26.9,Moderate
29.95,90.59,25.72,69.11,14.71,41.6,Moderate
29.38,97.61,41.07,74.94,21.86,52.0,High
25.53,59.6,47.93,39.1,20.15,38.3,Moderate
32.14,68.29,19.91,20.36,6.85,16.3,Low
20.2,85.68,65.84,79.87,17.45,41.9,Moderate
27.67,68.83,43.85,18.55,39.76,36.8,Moderate
25.18,78.92,26.56,59.71,24.42,40.2,Moderate
24.61,81.71,31.88,55.71,25.61,41.0,Moderate
30.14,61.57,52.57,48.16,17.48,37.7,Moderate
33.39,76.29,16.68,61.73,8.64,22.6,Low
26.28,69.91,71.05,49.97,23.7,37.7,Moderate
31.9,51.75,51.17,65.52,23.04,31.0,Moderate
28.25,55.16,91.13,63.15,34.45,50.4,High
23.54,60.21,64.1,39.19,22.55,30.9,Moderate
26.71,83.93,10.41,69.29,28.66,47.0,Moderate
26.5,84.42,47.52,41.0,11.84,29.0,Moderate
24.52,81.25,8.9,31.67,6.98,13.4,Low
30.14,76.6,34.17,59.16,20.27,30.4,Moderate
29.17,76.19,29.28,63.85,24.64,28.0,Moderate
20.05,74.16,18.3,21.62,10.83,9.9,Low
19.74,76.11,24.83,65.3,10.99,32.2,Moderate
30.12,77.13,25.26,43.75,19.3,34.8,Moderate
23.92,48.93,25.01,42.43,22.79,33.2,Moderate
29.51,58.15,92.43,64.84,39.7,59.7,High
31.9,54.57,37.13,47.74,10.95,19.9,Low
21.65,86.61,49.95,29.09,27.49,46.6,Moderate
20.94,94.81,3.7,42.39,9.67,29.3,Moderate
36.37,37.46,13.04,42.63,25.13,28.9,Moderate
29.76,93.47,48.69,46.53,52.45,66.4,High
25.9,71.3,33.44,49.79,18.12,32.5,Moderate
23.33,85.19,33.18,43.54,13.32,34.0,Moderate
25.45,77.6,11.02,37.75,13.8,19.6,Low
22.05,91.61,14.25,46.25,20.72,40.5,Moderate
32.42,73.15,27.39,41.2,8.37,19.6,Low
24.12,49.55,64.84,46.03,21.24,40.9,Moderate
33.47,68.41,28.69,56.42,14.05,31.0,Moderate
26.0,77.73,28.18,28.74,8.66,12.5,Low
22.78,66.76,61.37,72.25,24.64,43.2,Moderate
25.87,79.87,12.44,34.2,28.02,20.2,Low
15.0,69.01,16.47,53.9,11.66,16.1,Low
27.4,61.07,13.24,61.2,20.93,28.4,Moderate
27.15,53.71,43.43,49.31,24.76,34.4,Moderate
32.12,64.12,59.85,69.03,24.84,41.2,Moderate
18.57,73.07,21.71,52.05,7.52,23.4,Low
33.81,40.61,35.69,50.23,15.47,25.6,Moderate
32.1,58.3,82.26,72.83,19.16,39.3,Moderate
34.26,40.05,40.5,44.98,30.55,30.5,Moderate
27.74,60.74,58.22,80.0,18.85,33.1,Moderate
33.07,87.96,27.01,45.72,24.48,34.8,Moderate
20.64,52.21,7.26,26.59,10.55,11.5,Low
31.57,80.55,36.86,41.39,16.68,34.4,Moderate
24.14,100.0,27.92,58.09,22.4,50.0,High
19.74,91.8,51.09,39.07,12.26,34.2,Moderate
22.38,72.0,63.04,85.44,23.64,48.5,Moderate
28.03,82.88,52.85,73.08,17.67,43.1,Moderate
23.88,49.45,21.49,24.06,25.37,24.6,Low
29.88,46.4,1.85,47.25,33.54,35.8,Moderate
18.96,70.43,14.46,25.54,23.72,29.0,Moderate
17.36,75.98,10.53,26.18,32.49,28.5,Moderate
34.86,86.42,23.1,36.05,7.95,24.2,Low
32.52,61.47,4.03,25.27,10.68,12.7,Low
22.75,72.9,18.45,52.34,17.31,28.3,Moderate
27.99,72.39,20.84,46.1,10.23,12.0,Low
33.1,68.03,19.43,48.14,23.3,33.0,Moderate
30.1,68.91,33.1,46.63,28.16,29.3,Moderate
28.74,57.18,41.91,41.75,23.08,29.9,Moderate
33.48,74.2,36.43,39.94,13.48,34.2,Moderate
24.35,72.93,26.13,60.73,12.39,24.8,Low
28.16,63.4,41.72,44.37,30.31,39.1,Moderate
27.91,79.99,41.89,70.6,16.78,35.9,Moderate
26.64,85.42,5.05,27.24,30.44,33.7,Moderate
26.05,80.16,23.08,43.77,9.87,20.0,Low
28.36,54.36,12.41,43.98,28.97,31.9,Moderate
28.17,71.49,11.83,56.87,11.55,21.6,Low
22.76,56.33,13.82,54.38,11.74,14.5,Low
32.01,71.45,62.8,61.59,13.88,30.6,Moderate
23.12,56.39,74.98,62.36,17.0,38.8,Moderate
26.91,89.16,23.97,29.76,20.5,35.9,Moderate
26.52,81.75,19.27,38.86,22.78,31.6,Moderate
29.79,87.29,62.45,90.8,100.0,100.0,Critical
17.4,85.78,63.6,42.88,27.32,46.0,Moderate
32.45,65.94,32.7,38.01,26.83,32.2,Moderate
24.62,63.62,36.81,27.15,12.13,24.0,Low
34.1,96.13,55.42,43.19,15.8,41.9,Moderate
25.61,67.52,67.47,40.87,21.5,37.7,Moderate
27.76,49.68,51.06,34.48,18.33,33.8,Moderate
37.57,85.11,12.28,44.14,17.86,28.9,Moderate
26.61,72.16,68.05,69.77,15.69,34.9,Moderate
34.19,92.59,9.13,43.49,33.29,39.5,Moderate
28.2,73.64,59.58,40.53,35.76,49.9,Moderate
30.08,69.7,26.38,18.97,7.09,15.5,Low
28.35,92.89,14.16,9.28,8.48,18.2,Low
32.24,46.92,33.95,28.6,23.58,24.6,Low
24.57,61.22,44.78,35.28,28.67,29.0,Moderate
23.08,56.69,29.77,38.54,38.3,32.2,Moderate
24.81,37.07,70.03,63.44,22.1,41.9,Moderate
28.5,83.1,90.04,60.71,20.89,46.0,Moderate
26.9,61.64,42.13,73.51,15.3,28.1,Moderate
31.55,83.58,16.41,75.35,10.84,33.5,Moderate
34.52,75.84,25.37,42.28,33.2,34.8,Moderate
23.12,79.11,6.3,8.49,3.73,8.3,Low
24.33,63.17,54.1,45.88,36.9,47.6,Moderate
20.82,58.54,9.35,34.27,11.73,11.1,Low
38.15,71.35,5.1,47.08,19.77,18.6,Low
29.52,83.79,23.87,23.31,18.64,27.0,Moderate
30.4,69.24,18.66,17.19,6.37,0.2,Low
21.3,59.47,6.93,41.36,8.8,24.1,Low
27.99,52.01,41.29,41.25,33.03,39.8,Moderate
30.55,73.06,31.02,37.42,16.27,25.3,Moderate
26.74,61.69,32.56,33.2,47.25,46.1,Moderate
33.38,68.92,52.55,47.34,15.69,34.2,Moderate
39.56,66.42,23.04,46.05,20.24,29.0,Moderate
23.26,63.33,32.92,10.47,8.43,19.9,Low
22.89,74.41,24.22,43.72,25.64,35.9,Moderate
23.61,78.32,12.18,49.58,17.02,31.2,Moderate
36.03,99.48,42.56,56.6,24.38,49.7,Moderate
33.21,81.37,64.34,89.13,35.01,49.5,Moderate
27.32,93.91,43.06,43.51,19.84,38.6,Moderate
28.18,57.72,61.5,55.13,19.71,37.7,Moderate
23.92,45.99,12.06,58.32,15.39,16.0,Low
32.45,69.78,28.87,45.92,25.56,26.7,Moderate
26.1,82.87,23.8,65.91,28.01,40.9,Moderate
26.7,80.52,82.26,76.04,25.25,47.6,Moderate
31.04,88.17,22.07,44.88,9.85,27.6,Moderate
27.06,31.95,32.81,46.31,29.92,40.8,Moderate
26.83,88.79,54.11,50.42,25.85,50.6,High
28.05,75.03,37.78,47.7,11.96,27.3,Moderate
31.98,46.84,19.2,29.04,15.0,15.8,Low
36.23,80.85,29.7,55.56,17.28,29.2,Moderate
30.93,72.54,9.22,66.94,18.21,23.4,Low
32.02,75.72,0.85,8.12,8.45,8.6,Low
27.0,84.99,23.75,60.99,29.04,36.6,Moderate
24.46,76.45,27.85,48.38,21.54,30.5,Moderate
31.27,47.91,15.25,56.01,14.26,21.7,Low
28.86,67.85,63.14,48.29,33.63,41.4,Moderate
20.89,45.74,28.1,42.12,15.88,19.4,Low
26.36,79.74,4.86,55.68,25.57,35.4,Moderate
27.59,90.97,23.4,42.45,29.51,39.6,Moderate
25.45,51.38,11.17,51.28,13.05,24.9,Low
35.41,59.93,44.04,41.59,9.62,24.0,Low
30.4,56.76,62.99,54.07,23.66,39.7,Moderate
34.87,63.19,16.05,48.26,21.11,27.1,Moderate
29.32,76.19,27.36,50.64,28.04,33.2,Moderate
28.41,63.35,30.43,58.05,10.01,24.5,Low
23.32,79.79,54.59,48.99,29.32,43.2,Moderate
28.06,85.98,40.63,49.22,12.12,27.3,Moderate
28.07,86.53,29.82,59.97,48.8,54.2,High
21.16,53.23,20.74,63.9,18.68,28.4,Moderate
25.3,90.79,22.96,30.45,31.66,44.3,Moderate
26.38,91.99,13.77,57.64,39.94,48.4,Moderate
30.07,93.29,7.67,26.16,28.05,36.6,Moderate
30.31,67.63,27.1,47.6,37.52,42.5,Moderate
25.09,58.72,83.75,68.55,37.96,48.6,Moderate
30.34,55.24,86.35,57.91,32.65,55.0,High
27.09,53.47,31.93,43.51,22.38,26.4,Moderate
15.0,70.18,52.51,26.84,44.3,50.2,High
25.58,82.72,40.02,59.88,22.19,42.5,Moderate
33.39,89.6,67.51,54.47,43.25,60.0,High
19.59,62.72,41.4,48.86,20.18,35.8,Moderate
28.56,69.42,14.62,31.53,18.03,20.6,Low
35.93,68.44,17.18,51.94,28.1,29.2,Moderate
24.2,60.47,10.58,41.48,30.2,31.5,Moderate
28.01,81.04,20.52,24.95,13.37,24.2,Low
21.48,75.44,63.57,55.56,30.82,41.0,Moderate
36.14,72.13,28.41,29.42,23.91,21.5,Low
27.58,75.37,73.46,61.02,17.93,40.7,Moderate
28.23,79.23,12.52,49.62,23.71,35.0,Moderate
34.77,79.08,20.08,44.92,36.34,37.1,Moderate
31.31,57.42,33.62,53.28,12.39,30.9,Moderate
23.62,83.44,61.51,72.38,19.64,47.6,Moderate
24.76,73.83,15.02,27.98,15.19,23.6,Low
30.47,63.48,16.47,34.18,7.63,15.6,Low
24.88,73.51,55.69,27.5,26.67,33.4,Moderate
17.41,75.17,29.39,39.59,11.5,23.4,Low
27.73,86.23,35.35,38.17,10.31,24.0,Low
20.6,54.31,35.19,57.13,28.61,40.0,Moderate
36.08,89.87,53.95,60.8,22.49,45.4,Moderate
28.88,70.35,47.74,74.22,16.23,34.5,Moderate
23.47,62.41,46.15,43.63,15.95,28.7,Moderate
24.51,61.95,60.41,62.09,38.3,46.2,Moderate
18.55,54.98,43.44,61.31,22.77,33.4,Moderate
22.5,43.89,51.93,87.54,27.41,45.6,Moderate
33.08,80.16,29.81,51.97,11.01,20.4,Low
39.16,99.71,11.03,38.14,14.25,32.6,Moderate
31.63,45.74,15.89,42.45,23.92,23.4,Low
27.54,55.74,22.52,49.86,10.3,21.7,Low
25.84,81.27,43.76,70.92,14.8,27.9,Moderate
23.22,69.32,20.47,35.78,10.39,16.5,Low
38.3,82.52,19.53,31.17,25.05,20.7,Low
27.06,68.47,2.15,75.08,10.47,15.2,Low
38.58,61.29,22.42,25.94,15.54,19.4,Low
34.97,66.61,34.38,59.87,11.53,28.1,Moderate
19.3,34.27,48.26,58.13,14.35,30.5,Moderate
24.67,52.85,35.93,52.41,26.22,34.5,Moderate
24.65,84.22,20.14,23.63,26.96,29.3,Moderate
27.6,87.88,61.88,97.3,23.29,58.1,High
27.7,91.09,90.64,69.37,18.91,53.3,High
42.0,76.61,59.63,48.14,21.87,31.5,Moderate
22.61,36.16,60.26,36.15,23.11,40.3,Moderate
29.14,60.47,4.45,6.39,5.24,4.0,Low
31.08,89.87,58.72,66.11,21.16,46.9,Moderate
27.99,94.35,27.0,31.89,9.23,35.9,Moderate
28.55,90.44,37.88,44.24,10.72,31.3,Moderate
22.78,66.46,30.16,36.52,15.15,28.9,Moderate
28.53,50.4,54.65,62.2,16.86,34.9,Moderate
30.56,69.39,48.46,57.81,35.78,46.9,Moderate
29.64,70.22,57.57,66.43,32.74,47.3,Moderate
30.85,93.48,19.48,53.67,17.76,37.3,Moderate
35.06,73.42,30.63,34.98,10.81,28.2,Moderate
32.68,70.25,71.66,39.88,35.0,49.7,Moderate
28.36,71.1,29.29,43.03,20.27,21.7,Low
22.14,76.0,46.98,59.2,23.96,35.8,Moderate
25.0,79.4,12.97,41.16,12.75,23.6,Low
26.9,59.13,67.96,30.75,31.37,32.2,Moderate
29.26,54.14,32.17,47.12,15.13,22.8,Low
25.61,90.56,36.58,32.79,8.68,35.0,Moderate
23.32,45.38,15.39,40.72,8.05,17.9,Low
22.06,94.57,12.48,53.83,43.95,51.9,High
19.74,41.34,9.07,5.0,6.94,11.6,Low
26.83,61.23,25.42,66.51,37.79,50.8,High
20.65,84.58,69.69,43.7,17.54,36.5,Moderate
23.0,70.01,74.03,75.85,26.2,42.5,Moderate
26.03,50.25,76.26,74.31,39.56,62.1,High
21.32,76.4,33.57,42.23,22.08,34.9,Moderate
29.9,71.01,10.51,45.49,15.25,20.7,Low
31.7,66.76,27.71,34.18,16.12,24.5,Low
25.25,60.64,10.13,12.66,20.56,22.8,Low
25.81,69.48,37.35,65.14,17.97,35.9,Moderate
30.69,61.27,34.93,36.98,44.37,47.2,Moderate
24.43,100.0,14.88,67.22,9.36,36.6,Moderate
24.09,66.4,16.38,53.98,12.2,21.4,Low
33.98,64.39,39.81,36.26,12.91,32.9,Moderate
32.42,61.88,29.2,54.05,16.92,30.6,Moderate
31.01,96.65,47.52,59.55,23.33,58.3,High
32.63,45.41,64.19,83.3,21.44,43.3,Moderate
18.11,75.39,22.93,35.69,23.08,26.0,Moderate
34.77,66.41,3.91,32.89,7.03,9.3,Low
29.96,48.65,70.18,66.06,16.87,36.8,Moderate
33.05,57.71,75.18,61.59,31.99,53.4,High
29.94,74.75,53.82,32.98,21.82,34.1,Moderate
28.24,57.03,17.77,56.44,11.37,16.5,Low
26.62,73.89,14.02,63.88,18.31,23.7,Low
29.84,95.94,32.32,48.61,13.21,49.0,Moderate
26.44,72.56,30.03,26.42,26.0,26.5,Moderate
32.34,48.2,67.17,56.81,22.83,41.0,Moderate
20.07,57.3,43.1,36.44,9.84,27.3,Moderate
25.29,65.72,25.06,39.88,33.36,34.0,Moderate
38.22,64.72,66.95,61.21,37.83,41.1,Moderate
24.87,72.28,13.52,49.57,20.95,21.9,Low
26.81,74.69,68.79,80.15,19.44,39.2,Moderate
23.59,95.96,26.19,53.57,8.31,30.4,Moderate
29.68,69.94,79.4,46.92,28.08,50.9,High
24.32,52.72,14.86,50.43,25.93,32.7,Moderate
27.07,87.31,25.68,39.7,9.64,32.3,Moderate
32.24,88.95,42.36,47.23,24.47,39.2,Moderate
24.51,73.49,66.48,58.06,18.09,37.1,Moderate
31.94,66.3,21.03,44.39,23.04,32.8,Moderate
32.11,79.34,7.1,52.68,8.55,11.4,Low
33.27,66.83,37.39,55.54,27.32,44.1,Moderate
28.7,39.16,7.93,19.99,13.59,19.5,Low
42.0,78.45,9.97,15.96,5.11,12.7,Low
33.27,83.38,65.01,67.51,17.43,39.5,Moderate
29.62,91.62,70.33,67.7,33.02,54.4,High
23.62,59.04,12.05,58.13,13.48,25.4,Moderate
27.51,73.39,12.19,37.79,6.65,21.9,Low
35.13,73.72,19.66,46.08,16.26,26.2,Moderate
36.55,71.28,76.38,68.89,22.05,46.9,Moderate
35.39,71.72,49.73,29.09,20.77,34.0,Moderate
31.93,70.56,23.93,19.19,30.27,30.6,Moderate
21.72,73.18,69.44,70.34,20.33,44.1,Moderate
30.44,81.11,63.96,62.92,16.59,44.7,Moderate
21.79,88.3,23.04,63.26,11.52,34.8,Moderate
20.56,58.66,89.41,93.95,45.11,65.6,High
29.2,67.42,18.18,36.86,6.61,13.5,Low
30.62,63.66,36.59,42.52,20.49,33.4,Moderate
32.52,61.51,31.36,25.63,14.67,22.9,Low
30.49,45.76,65.94,65.85,29.26,45.4,Moderate
30.66,70.36,21.74,11.74,15.96,21.6,Low
23.08,77.19,74.14,46.39,23.36,41.4,Moderate
27.48,67.67,2.39,40.47,25.04,26.8,Moderate
20.46,69.87,43.24,40.25,22.05,33.2,Moderate
17.98,76.28,55.15,53.59,21.2,35.5,Moderate
31.7,91.17,50.68,49.63,27.03,52.0,High
24.23,63.7,21.96,26.01,14.19,10.0,Low
32.36,52.43,13.97,8.9,13.22,17.1,Low
33.54,68.64,28.61,55.51,10.13,20.1,Low
24.9,98.25,59.03,52.99,42.04,70.7,High
30.95,52.59,37.2,53.11,24.27,26.5,Moderate
24.69,79.75,53.49,52.84,26.02,37.4,Moderate
18.77,87.37,29.36,44.13,19.22,36.4,Moderate
28.62,34.52,30.84,48.25,41.96,41.3,Moderate
25.65,76.15,11.3,36.07,23.69,23.1,Low
25.8,79.05,73.16,55.53,14.25,41.4,Moderate
37.88,65.99,71.7,45.02,24.19,35.3,Moderate
20.37,60.3,88.12,100.0,35.91,60.5,High
29.91,61.14,66.58,73.41,49.22,56.8,High
23.03,65.07,26.96,66.8,14.56,31.3,Moderate
32.54,65.47,46.35,70.26,18.47,33.2,Moderate
29.49,62.64,31.96,42.0,19.84,28.6,Moderate
29.9,64.83,63.4,54.46,22.08,37.7,Moderate
23.28,87.86,14.86,40.24,10.27,25.6,Moderate
24.17,51.78,87.13,60.03,18.81,43.1,Moderate
32.64,43.76,73.11,73.76,32.59,50.0,High
36.85,88.1,41.78,37.42,14.35,33.8,Moderate
30.4,67.12,44.8,34.68,25.37,31.0,Moderate
23.51,64.18,34.03,27.47,14.79,24.6,Low
29.69,68.33,48.31,47.05,16.68,26.5,Moderate
40.14,73.14,51.35,45.89,27.62,40.2,Moderate
28.51,62.14,29.14,35.92,10.01,20.8,Low
35.31,77.59,16.0,41.86,11.26,11.3,Low
24.3,55.57,33.52,29.24,18.48,26.5,Moderate
27.79,65.47,46.63,62.45,22.67,43.7,Moderate
31.1,36.78,31.74,29.65,23.68,27.5,Moderate
29.99,87.58,36.68,30.25,21.72,36.7,Moderate
24.17,67.36,26.78,34.72,22.22,25.1,Moderate
23.95,80.05,9.36,36.21,16.03,30.5,Moderate
32.94,77.15,23.15,56.01,13.24,34.3,Moderate
33.96,78.25,27.14,43.38,18.81,34.6,Moderate
35.56,69.88,46.87,27.34,19.5,38.0,Moderate
37.02,75.82,16.39,48.05,13.18,19.0,Low
28.67,55.58,31.28,52.97,31.63,32.1,Moderate
26.44,52.43,66.2,49.46,25.63,51.8,High
34.75,68.48,71.02,62.42,15.56,37.4,Moderate
31.57,59.8,62.21,78.29,14.38,34.2,Moderate
23.09,91.38,32.82,33.52,37.69,50.6,High
22.83,75.63,15.76,54.93,54.77,44.8,Moderate
30.46,59.25,53.73,72.79,15.44,36.5,Moderate
27.11,65.93,7.41,40.23,10.28,13.8,Low
27.87,72.0,70.47,41.23,15.64,38.3,Moderate
33.36,68.98,27.25,64.14,26.12,31.7,Moderate
31.8,74.08,67.2,72.26,14.89,33.8,Moderate
34.65,71.03,10.19,46.79,13.29,17.1,Low
18.34,49.14,39.45,48.02,13.62,28.1,Moderate
29.27,37.74,58.29,72.76,30.41,42.4,Moderate
31.47,64.4,15.59,27.71,6.64,18.1,Low
20.37,78.41,52.94,66.38,31.64,44.9,Moderate
24.73,64.56,13.32,34.84,5.16,16.7,Low
23.8,88.55,46.42,26.1,11.8,28.3,Moderate
28.11,69.3,5.56,21.88,4.66,9.7,Low
36.14,90.36,51.97,59.25,27.31,49.6,Moderate
38.11,87.28,54.49,57.41,18.15,38.5,Moderate
23.93,85.77,21.5,49.17,21.48,32.0,Moderate
30.63,51.95,32.29,40.8,11.72,24.6,Low
30.79,70.26,24.31,46.67,11.28,15.8,Low
29.94,88.34,36.06,57.0,14.18,34.3,Moderate
29.99,74.09,15.33,75.76,27.61,35.1,Moderate
29.52,78.32,57.43,49.22,19.02,30.3,Moderate
36.44,49.18,45.14,66.17,30.72,33.3,Moderate
33.51,98.78,67.37,68.28,33.36,65.1,High
22.7,58.13,16.96,42.78,38.41,32.7,Moderate
31.98,40.08,57.09,35.46,12.85,20.9,Low
32.46,64.73,34.31,67.86,32.75,37.9,Moderate
29.57,33.29,51.45,56.74,27.88,40.0,Moderate
33.66,53.72,87.19,56.65,22.17,45.7,Moderate
28.94,100.0,59.71,42.63,23.96,53.8,High
29.0,64.3,7.47,41.53,9.92,21.5,Low
28.61,48.58,1.16,21.34,4.93,11.3,Low
17.91,70.38,43.43,41.67,36.86,37.0,Moderate
27.6,56.53,25.21,34.95,8.65,16.4,Low
24.66,82.97,9.65,39.07,8.06,10.5,Low
22.07,56.66,70.06,68.53,24.68,49.3,Moderate
35.17,74.06,40.89,44.55,24.43,32.3,Moderate
30.52,52.79,26.37,41.04,27.11,40.0,Moderate
27.85,100.0,22.33,44.44,6.92,34.5,Moderate
25.18,77.55,13.19,28.39,12.41,17.4,Low
29.48,67.82,36.01,38.8,15.78,28.9,Moderate
32.96,65.61,34.17,39.95,21.96,37.2,Moderate
23.87,61.7,64.27,61.81,13.88,42.8,Moderate
27.98,58.59,47.46,75.74,32.22,44.9,Moderate
32.34,58.17,63.23,38.44,14.15,30.8,Moderate
18.32,95.17,34.48,50.65,19.59,41.4,Moderate
27.71,61.71,37.78,44.78,23.14,39.7,Moderate
25.85,38.06,25.84,41.5,9.86,22.6,Low
27.33,52.51,15.7,33.18,18.0,19.5,Low
25.49,83.92,8.22,55.0,22.17,34.6,Moderate
28.69,66.22,49.69,16.0,11.96,26.2,Moderate
37.62,67.99,51.13,35.86,15.41,26.5,Moderate
26.38,87.55,61.41,72.84,18.5,44.1,Moderate
29.46,58.34,32.63,63.89,23.21,29.4,Moderate
37.97,79.49,50.96,79.24,26.69,48.2,Moderate
25.25,59.98,61.15,61.0,37.78,46.8,Moderate
37.07,78.64,21.59,49.79,20.87,23.9,Low
28.03,64.13,59.79,27.98,27.23,43.0,Moderate
36.91,66.38,17.77,41.26,17.59,25.3,Moderate
31.75,82.3,17.56,49.54,7.99,13.2,Low
29.54,81.22,56.35,47.4,34.44,48.4,Moderate
27.67,67.52,50.08,51.14,15.91,23.9,Low
24.88,62.93,24.98,62.22,27.6,31.8,Moderate
28.38,93.99,8.26,59.74,12.04,35.5,Moderate
32.49,78.84,5.99,40.85,18.39,24.0,Low
27.93,64.13,46.17,50.4,40.71,42.9,Moderate
26.42,60.2,17.6,52.09,24.2,24.2,Low
26.75,85.37,28.19,39.33,20.19,39.9,Moderate
32.96,71.73,91.7,82.76,24.18,57.2,High
34.13,67.55,6.52,29.41,8.77,13.1,Low
24.66,71.72,19.24,52.99,8.03,20.3,Low
24.66,75.07,46.81,51.09,11.26,25.5,Moderate
29.9,69.15,44.75,41.38,22.39,31.9,Moderate
35.64,88.06,28.89,50.5,22.24,38.1,Moderate
33.73,88.89,5.46,31.03,22.0,33.4,Moderate
21.74,77.98,32.89,61.42,24.87,28.8,Moderate
26.68,90.62,66.09,43.22,14.5,44.1,Moderate
23.35,70.13,36.63,51.19,21.58,38.5,Moderate
26.66,80.35,8.91,27.14,47.36,37.6,Moderate
36.02,85.07,21.52,60.55,33.15,38.3,Moderate
20.89,85.29,66.45,68.98,29.11,55.6,High
19.91,83.74,78.86,61.93,29.08,47.1,Moderate
23.86,79.47,46.76,51.14,18.13,27.5,Moderate
29.44,99.36,33.91,72.13,16.03,40.9,Moderate
31.1,61.9,56.85,66.28,32.88,47.8,Moderate
30.19,67.67,22.31,31.47,13.06,15.5,Low
33.88,66.78,52.31,67.33,27.68,35.2,Moderate
19.18,64.48,19.94,33.54,10.68,19.3,Low
33.94,40.17,16.73,43.15,30.84,26.8,Moderate
26.44,90.62,5.95,5.61,15.27,26.0,Moderate
31.66,54.61,57.06,67.2,24.87,42.8,Moderate
21.38,72.55,31.51,35.98,15.04,25.0,Moderate
28.02,48.67,41.37,46.36,22.03,28.8,Moderate
29.18,79.31,54.55,33.2,27.85,40.8,Moderate
33.78,58.22,37.19,50.72,23.23,27.1,Moderate
20.07,52.96,63.17,58.17,23.31,44.2,Moderate
28.15,72.92,3.82,17.22,4.36,8.1,Low
22.57,59.49,42.12,50.23,24.16,34.1,Moderate
30.53,61.39,48.09,47.85,16.93,32.5,Moderate
31.89,72.58,51.66,71.44,25.5,46.5,Moderate
34.44,82.0,56.28,44.07,12.16,32.9,Moderate
25.32,57.72,22.76,50.15,8.54,18.6,Low
32.64,55.13,12.33,17.26,39.9,34.6,Moderate
34.8,70.35,48.39,53.14,23.35,40.8,Moderate
19.78,78.09,40.73,54.62,38.94,48.9,Moderate
31.06,91.94,46.0,57.21,10.58,39.8,Moderate
32.79,53.93,13.56,37.96,17.43,22.8,Low
26.71,65.23,38.76,74.54,33.07,45.0,Moderate
21.95,87.64,50.53,47.28,21.66,45.0,Moderate
32.71,99.6,54.44,61.28,23.1,55.1,High
22.0,55.1,18.31,36.68,15.91,22.6,Low
27.11,58.92,34.47,34.5,8.75,21.4,Low
27.8,75.72,56.7,37.03,37.04,38.7,Moderate
31.58,61.33,26.73,30.64,23.93,25.5,Moderate
24.87,58.61,75.85,70.61,18.91,46.0,Moderate
24.58,73.67,10.6,58.62,13.03,30.5,Moderate
28.49,93.24,25.22,52.85,12.19,36.1,Moderate
33.03,50.36,59.3,50.73,40.89,48.0,Moderate
39.44,92.48,42.64,40.5,56.33,62.2,High
20.46,61.38,30.86,48.26,10.7,13.9,Low
29.58,75.19,50.07,36.91,10.27,32.5,Moderate
22.57,93.86,34.81,60.44,15.72,38.7,Moderate
33.09,74.88,27.86,50.29,14.84,19.7,Low
23.31,65.54,58.74,41.04,11.68,30.5,Moderate
24.63,80.77,16.64,63.19,15.68,27.3,Moderate
25.05,67.4,76.79,43.78,25.91,51.2,High
27.62,77.82,4.06,37.2,3.86,14.3,Low
29.62,66.93,20.66,54.74,27.05,39.1,Moderate
30.42,82.92,42.55,60.91,12.5,35.4,Moderate
27.97,49.09,30.04,36.14,7.27,16.5,Low
21.35,54.8,68.85,52.91,38.2,59.6,High
31.64,48.87,75.58,47.12,22.13,46.4,Moderate
27.74,69.15,68.83,62.37,34.4,51.5,High
33.81,47.06,57.39,67.39,31.64,49.4,Moderate
24.46,59.62,4.72,8.01,3.88,8.5,Low
19.99,53.39,8.71,46.39,8.58,17.7,Low
27.83,92.2,43.8,42.95,12.49,39.7,Moderate
34.48,55.14,27.32,43.17,22.99,37.8,Moderate
28.8,50.7,55.08,38.31,12.83,33.2,Moderate
27.0,73.73,51.18,43.63,13.92,29.8,Moderate
23.65,95.3,53.96,83.77,13.3,50.5,High
36.79,68.26,15.78,35.45,17.11,16.2,Low
22.85,69.42,11.58,38.89,8.67,17.5,Low
24.37,89.36,6.44,23.53,14.05,27.5,Moderate
30.85,83.17,38.26,87.13,26.68,46.4,Moderate
18.72,76.38,22.37,49.82,11.98,24.2,Low
34.37,61.26,13.49,39.4,10.9,15.8,Low
31.12,76.84,17.99,55.1,25.36,35.2,Moderate
32.5,49.59,34.2,52.3,8.91,27.5,Moderate
30.79,60.64,79.07,60.09,27.34,46.7,Moderate
27.19,91.47,38.86,46.68,19.79,41.5,Moderate
22.68,89.53,58.29,32.31,23.14,43.5,Moderate
27.3,76.56,31.03,40.38,7.8,22.5,Low
23.12,41.06,67.64,51.09,39.84,51.5,High
30.43,51.88,76.21,66.49,29.81,41.4,Moderate
32.03,59.81,41.75,46.44,30.21,35.9,Moderate
35.38,67.42,25.03,54.05,31.89,31.5,Moderate
29.86,51.24,44.23,51.98,44.88,45.7,Moderate
32.62,66.31,67.23,45.91,22.57,43.7,Moderate
26.51,96.51,17.58,63.49,22.24,40.9,Moderate
25.61,76.01,25.64,38.17,6.83,12.6,Low
30.37,73.28,50.29,60.92,17.49,29.3,Moderate
26.07,54.74,51.43,33.33,17.22,30.6,Moderate
29.35,45.42,61.27,68.0,30.41,47.9,Moderate
22.69,51.58,60.33,31.58,11.05,27.3,Moderate
23.59,44.81,64.65,86.69,40.85,46.9,Moderate
31.18,71.13,56.62,65.09,20.13,35.3,Moderate
32.43,75.76,44.05,47.15,58.73,63.2,High
23.07,55.52,90.57,75.27,22.84,48.7,Moderate
31.35,72.22,47.62,32.66,13.24,18.5,Low
25.34,92.03,9.85,35.41,5.97,21.5,Low
28.08,99.37,31.88,57.33,28.15,44.8,Moderate
35.08,81.56,25.02,52.35,17.29,27.2,Moderate
32.04,67.38,13.3,39.54,15.32,21.9,Low
31.98,81.07,33.43,51.43,15.56,28.7,Moderate
37.54,90.28,38.86,64.81,30.27,47.9,Moderate
24.48,39.89,77.35,72.92,27.7,55.8,High
23.07,92.23,53.19,25.44,11.69,37.4,Moderate
24.39,61.83,54.21,53.86,17.51,32.5,Moderate
26.73,61.98,42.3,50.08,44.78,50.7,High
16.23,64.68,32.63,27.66,19.63,29.5,Moderate
26.96,74.8,42.58,34.06,17.55,30.3,Moderate
25.28,53.33,53.81,76.29,41.35,62.8,High
31.92,65.73,39.24,37.84,27.77,31.5,Moderate
29.76,77.88,40.24,42.73,21.78,37.4,Moderate
25.0,73.28,46.69,39.35,19.88,36.5,Moderate
30.95,75.71,27.88,50.96,26.04,27.6,Moderate
31.62,65.14,57.47,59.3,15.01,36.2,Moderate
24.16,80.41,57.29,84.13,30.15,44.5,Moderate
25.53,85.85,31.87,38.11,19.46,33.6,Moderate
16.87,84.95,37.61,56.02,33.75,50.5,High
22.55,76.41,76.23,33.38,19.24,37.7,Moderate
24.29,84.08,11.88,17.89,13.11,11.5,Low
28.37,83.07,26.5,64.25,16.87,35.5,Moderate
23.27,100.0,54.43,70.63,16.05,46.9,Moderate
25.43,88.27,59.09,62.34,17.44,42.0,Moderate
21.87,68.67,37.35,64.97,17.61,37.2,Moderate
28.86,56.32,34.33,30.88,9.76,16.1,Low
30.13,66.08,25.08,68.57,16.59,31.4,Moderate
30.01,65.02,12.06,23.7,11.79,13.4,Low
28.06,77.67,67.16,63.37,16.41,29.2,Moderate
20.29,59.5,5.66,78.56,51.36,45.1,Moderate
24.9,87.88,8.44,24.72,17.74,24.0,Low
25.96,49.16,74.55,81.32,27.98,43.6,Moderate
25.98,45.51,29.32,59.76,22.44,31.8,Moderate
28.37,67.97,44.05,42.41,15.37,29.0,Moderate
35.13,57.36,21.94,74.03,28.24,34.7,Moderate
32.06,51.13,79.28,49.07,38.59,49.6,Moderate
23.06,60.44,57.26,54.49,22.69,40.5,Moderate
31.39,58.58,12.93,49.15,21.55,20.9,Low
31.2,70.15,55.48,52.98,14.85,37.6,Moderate
23.97,60.69,20.21,88.7,33.03,39.0,Moderate
32.24,61.91,20.69,23.37,19.08,21.2,Low
27.2,69.93,30.13,69.81,27.99,34.2,Moderate
20.95,85.21,59.16,21.77,18.31,30.7,Moderate
30.28,92.06,43.86,6.98,17.59,39.1,Moderate
29.08,72.22,17.56,41.94,19.77,22.4,Low
26.86,73.38,42.34,60.87,30.9,43.2,Moderate
27.81,67.25,50.75,75.12,15.3,37.0,Moderate
24.4,77.22,1.93,59.8,27.85,29.3,Moderate
31.05,75.85,19.67,44.89,36.98,42.0,Moderate
27.78,89.89,35.3,54.83,17.71,39.4,Moderate
28.83,41.67,14.35,43.67,15.59,12.7,Low
29.79,66.48,27.32,67.45,34.66,38.4,Moderate
22.23,75.09,34.4,28.51,50.71,57.7,High
23.53,69.61,52.87,43.53,13.68,30.1,Moderate
16.95,55.91,25.84,56.89,19.47,28.8,Moderate
30.82,50.51,18.33,57.21,8.93,24.8,Low
21.94,82.09,55.58,74.64,16.37,45.1,Moderate
28.66,58.65,34.53,46.03,25.77,29.5,Moderate
29.85,43.68,30.44,38.18,17.62,25.6,Moderate
31.01,82.85,53.88,64.41,28.52,45.4,Moderate
21.98,76.88,6.28,20.75,15.72,11.7,Low
27.67,68.26,74.37,86.02,26.36,48.4,Moderate
36.35,56.28,9.51,30.78,27.15,27.0,Moderate
36.57,68.3,76.18,57.51,41.43,53.6,High
32.94,88.23,11.87,50.42,14.96,38.2,Moderate
29.69,45.78,50.27,41.7,13.45,31.1,Moderate
22.97,46.54,63.71,40.06,25.68,39.6,Moderate
31.59,60.58,42.77,67.26,14.04,31.4,Moderate
27.21,69.6,52.13,37.6,10.89,30.1,Moderate
30.8,62.56,25.87,47.95,11.71,22.2,Low
24.84,79.64,35.76,47.84,12.63,20.2,Low
27.14,86.33,35.67,18.99,23.83,29.2,Moderate
28.82,74.18,50.2,36.87,41.97,47.0,Moderate
29.23,78.41,53.41,59.01,38.83,53.6,High
30.47,74.08,65.78,76.52,21.3,41.1,Moderate
25.1,70.14,84.62,53.18,26.11,49.8,Moderate
21.28,50.6,59.79,42.64,19.12,35.7,Moderate
36.12,54.58,29.37,54.75,31.78,41.9,Moderate
40.45,49.74,54.47,66.09,26.31,36.3,Moderate
30.24,67.77,14.97,54.25,25.65,25.9,Moderate
21.38,73.48,65.62,61.28,17.49,45.2,Moderate
24.13,48.26,8.37,29.97,55.0,35.6,Moderate
30.55,71.09,10.16,50.31,7.46,19.3,Low
34.71,56.87,36.69,46.58,11.75,31.5,Moderate
21.94,53.96,64.95,67.8,32.78,49.3,Moderate
27.38,60.62,68.17,51.08,14.43,40.3,Moderate
28.98,53.19,24.83,40.54,39.32,43.9,Moderate
32.32,79.1,14.63,48.15,32.65,37.7,Moderate
26.28,67.48,59.75,25.06,26.75,37.9,Moderate
20.18,82.23,35.13,67.38,14.92,28.3,Moderate
31.11,63.35,46.48,50.51,29.17,33.1,Moderate
33.62,63.91,44.89,8.44,15.37,22.4,Low
27.59,98.1,23.07,45.61,10.77,30.0,Moderate
30.03,45.65,35.06,40.77,16.94,29.0,Moderate
25.63,89.27,32.81,30.85,15.61,42.6,Moderate
23.77,94.82,64.34,86.89,24.83,59.3,High
33.13,81.49,23.67,55.84,24.1,35.0,Moderate
29.94,65.04,37.56,45.78,15.13,22.7,Low
30.45,91.4,67.68,59.5,21.03,49.7,Moderate
35.51,65.17,79.93,66.98,25.03,46.7,Moderate
22.73,59.41,38.42,24.02,31.85,33.4,Moderate
25.24,64.18,60.3,95.54,51.85,64.9,High
28.79,61.45,21.49,43.19,10.33,17.8,Low
25.18,55.8,25.77,71.15,17.33,30.5,Moderate
31.92,86.65,42.75,37.24,21.73,39.6,Moderate
27.06,58.4,68.79,67.88,15.96,43.9,Moderate
23.04,69.56,83.97,46.63,22.67,43.1,Moderate
28.33,48.34,48.39,8.71,24.93,27.0,Moderate
28.85,70.46,29.21,58.79,20.63,30.8,Moderate
32.67,52.66,51.93,56.1,14.5,33.4,Moderate
29.97,52.29,30.2,37.62,87.55,65.3,High
30.31,68.36,17.6,5.0,22.19,18.2,Low
29.6,85.85,29.42,38.24,24.43,36.4,Moderate
27.06,76.61,41.87,53.76,15.71,22.4,Low
24.42,77.64,37.97,32.13,36.79,38.8,Moderate
29.44,68.05,56.98,56.92,23.9,37.4,Moderate
26.33,64.97,31.13,36.38,9.96,23.8,Low
36.45,81.87,75.79,43.5,25.1,40.4,Moderate
34.71,61.55,18.72,39.42,21.62,24.5,Low
31.16,82.52,11.9,6.62,2.83,10.6,Low
29.89,88.54,36.51,55.3,11.61,31.6,Moderate
27.56,57.38,43.87,51.83,24.06,31.1,Moderate
21.69,59.58,9.37,47.35,11.91,16.7,Low
26.92,61.81,31.1,62.81,36.3,33.3,Moderate
28.51,48.0,35.16,43.52,21.6,25.9,Moderate
29.15,62.96,15.32,5.0,14.17,17.8,Low
30.35,89.52,23.96,39.54,16.01,26.5,Moderate
32.61,54.32,18.38,24.26,29.02,23.7,Low
24.54,89.88,14.07,61.42,23.23,37.6,Moderate
24.58,63.5,12.14,33.69,19.96,25.7,Moderate
35.25,100.0,20.69,54.86,32.91,48.5,Moderate
31.85,59.77,51.99,75.11,41.29,48.7,Moderate
26.05,67.84,30.84,34.58,9.72,26.4,Moderate
27.46,56.35,49.06,53.3,70.55,65.9,High
27.49,59.68,37.67,48.77,9.71,27.1,Moderate
28.16,90.07,53.84,86.94,26.0,49.2,Moderate
30.36,77.12,8.15,56.84,8.97,16.9,Low
40.67,85.43,39.33,32.8,26.25,41.9,Moderate
28.95,50.27,3.67,27.12,23.49,23.0,Low
31.31,79.82,34.57,40.14,10.81,26.2,Moderate
19.57,55.43,46.09,38.95,32.85,41.7,Moderate
25.58,49.94,86.0,60.35,15.32,43.4,Moderate
34.14,73.58,20.42,34.2,24.49,26.5,Moderate
30.01,73.43,52.08,53.77,12.37,26.2,Moderate
15.0,70.8,82.26,62.06,42.77,54.5,High
31.37,80.76,35.99,64.9,18.36,31.8,Moderate
37.59,83.1,3.05,24.64,7.91,6.2,Low
18.02,92.05,54.94,29.19,39.39,56.3,High
35.6,52.14,87.7,58.3,34.46,55.5,High
15.0,92.53,2.17,26.56,11.34,25.8,Moderate
32.69,98.23,16.95,63.03,19.27,41.5,Moderate
27.96,64.51,80.1,75.71,47.8,62.3,High
16.25,44.97,77.39,81.55,24.54,40.2,Moderate
30.23,49.25,13.88,54.3,9.42,12.3,Low
33.75,63.07,64.34,27.93,22.83,42.0,Moderate
29.82,100.0,50.87,40.01,16.75,39.7,Moderate
30.92,70.26,30.06,23.04,21.66,29.7,Moderate
25.94,60.74,43.88,73.86,26.74,45.9,Moderate
18.69,59.72,33.37,59.28,20.0,31.4,Moderate
31.46,50.16,38.98,54.62,14.36,27.8,Moderate
36.75,83.12,20.8,33.75,15.24,25.8,Moderate
33.65,68.62,39.33,41.93,22.33,23.2,Low
18.06,100.0,64.07,44.52,17.44,49.4,Moderate
20.43,79.42,10.56,48.44,13.93,27.4,Moderate
23.77,82.45,21.28,44.0,27.23,34.2,Moderate
20.04,66.37,7.89,48.17,11.73,18.6,Low
28.22,53.63,33.15,52.88,15.98,28.0,Moderate
29.97,56.9,13.91,52.25,11.61,18.0,Low
20.85,49.46,5.2,44.57,12.32,12.8,Low
31.89,83.66,13.91,56.4,9.35,27.8,Moderate
31.01,64.23,59.93,67.07,24.11,37.5,Moderate
25.26,84.29,70.13,51.83,20.63,52.1,High
27.14,72.04,31.25,53.28,23.22,31.3,Moderate
18.25,65.61,56.98,59.58,22.93,40.2,Moderate
26.34,52.46,4.09,33.57,11.72,22.2,Low
28.04,74.52,19.8,41.67,27.48,32.8,Moderate
28.84,66.72,58.45,70.56,45.96,49.6,Moderate
29.89,83.53,14.61,48.23,13.64,23.1,Low
29.22,59.27,36.6,61.77,28.57,31.0,Moderate
26.68,79.24,26.09,44.74,16.17,25.1,Moderate
29.43,94.61,41.95,66.93,15.88,41.0,Moderate
33.01,74.09,16.58,52.4,21.32,27.1,Moderate
27.52,81.78,14.36,27.93,18.35,29.1,Moderate
29.59,78.58,40.76,43.89,25.34,41.5,Moderate
27.07,98.47,49.84,39.7,21.09,41.9,Moderate
24.77,75.57,68.86,42.91,22.08,31.4,Moderate
30.61,80.5,19.21,81.92,18.99,32.8,Moderate
25.22,69.46,25.41,68.92,29.06,36.4,Moderate
29.93,58.38,44.31,67.84,25.7,33.3,Moderate
28.14,51.88,76.48,68.5,28.46,46.4,Moderate
26.48,89.0,33.94,38.75,19.36,36.1,Moderate
26.36,54.87,43.37,33.56,14.86,24.7,Low
25.46,81.19,38.2,45.22,19.93,36.9,Moderate
19.77,76.24,13.43,28.9,25.51,30.5,Moderate
29.91,83.77,23.3,53.86,14.19,28.1,Moderate
29.16,62.28,56.83,57.17,17.37,39.7,Moderate
32.25,58.14,45.95,63.93,13.8,34.6,Moderate
25.34,75.68,58.13,58.98,30.88,44.6,Moderate
37.48,65.61,70.45,34.3,51.93,45.2,Moderate
26.1,51.53,39.51,46.24,46.11,40.7,Moderate
23.62,99.08,26.6,50.12,9.06,36.7,Moderate
23.03,58.13,22.43,46.97,12.87,24.4,Low
19.33,55.1,73.34,52.35,25.76,37.0,Moderate
35.66,66.37,20.87,34.96,28.57,34.7,Moderate
34.86,88.79,22.14,32.77,7.15,30.7,Moderate
31.0,37.5,67.31,33.51,14.5,32.2,Moderate
23.52,87.55,37.34,47.63,16.84,37.6,Moderate
37.06,56.33,55.77,66.21,17.72,38.8,Moderate
26.24,73.97,46.56,44.16,15.07,30.9,Moderate
26.65,59.86,9.82,19.81,13.01,15.8,Low
35.19,99.88,29.04,60.08,23.62,49.7,Moderate
31.29,71.87,14.33,60.46,11.86,26.5,Moderate
39.01,59.38,18.8,34.97,17.08,26.0,Moderate
29.24,65.48,19.24,27.67,16.63,15.7,Low
26.01,71.34,11.12,36.72,13.57,19.2,Low
24.94,72.67,77.28,66.26,18.23,43.5,Moderate
18.77,76.58,35.2,40.58,11.42,18.2,Low
26.61,69.98,73.06,37.02,19.33,39.1,Moderate
33.72,49.34,31.34,60.38,17.49,28.4,Moderate
30.99,64.9,64.95,61.36,35.45,56.3,High
28.1,79.1,4.09,59.66,28.79,34.2,Moderate
23.03,59.95,5.62,37.6,18.7,21.4,Low
29.13,80.09,33.14,68.68,12.06,30.6,Moderate
33.06,70.48,40.35,45.73,28.79,37.1,Moderate
30.15,66.73,62.15,47.69,15.94,27.4,Moderate
28.83,87.91,37.33,40.56,23.44,38.6,Moderate
24.02,43.93,33.41,74.06,14.22,22.9,Low
32.34,59.87,33.26,43.83,21.3,28.5,Moderate
15.0,88.49,36.51,71.5,26.02,46.3,Moderate
29.91,97.45,6.26,30.27,12.14,26.5,Moderate
40.85,100.0,55.0,33.48,17.09,47.5,Moderate
20.46,70.76,70.85,70.28,22.53,49.4,Moderate
26.79,76.87,19.31,32.14,22.6,24.1,Low
27.96,82.26,42.29,54.36,20.44,31.8,Moderate
25.69,89.13,17.99,44.31,8.38,31.3,Moderate
33.18,74.7,36.17,50.45,17.09,30.3,Moderate
30.36,83.89,48.9,76.84,30.64,48.2,Moderate
28.76,76.9,53.81,57.62,34.52,47.5,Moderate
31.99,77.83,74.99,63.04,35.87,52.4,High
28.08,56.22,37.02,42.63,17.66,24.9,Low
42.0,65.06,25.08,51.85,10.94,18.4,Low
28.76,62.16,36.15,54.34,18.51,37.6,Moderate
28.98,52.17,36.02,41.59,40.19,43.3,Moderate
19.45,45.23,30.4,59.77,12.35,31.8,Moderate
25.28,63.65,34.98,44.17,9.67,22.2,Low
33.74,66.04,5.34,45.57,9.5,21.8,Low
21.32,71.58,10.89,18.92,20.82,17.9,Low
17.21,78.34,29.09,58.89,14.67,21.6,Low
28.16,72.82,19.49,31.05,22.92,28.1,Moderate
34.85,66.15,79.72,73.03,55.94,70.1,High
28.21,56.27,43.84,69.56,24.11,42.0,Moderate
26.32,83.16,55.51,60.58,15.58,38.9,Moderate
18.71,68.47,27.08,61.77,27.68,32.8,Moderate
30.26,63.49,39.6,32.68,58.93,54.4,High
31.31,67.2,53.18,52.37,15.68,33.8,Moderate
19.09,59.01,48.07,42.11,12.94,27.2,Moderate
33.67,62.04,27.49,34.71,23.28,26.5,Moderate
31.83,61.56,15.18,16.64,15.25,13.2,Low
33.66,65.69,26.63,45.53,27.25,33.3,Moderate
30.92,79.84,16.01,54.71,63.06,55.4,High
31.27,76.11,43.45,69.2,13.38,25.9,Moderate
30.6,93.2,23.74,27.46,16.22,41.6,Moderate
32.34,88.18,65.6,50.76,13.79,35.3,Moderate
18.91,99.35,68.88,48.0,17.08,50.0,High
20.49,78.39,39.26,36.6,8.45,23.7,Low
24.32,78.15,5.67,32.54,17.64,21.9,Low
27.35,62.69,74.27,61.29,20.82,38.1,Moderate
29.94,82.39,48.4,47.59,20.67,32.3,Moderate
29.62,60.16,86.59,44.42,26.1,44.1,Moderate
33.59,47.94,6.85,51.93,14.23,20.3,Low
33.74,92.89,34.36,49.7,11.09,42.0,Moderate
23.64,51.26,4.65,42.53,8.17,10.4,Low
29.19,76.58,46.7,58.11,17.65,33.7,Moderate
23.76,56.8,47.5,60.87,16.65,32.0,Moderate
27.06,86.9,12.71,41.75,27.17,36.6,Moderate
29.61,88.94,58.96,43.14,14.8,38.5,Moderate
15.0,77.94,9.78,61.15,7.76,23.9,Low
40.06,88.7,17.81,50.81,20.7,37.9,Moderate
30.83,70.11,68.91,45.65,26.07,46.5,Moderate
25.02,100.0,73.99,47.64,19.62,56.4,High
37.64,81.19,34.23,76.83,17.7,34.8,Moderate
26.26,56.49,37.91,45.83,24.9,31.6,Moderate
28.66,71.04,20.26,31.93,8.88,11.8,Low
25.56,67.71,28.37,36.97,18.33,27.5,Moderate
36.26,66.24,62.52,63.65,25.0,43.7,Moderate
27.48,45.14,86.62,58.18,29.44,50.5,High
28.75,75.8,22.24,44.79,25.56,29.2,Moderate
34.02,49.21,35.78,82.16,17.21,28.8,Moderate
30.93,32.12,34.52,23.52,20.93,22.2,Low
27.73,64.84,59.59,49.77,22.44,38.3,Moderate
33.55,58.66,43.74,51.23,13.17,32.6,Moderate
40.69,57.08,71.38,33.52,35.66,38.9,Moderate
29.59,25.0,79.8,70.69,24.48,51.3,High
28.58,57.24,26.45,57.69,16.73,19.1,Low
28.85,67.4,59.5,35.0,20.75,41.4,Moderate
34.55,60.49,21.98,41.47,18.05,20.7,Low
25.0,75.81,23.72,46.05,28.37,38.9,Moderate
26.61,90.89,75.97,70.21,27.89,55.6,High
20.31,77.75,4.22,76.51,25.63,37.6,Moderate
22.08,85.4,7.06,26.35,9.54,10.0,Low
25.41,86.64,13.6,47.82,8.86,27.1,Moderate
27.72,54.72,53.73,51.89,16.16,36.3,Moderate
36.85,76.59,68.08,54.36,20.84,40.7,Moderate
30.68,84.93,1.97,35.93,7.89,20.6,Low
23.44,63.46,16.16,46.82,17.58,28.5,Moderate
24.36,58.14,46.58,51.45,27.86,38.7,Moderate
34.87,77.96,12.69,43.57,19.22,22.9,Low
33.63,47.78,12.64,38.22,27.34,22.4,Low
28.14,53.68,46.61,37.26,15.72,31.7,Moderate
25.79,60.0,45.98,63.48,32.53,47.1,Moderate
33.62,76.76,30.88,61.21,25.07,37.9,Moderate
23.03,73.28,26.15,58.87,18.89,32.8,Moderate
29.96,85.49,51.75,63.23,14.74,39.4,Moderate
39.36,56.17,49.74,40.77,19.85,30.2,Moderate
29.03,55.37,54.47,39.76,20.06,37.5,Moderate
24.12,77.86,72.15,73.99,51.49,60.8,High
30.05,58.02,44.9,32.65,21.44,31.1,Moderate
25.65,60.95,35.8,37.25,9.93,24.6,Low
21.03,42.15,40.25,81.28,32.24,49.0,Moderate
31.51,74.36,14.09,47.55,18.28,13.3,Low
33.59,93.12,57.43,57.49,29.39,57.7,High
26.45,54.56,88.5,38.19,29.3,44.1,Moderate
26.11,85.33,21.94,32.61,26.29,36.0,Moderate
23.19,69.11,17.99,53.84,29.3,25.9,Moderate
27.25,43.52,48.46,29.71,44.2,41.5,Moderate
25.19,56.58,36.09,53.67,29.82,41.9,Moderate
22.94,55.65,17.69,20.46,11.24,21.0,Low
37.46,65.25,84.62,55.26,17.93,40.4,Moderate
30.33,76.29,86.2,41.57,17.65,46.4,Moderate
30.86,97.73,12.12,40.67,10.02,33.4,Moderate
32.42,48.53,57.23,29.52,17.11,31.1,Moderate
31.86,62.73,60.68,54.98,16.3,31.4,Moderate
25.93,56.56,56.95,64.52,22.1,36.9,Moderate
29.36,50.98,15.82,43.53,10.69,20.7,Low
26.65,71.43,60.02,62.98,24.72,32.1,Moderate
30.19,70.02,59.24,59.12,24.44,40.8,Moderate
29.71,42.79,13.3,38.29,12.55,20.3,Low
26.09,70.27,14.38,39.0,42.5,38.6,Moderate
21.35,51.92,34.18,51.36,26.77,40.1,Moderate
28.73,70.18,55.45,38.03,23.64,33.8,Moderate
26.98,89.04,15.42,34.46,31.92,38.5,Moderate
18.55,76.95,6.43,67.76,16.08,23.7,Low
30.54,72.66,17.95,48.55,20.95,26.4,Moderate
32.83,62.07,71.96,78.92,39.87,55.0,High
40.64,71.0,18.63,46.62,54.01,45.6,Moderate
26.04,78.45,20.61,31.23,9.88,23.3,Low
25.31,76.96,24.87,39.13,11.41,27.4,Moderate
22.45,68.51,20.42,16.01,33.02,34.8,Moderate
29.04,73.26,75.25,81.95,28.65,53.2,High
29.01,50.25,73.27,74.08,25.03,41.6,Moderate
23.94,58.98,10.81,26.24,17.03,19.2,Low
27.13,80.61,8.75,49.53,35.84,44.1,Moderate
18.11,82.63,0.71,45.37,22.51,25.9,Moderate
32.63,71.4,27.43,45.76,20.68,30.6,Moderate
24.15,92.18,47.3,58.7,15.49,36.8,Moderate
27.83,77.62,49.65,60.93,21.63,39.3,Moderate
20.87,66.5,87.93,71.54,33.5,51.5,High
25.09,51.7,70.67,62.0,25.9,42.5,Moderate
26.6,91.58,36.52,49.07,46.58,46.6,Moderate
27.94,81.55,26.11,35.63,20.99,28.7,Moderate
30.4,96.97,36.05,61.24,19.39,50.8,High
35.2,100.0,20.69,71.96,28.62,57.5,High
31.66,50.7,16.35,23.92,44.44,35.4,Moderate
32.81,50.73,50.73,53.27,38.6,48.7,Moderate
35.23,27.05,43.52,40.43,11.17,27.9,Moderate
30.85,83.78,27.76,52.97,23.41,32.4,Moderate
27.82,79.85,46.59,57.7,28.47,44.2,Moderate
33.05,71.47,13.48,41.74,35.91,33.4,Moderate
33.37,51.61,29.77,36.55,10.97,15.9,Low
31.24,68.66,28.1,37.74,23.85,26.9,Moderate
20.73,72.77,20.5,30.77,9.68,19.2,Low
23.79,81.74,15.69,14.67,4.6,7.3,Low
26.63,74.09,37.01,66.39,16.73,23.8,Low
31.9,79.96,40.64,59.25,26.07,39.3,Moderate
27.89,68.14,45.57,70.3,40.47,50.5,High
33.68,87.72,57.69,49.96,17.54,40.1,Moderate
34.58,79.48,13.93,47.23,12.11,21.6,Low
34.0,52.2,58.85,42.88,24.67,39.8,Moderate
34.03,90.84,50.16,44.01,23.87,38.3,Moderate
22.82,88.38,14.41,70.78,19.68,26.2,Moderate
30.41,76.98,58.42,49.85,14.91,36.4,Moderate
24.96,74.21,68.81,73.29,19.85,43.6,Moderate
19.75,94.88,22.62,46.68,39.95,55.0,High
26.56,45.5,48.31,30.99,33.36,34.7,Moderate
34.62,88.62,55.34,52.35,20.14,44.2,Moderate
30.3,62.86,56.56,60.46,28.1,46.2,Moderate
38.09,86.43,70.68,70.38,32.37,56.2,High
28.89,71.81,65.71,31.19,22.35,34.0,Moderate
40.24,51.36,43.66,35.8,9.81,24.3,Low
28.89,62.55,80.23,67.74,33.35,57.0,High
28.11,85.33,73.49,46.61,14.47,40.8,Moderate
21.6,66.85,70.82,78.07,19.47,38.2,Moderate
33.55,60.68,45.62,50.03,34.12,48.4,Moderate
25.49,60.58,81.72,70.9,22.76,44.6,Moderate
24.76,79.63,8.58,57.44,15.42,21.0,Low
34.41,96.26,16.64,22.6,7.9,26.5,Moderate
33.79,37.89,25.88,51.0,11.33,24.3,Low
33.66,100.0,9.89,40.48,23.49,40.7,Moderate
26.19,73.06,23.87,45.83,20.32,21.5,Low
27.75,78.7,46.45,47.9,23.0,37.0,Moderate
27.7,63.46,0.7,37.63,22.3,23.3,Low
31.91,69.95,28.41,5.0,9.25,15.9,Low
35.77,72.89,92.9,86.18,27.22,49.8,Moderate
29.84,54.26,27.56,24.6,10.62,17.0,Low
37.87,57.91,43.72,76.92,18.59,37.5,Moderate
32.49,87.77,84.71,50.41,20.23,49.3,Moderate
26.83,46.71,42.12,34.85,24.68,33.2,Moderate
32.14,76.62,13.21,45.7,34.81,40.9,Moderate
36.53,64.44,76.16,65.73,19.53,42.9,Moderate
37.99,55.59,40.32,55.87,28.16,39.4,Moderate
33.93,99.58,10.09,43.96,32.34,45.2,Moderate
28.13,55.68,38.62,46.41,14.58,22.6,Low
26.92,53.05,7.0,31.94,11.93,18.8,Low
30.88,67.2,3.63,45.0,15.04,18.1,Low
36.37,58.47,47.26,41.17,36.1,34.6,Moderate
30.17,70.1,15.33,42.16,29.42,33.1,Moderate
30.27,72.33,74.51,35.66,11.88,36.4,Moderate
28.26,73.52,38.12,52.15,18.47,26.8,Moderate
26.36,68.14,23.85,44.82,20.58,21.0,Low
27.19,59.47,68.07,58.21,28.81,50.2,High
28.68,79.65,13.63,65.36,23.7,36.5,Moderate
36.59,68.32,29.66,67.8,24.18,39.1,Moderate
26.8,62.57,53.42,67.41,39.46,46.2,Moderate
28.26,92.2,60.41,69.53,18.07,47.9,Moderate
23.67,68.18,73.37,62.26,27.68,47.6,Moderate
31.58,86.38,67.44,63.22,30.17,55.8,High
34.83,88.4,13.71,46.29,12.79,28.1,Moderate
36.12,89.32,21.98,51.73,17.1,45.3,Moderate
29.02,80.37,25.03,44.83,7.68,23.4,Low
30.87,69.99,76.3,69.84,20.8,44.2,Moderate
27.23,69.04,62.3,57.77,14.89,34.3,Moderate
30.64,66.34,43.61,56.59,21.54,35.6,Moderate
29.57,37.5,4.78,50.44,13.14,20.3,Low
28.29,80.78,21.42,32.66,15.09,18.7,Low
28.69,73.67,86.39,67.22,34.59,49.4,Moderate
30.26,82.38,66.3,59.34,19.03,38.1,Moderate
26.53,68.24,19.22,26.45,26.2,26.2,Moderate
26.79,79.97,3.89,57.23,23.21,28.3,Moderate
36.54,49.34,15.63,28.09,12.63,16.0,Low
41.55,52.46,6.99,58.94,15.03,22.3,Low
21.98,32.86,33.56,26.61,29.61,25.6,Moderate
21.7,67.98,35.45,24.96,14.38,28.3,Moderate
23.21,58.41,32.09,41.19,18.66,22.0,Low
27.48,56.45,46.45,57.22,19.38,34.9,Moderate
32.48,75.02,15.21,46.21,32.0,29.5,Moderate
30.96,63.62,51.43,72.4,26.28,43.3,Moderate
28.86,48.5,44.6,39.06,21.95,37.8,Moderate
30.64,100.0,27.24,58.42,27.93,55.9,High
24.54,69.44,87.65,40.8,17.98,36.2,Moderate
26.78,53.75,4.39,22.03,13.61,16.0,Low
27.9,59.95,54.29,50.05,25.24,36.6,Moderate
20.08,67.4,56.17,38.16,14.71,25.0,Moderate
22.19,67.37,44.13,58.65,34.51,47.2,Moderate
22.39,89.53,46.22,41.41,23.63,52.0,High
31.82,68.81,22.13,57.79,18.13,33.3,Moderate
29.23,97.83,32.32,59.34,13.42,38.2,Moderate
31.06,63.51,6.93,27.3,10.19,23.1,Low
18.8,76.4,75.91,56.29,19.13,38.1,Moderate
20.58,85.33,32.21,44.93,21.79,33.8,Moderate
31.32,87.93,95.27,88.66,49.32,72.6,High
15.0,89.68,39.31,34.62,17.79,37.2,Moderate
34.12,65.92,30.44,10.05,31.77,22.4,Low
18.88,69.92,26.88,38.05,31.41,30.4,Moderate
32.22,32.81,5.71,23.2,14.54,20.0,Low
23.56,67.06,1.04,12.39,8.8,20.7,Low
33.24,86.37,38.57,47.95,14.37,24.8,Low
42.0,83.45,43.68,32.69,9.26,30.9,Moderate
16.63,68.7,52.83,58.56,26.91,35.6,Moderate
31.48,95.49,43.22,32.09,27.1,45.8,Moderate
18.96,64.24,75.3,100.0,30.07,48.7,Moderate
30.13,59.26,33.77,62.71,18.9,35.6,Moderate
26.97,62.98,31.01,34.86,39.95,42.0,Moderate
28.65,53.16,40.25,37.52,25.54,33.3,Moderate
23.44,79.34,56.56,51.94,25.48,42.8,Moderate
31.9,74.33,76.02,72.65,17.87,44.9,Moderate
20.76,79.15,8.88,31.39,15.12,15.0,Low
34.21,63.78,9.49,20.9,13.07,17.4,Low
25.95,69.13,6.81,15.62,11.49,11.4,Low
20.99,37.32,54.89,53.93,27.59,36.3,Moderate
35.97,75.64,18.17,30.49,16.0,23.9,Low
27.66,71.48,46.53,55.53,45.15,55.3,High
37.54,53.49,15.27,8.45,12.49,14.3,Low
34.11,68.43,64.83,64.78,24.61,49.2,Moderate
24.01,66.13,53.58,48.94,38.31,44.7,Moderate
27.58,96.46,41.97,23.37,10.0,29.4,Moderate
28.61,54.08,55.05,59.7,15.45,28.0,Moderate
35.63,74.97,24.41,51.02,11.03,17.1,Low
30.19,53.64,71.74,48.01,36.57,49.9,Moderate
28.88,61.63,46.95,61.13,22.99,44.6,Moderate
27.0,74.15,72.08,39.74,52.17,62.2,High
27.75,66.83,8.63,5.0,17.24,19.7,Low
34.52,69.91,23.72,40.75,17.56,32.0,Moderate
28.02,74.99,17.93,27.97,6.87,18.4,Low
26.03,62.59,19.36,23.09,8.34,20.2,Low
25.18,83.26,3.06,44.63,11.54,21.3,Low
25.23,65.42,56.22,57.9,55.51,55.2,High
20.99,68.54,12.04,63.82,18.04,21.8,Low
24.25,75.42,29.81,51.69,33.9,37.3,Moderate
35.49,73.41,57.9,63.56,21.34,32.1,Moderate
26.97,79.66,46.81,38.29,9.9,24.4,Low
31.52,74.75,36.88,15.81,10.56,18.9,Low
15.61,77.04,17.93,70.94,18.63,33.5,Moderate
30.84,65.12,28.62,52.41,20.76,29.6,Moderate
27.19,53.97,69.66,83.44,36.49,58.6,High
25.59,48.59,23.06,25.34,8.5,14.5,Low
28.9,44.94,24.77,58.77,17.34,23.4,Low
25.52,96.44,48.44,56.29,20.37,56.5,High
17.38,36.81,23.45,59.14,10.6,27.3,Moderate
32.61,87.91,24.64,52.33,10.45,30.7,Moderate
29.22,57.69,18.79,38.14,9.6,16.1,Low
26.43,87.8,17.57,45.36,15.11,39.4,Moderate
23.17,36.96,51.02,47.56,13.82,29.1,Moderate
20.65,66.47,65.63,70.53,24.87,47.4,Moderate
29.12,91.81,34.72,35.21,29.35,50.7,High
36.07,80.7,39.98,38.46,11.54,27.7,Moderate
29.02,64.94,29.98,43.08,40.96,36.9,Moderate
21.09,40.86,47.97,61.02,20.22,33.8,Moderate
29.13,50.16,62.27,57.59,32.38,43.0,Moderate
27.73,90.84,35.17,42.4,18.85,38.5,Moderate
32.32,64.78,24.46,59.41,14.39,27.8,Moderate
31.03,68.92,47.23,60.36,15.77,31.1,Moderate
15.0,74.25,19.89,35.07,13.59,20.0,Low
30.73,50.46,29.75,29.78,13.26,22.2,Low
22.98,76.11,7.53,35.0,14.74,13.4,Low
20.89,63.71,6.3,27.85,6.1,10.9,Low
27.06,74.41,32.49,34.79,8.42,22.1,Low
30.05,61.33,15.21,51.57,10.77,21.5,Low
19.8,46.4,9.18,55.12,16.24,19.8,Low
31.52,63.59,45.32,49.97,12.74,26.4,Moderate
31.82,79.61,16.47,40.68,31.66,26.9,Moderate
28.23,75.91,29.82,34.34,14.32,20.9,Low
23.66,70.46,12.63,23.47,22.82,16.0,Low
23.1,83.47,44.85,62.63,15.7,34.8,Moderate
33.13,66.95,47.98,32.74,10.91,27.1,Moderate
20.44,70.84,50.93,43.53,9.65,24.1,Low
33.32,62.8,7.54,27.87,10.2,5.9,Low
27.17,84.35,31.93,52.54,13.11,33.9,Moderate
27.52,74.37,72.24,57.32,18.39,40.3,Moderate
19.46,61.65,26.64,35.78,8.17,15.6,Low
27.27,47.66,43.7,70.68,20.59,31.9,Moderate
31.07,86.57,20.02,66.46,17.68,38.3,Moderate
21.32,58.84,36.23,53.53,23.98,35.5,Moderate
30.49,71.08,8.94,40.28,13.49,22.4,Low
28.45,100.0,49.63,44.82,26.3,48.3,Moderate
24.78,82.02,12.58,39.13,48.9,46.4,Moderate
32.27,94.17,82.72,45.88,28.91,54.4,High
16.99,61.93,45.63,65.8,22.8,31.5,Moderate
29.73,86.06,22.92,41.05,18.3,31.1,Moderate
36.1,70.4,96.63,58.51,22.73,49.5,Moderate
35.2,75.49,7.32,32.59,8.48,15.2,Low
29.95,100.0,22.05,53.31,14.81,42.9,Moderate
26.49,65.82,49.03,48.31,14.82,25.7,Moderate
24.82,70.29,48.94,40.32,15.39,21.7,Low
26.49,56.45,5.6,5.62,5.86,9.8,Low
30.72,83.33,36.43,46.58,16.3,32.5,Moderate
23.96,61.59,53.32,59.29,18.91,33.4,Moderate
31.79,85.34,51.76,45.76,18.9,36.3,Moderate
38.67,45.25,24.26,31.58,17.77,23.6,Low
27.69,78.23,59.93,39.09,14.7,30.0,Moderate
21.28,60.34,88.36,60.28,21.47,47.6,Moderate
21.28,80.96,58.77,38.85,12.95,34.2,Moderate
31.88,69.8,27.82,27.93,21.63,26.4,Moderate
27.7,61.97,95.99,61.41,54.53,66.3,High
32.38,64.2,10.91,67.08,18.77,28.4,Moderate
25.33,57.24,62.31,91.83,30.85,38.3,Moderate
32.15,82.57,9.93,56.14,9.83,22.4,Low
27.21,54.27,11.45,48.67,34.73,27.6,Moderate
24.34,65.99,35.82,18.47,25.07,30.7,Moderate
26.0,75.18,31.36,86.12,12.07,34.8,Moderate
22.01,94.2,19.2,47.6,15.1,26.1,Moderate
37.95,69.86,59.03,39.17,20.89,37.7,Moderate
27.52,66.36,24.9,84.01,20.52,33.9,Moderate
31.22,74.1,67.35,57.09,16.43,39.1,Moderate
25.32,38.9,53.36,66.19,16.34,38.0,Moderate
22.74,52.02,4.67,31.92,7.54,13.8,Low
26.83,64.37,17.31,49.57,21.04,27.9,Moderate
33.51,59.31,41.84,59.94,20.13,29.0,Moderate
25.4,45.99,66.16,71.06,24.83,39.7,Moderate
23.65,82.87,53.23,72.88,17.77,48.0,Moderate
28.78,73.9,21.38,44.81,10.54,25.3,Moderate
30.5,72.1,28.26,48.04,8.5,23.9,Low
36.21,59.59,22.24,42.07,8.79,15.6,Low
29.77,71.19,18.11,25.68,6.74,16.5,Low
31.22,77.72,59.57,42.28,52.43,53.7,High
31.6,66.03,26.31,39.59,7.58,28.4,Moderate
22.23,76.67,43.72,69.23,23.19,43.7,Moderate
23.18,58.06,59.77,62.98,28.6,40.0,Moderate
22.58,71.46,41.68,48.19,10.37,23.2,Low
21.34,87.14,50.53,48.73,25.81,43.2,Moderate
31.98,88.48,55.67,36.98,18.96,45.4,Moderate
29.45,89.91,57.68,41.71,16.41,45.5,Moderate
28.4,74.28,47.8,54.05,45.48,41.6,Moderate
15.04,70.47,31.15,46.03,8.74,24.1,Low
38.28,63.27,65.3,69.53,25.33,48.4,Moderate
23.53,42.89,37.42,44.85,28.8,34.1,Moderate
38.26,49.83,26.72,52.87,16.63,28.9,Moderate
20.75,67.48,35.71,24.53,37.3,45.2,Moderate
23.94,68.38,61.93,42.43,16.13,38.7,Moderate
16.99,91.18,52.69,57.39,19.72,47.6,Moderate
29.81,89.72,54.02,54.15,41.16,58.8,High
22.49,59.7,50.83,63.86,75.98,70.8,High
22.63,82.27,48.64,69.66,36.23,51.7,High
21.14,62.84,46.81,69.7,24.26,38.2,Moderate
31.89,80.24,45.59,74.75,12.77,37.5,Moderate
31.56,82.09,23.29,70.46,14.32,26.1,Moderate
37.06,88.63,80.36,57.78,18.9,46.6,Moderate
24.57,62.61,22.06,77.22,34.42,39.5,Moderate
29.09,85.21,25.24,87.17,24.77,47.4,Moderate
21.55,41.91,64.31,37.97,19.26,37.0,Moderate
26.32,89.44,48.86,43.27,22.66,44.1,Moderate
25.41,69.62,25.2,49.22,17.32,28.4,Moderate
30.32,69.94,32.44,49.83,19.26,21.9,Low
33.09,39.44,44.42,25.25,27.4,35.0,Moderate
32.96,64.17,72.18,46.02,15.24,30.8,Moderate
23.79,90.33,50.04,55.76,20.11,41.5,Moderate
32.99,63.6,64.65,54.36,13.87,46.5,Moderate
27.78,80.7,41.26,58.76,21.35,37.4,Moderate
26.38,70.52,14.25,69.32,28.72,35.3,Moderate
24.46,85.94,23.19,24.45,18.05,27.4,Moderate
25.2,72.87,24.75,78.38,15.41,35.4,Moderate
36.71,56.02,32.92,74.74,19.55,29.1,Moderate
29.54,70.85,19.31,15.87,6.49,11.3,Low
28.87,94.02,13.86,21.94,16.81,36.5,Moderate
26.69,77.46,35.42,41.34,9.99,23.6,Low
40.23,68.25,57.18,40.71,18.95,35.0,Moderate
34.53,100.0,22.07,51.46,13.59,39.0,Moderate
24.39,87.39,1.51,45.05,17.1,29.8,Moderate
26.63,82.25,62.13,58.87,21.75,39.4,Moderate
26.93,74.76,97.28,74.66,26.88,46.5,Moderate
28.73,80.95,29.97,43.48,7.99,26.4,Moderate
24.49,81.44,32.6,52.36,18.68,27.8,Moderate
30.19,37.26,42.81,78.68,21.07,31.4,Moderate
35.26,75.92,54.39,18.23,15.95,23.7,Low
21.43,67.59,49.86,52.72,21.3,35.4,Moderate
22.36,62.5,19.83,48.91,9.93,17.7,Low
25.58,67.07,74.75,59.68,24.89,51.4,High
25.82,46.66,26.49,48.96,18.23,31.2,Moderate
37.99,42.93,3.01,54.03,7.68,16.1,Low
33.01,88.7,80.26,55.35,26.02,49.3,Moderate
32.72,76.93,19.24,74.87,28.79,40.9,Moderate
26.68,33.8,40.75,26.99,17.71,26.8,Moderate
26.57,61.35,82.06,73.03,18.58,40.8,Moderate
20.74,83.21,20.03,41.81,21.48,31.2,Moderate
31.91,65.8,66.14,62.05,15.71,37.6,Moderate
30.46,88.68,51.4,64.41,15.76,38.8,Moderate
34.43,85.75,45.9,41.79,11.89,26.5,Moderate
26.95,49.65,17.51,57.66,15.34,29.3,Moderate
27.29,67.85,33.89,76.49,40.96,50.6,High
28.85,63.28,32.59,42.06,13.99,24.5,Low
32.46,49.16,30.07,37.76,12.04,24.1,Low
20.65,48.19,29.56,64.33,53.63,55.5,High
31.68,57.91,41.41,64.23,17.85,31.1,Moderate
27.9,60.39,19.66,18.4,8.4,13.5,Low
22.71,74.25,23.35,51.46,9.91,29.4,Moderate
17.58,85.66,48.76,63.7,19.72,38.4,Moderate
27.32,77.7,45.61,50.14,17.33,39.4,Moderate
35.24,81.26,69.49,81.83,40.0,70.8,High
36.37,66.0,3.46,12.15,9.54,12.3,Low
29.78,79.05,46.7,19.09,7.75,14.4,Low
37.81,67.77,38.07,64.3,15.02,30.3,Moderate
27.79,63.38,49.0,39.96,11.95,27.4,Moderate
32.77,98.46,3.78,35.8,9.45,30.8,Moderate
25.74,35.04,77.36,45.08,20.16,43.3,Moderate
25.43,41.9,31.7,58.88,13.51,24.5,Low
24.61,75.74,41.4,54.6,14.03,31.4,Moderate
17.7,66.03,8.67,36.05,8.21,17.0,Low
34.44,48.45,21.66,24.06,14.4,21.2,Low
24.79,54.18,19.08,39.28,13.59,17.3,Low
23.99,56.13,62.47,61.87,19.89,41.9,Moderate
22.1,83.39,65.99,50.12,42.56,50.9,High
26.98,88.19,23.6,35.8,17.27,33.3,Moderate
36.82,94.59,30.28,45.75,20.79,44.3,Moderate
38.47,46.16,33.64,56.88,18.81,26.0,Moderate
19.7,49.49,31.94,52.54,10.57,19.7,Low
26.23,48.47,17.65,58.82,7.64,18.6,Low
22.83,89.33,10.37,37.28,9.31,29.5,Moderate
32.94,76.26,62.42,72.04,21.73,43.5,Moderate
29.43,71.2,21.61,25.07,14.95,25.1,Moderate
24.82,73.44,61.75,62.59,16.4,41.2,Moderate
28.36,69.15,12.99,44.72,24.86,31.2,Moderate
25.61,53.18,21.1,77.75,12.1,26.6,Moderate
36.07,77.7,47.97,41.74,17.3,18.1,Low
30.73,67.21,32.65,28.41,18.23,28.5,Moderate
31.35,52.0,24.47,32.01,16.53,32.2,Moderate
15.0,78.61,70.11,50.06,55.25,57.9,High
27.67,63.61,11.19,45.06,19.25,24.0,Low
38.42,73.41,30.5,26.77,16.19,31.1,Moderate
34.63,68.13,38.14,53.53,30.41,40.7,Moderate
18.76,83.37,52.78,53.99,28.28,45.7,Moderate
26.43,73.3,57.76,68.93,14.91,34.2,Moderate
21.99,56.74,25.0,53.04,15.16,26.8,Moderate
36.56,74.83,31.77,58.54,24.97,35.6,Moderate
29.22,75.32,28.03,52.18,20.71,32.0,Moderate
24.16,77.67,63.24,74.65,20.75,37.2,Moderate
28.17,85.54,20.74,19.9,27.91,42.6,Moderate
15.0,60.76,60.66,34.4,45.43,49.5,Moderate
22.58,80.02,13.47,39.4,10.6,15.0,Low
28.18,44.13,11.84,40.41,48.69,38.2,Moderate
32.23,68.2,17.56,25.79,22.28,20.1,Low
18.29,65.88,53.75,62.22,22.79,37.5,Moderate
26.09,91.72,25.07,24.21,24.74,36.5,Moderate
33.05,67.65,13.01,35.53,7.83,20.0,Low
20.74,79.12,22.26,42.52,24.27,24.8,Low
29.15,43.57,21.76,51.2,17.64,20.1,Low
28.33,64.72,40.74,41.7,30.23,28.9,Moderate
36.57,57.3,35.34,65.6,27.02,38.8,Moderate
26.85,100.0,51.65,78.28,40.57,71.8,High
27.14,60.0,54.54,77.16,16.57,23.4,Low
32.27,71.1,21.88,69.78,24.51,35.7,Moderate
21.37,71.9,1.16,51.4,10.1,14.8,Low
26.9,46.16,26.49,53.5,23.17,34.7,Moderate
25.72,62.11,46.22,39.94,21.36,40.0,Moderate
27.31,76.07,29.62,36.9,13.61,17.0,Low
32.24,71.29,18.73,55.79,12.99,21.6,Low
30.77,35.49,34.26,20.28,8.24,21.4,Low
24.26,61.5,52.62,73.27,32.28,49.9,Moderate
28.68,85.31,57.77,46.13,24.53,42.4,Moderate
35.45,78.82,52.25,45.28,18.87,37.3,Moderate
23.84,88.27,35.77,59.16,22.02,43.0,Moderate
28.73,55.22,22.79,47.18,39.17,43.0,Moderate
27.03,89.21,53.57,47.46,18.77,46.2,Moderate
27.68,69.33,43.03,36.4,15.71,27.3,Moderate
19.85,93.88,63.33,34.65,16.92,48.2,Moderate
35.05,70.05,60.73,23.81,25.39,35.3,Moderate
24.13,39.29,30.56,67.64,14.13,31.4,Moderate
33.13,82.74,54.49,50.82,19.71,34.9,Moderate
24.89,63.35,7.84,24.41,8.72,15.4,Low
24.87,64.36,13.23,50.9,20.0,27.7,Moderate
34.07,48.2,53.5,42.04,20.84,37.1,Moderate
32.97,94.33,54.97,42.84,26.83,50.4,High
29.04,62.18,15.37,58.22,8.64,16.8,Low
31.81,93.63,13.43,50.83,11.88,32.8,Moderate
26.56,63.53,5.02,39.5,13.87,12.8,Low
27.96,56.08,28.12,36.53,22.64,26.6,Moderate
24.69,89.79,39.27,52.25,18.53,33.6,Moderate
32.52,68.9,38.24,57.09,19.05,32.4,Moderate
24.53,69.05,53.51,57.6,32.07,48.0,Moderate
35.43,50.78,71.61,78.28,21.36,47.3,Moderate
26.42,63.14,60.92,41.3,24.39,30.9,Moderate
28.1,76.43,8.36,34.05,20.74,24.2,Low
31.79,50.51,1.4,43.84,8.46,24.6,Low
28.12,61.91,9.4,29.7,11.64,14.3,Low
26.51,63.69,42.27,64.09,25.72,39.9,Moderate
27.85,71.0,43.52,70.37,19.08,40.4,Moderate
32.47,92.19,12.7,40.34,18.26,28.0,Moderate
24.69,65.5,40.2,54.81,17.4,32.5,Moderate
27.37,59.64,42.63,46.79,37.88,46.6,Moderate
28.05,100.0,15.04,35.87,17.37,38.5,Moderate
32.32,63.5,65.54,77.19,19.18,35.3,Moderate
27.5,67.14,56.22,42.14,21.4,40.1,Moderate
37.04,64.63,10.02,50.91,12.25,13.4,Low
27.22,65.85,23.04,35.67,16.57,14.6,Low
26.81,71.17,69.84,46.76,33.68,40.9,Moderate
27.14,83.81,27.87,59.87,15.47,30.0,Moderate
21.42,76.06,71.58,70.5,22.49,37.7,Moderate
22.82,86.16,69.56,49.55,13.82,35.3,Moderate
25.35,85.66,37.38,45.56,19.77,32.9,Moderate
33.68,73.13,36.3,45.84,15.74,33.3,Moderate
27.83,75.64,12.31,42.84,22.35,28.3,Moderate
25.58,86.63,60.81,48.94,15.09,40.3,Moderate
34.13,53.33,46.32,77.26,27.3,48.2,Moderate
35.76,100.0,21.84,26.01,19.25,47.8,Moderate
34.28,62.31,33.46,23.97,17.42,20.7,Low
23.73,64.74,83.98,62.64,43.69,54.1,High
25.52,51.82,43.45,20.4,46.38,41.1,Moderate
37.07,52.27,41.91,38.02,30.34,37.2,Moderate
29.21,84.61,47.58,42.16,10.18,36.2,Moderate
26.66,100.0,22.3,43.03,11.44,34.5,Moderate
31.59,61.49,29.32,42.3,10.22,21.7,Low
33.04,75.21,38.34,51.96,13.15,27.4,Moderate
25.14,73.3,22.68,31.24,28.5,36.5,Moderate
29.1,85.0,19.75,36.24,39.5,45.7,Moderate
32.63,100.0,41.29,58.13,32.3,54.2,High
22.2,92.81,30.33,11.58,18.08,37.0,Moderate
28.06,66.42,44.24,56.79,13.38,28.6,Moderate
22.43,77.93,46.51,19.11,16.56,27.8,Moderate
23.08,79.42,36.7,48.0,26.42,30.1,Moderate
25.18,69.7,44.96,58.54,48.91,44.1,Moderate
30.39,53.56,43.89,54.98,35.0,41.1,Moderate
26.39,58.02,22.67,33.63,12.51,16.4,Low
24.76,87.22,13.69,43.64,13.02,26.5,Moderate
28.26,88.77,60.06,41.89,19.45,39.8,Moderate
22.27,66.89,50.53,73.42,29.25,43.9,Moderate
30.14,73.92,41.11,61.86,14.49,31.9,Moderate
33.66,87.96,22.01,28.47,15.02,31.6,Moderate
27.6,44.44,57.88,75.91,26.8,46.2,Moderate
26.99,63.3,41.96,52.6,26.09,41.7,Moderate
29.87,100.0,32.68,29.49,17.47,43.1,Moderate
17.86,74.49,6.8,54.89,14.87,17.4,Low
30.68,53.06,18.19,66.02,25.33,36.5,Moderate
42.0,71.76,37.87,44.42,21.72,32.9,Moderate
27.39,85.32,62.46,62.35,33.39,55.3,High
27.4,31.8,48.4,51.74,17.07,34.1,Moderate
31.72,72.64,36.16,56.35,48.97,49.1,Moderate
36.23,64.41,20.93,54.25,29.74,33.1,Moderate
32.87,45.37,19.17,56.5,29.41,41.5,Moderate
17.22,71.23,84.86,36.98,21.06,35.2,Moderate
30.82,67.95,19.37,34.01,9.51,16.4,Low
40.86,69.64,37.53,62.62,12.39,32.3,Moderate
31.11,64.78,28.5,34.5,60.19,50.9,High
22.23,54.68,48.3,57.11,35.68,41.8,Moderate
29.41,48.18,1.44,21.76,9.05,14.6,Low
21.6,59.64,61.77,66.79,17.16,42.9,Moderate
34.16,82.89,18.6,42.07,21.96,30.8,Moderate
23.22,73.5,63.62,66.33,21.93,34.8,Moderate
28.37,68.96,33.29,52.57,26.47,35.4,Moderate
23.71,54.4,56.16,33.58,16.14,31.6,Moderate
25.27,64.39,66.59,89.73,27.71,44.6,Moderate
35.43,81.06,17.32,21.45,22.24,31.3,Moderate
28.52,77.57,22.15,80.03,49.34,53.6,High
25.2,62.84,82.94,31.63,27.01,38.6,Moderate
22.27,30.83,56.23,55.7,16.98,35.4,Moderate
18.64,59.88,45.35,29.76,8.12,24.4,Low
21.74,62.76,16.8,65.12,16.87,24.6,Low
28.56,56.39,40.58,33.99,20.15,24.0,Low
32.9,63.8,64.94,41.3,27.5,39.3,Moderate
25.2,82.25,48.81,52.59,47.58,51.2,High
35.85,69.44,54.26,75.44,26.19,44.1,Moderate
24.41,84.85,45.82,69.53,38.04,50.9,High
26.81,47.37,81.38,60.14,33.5,52.2,High
22.6,65.42,38.72,43.74,16.34,29.2,Moderate
32.95,40.91,25.56,51.77,19.71,30.9,Moderate
38.49,63.6,31.86,45.28,35.43,41.2,Moderate
19.19,54.32,49.0,53.36,12.29,33.2,Moderate
26.27,89.22,24.52,41.46,18.39,30.8,Moderate
34.32,76.15,51.07,62.03,14.07,37.3,Moderate
20.77,85.22,36.23,54.45,13.89,40.8,Moderate
30.83,63.56,26.72,67.17,37.87,47.7,Moderate
34.11,54.7,16.77,31.32,8.76,10.3,Low
28.39,54.23,29.39,35.6,8.34,26.2,Moderate
30.75,73.98,10.88,37.42,15.78,24.3,Low
36.8,97.15,6.96,34.4,19.93,41.2,Moderate
37.74,76.19,27.21,57.47,48.33,44.9,Moderate
27.69,64.38,46.69,35.52,17.67,23.6,Low
25.34,67.17,38.54,67.54,27.83,45.2,Moderate
23.4,69.53,24.42,39.28,10.67,19.1,Low
32.88,100.0,50.99,70.57,29.2,57.2,High
21.14,88.5,68.54,96.96,26.28,50.8,High
26.74,73.9,40.3,64.5,23.52,29.7,Moderate
28.51,71.65,24.47,52.94,27.07,33.5,Moderate
25.48,74.49,46.69,68.08,28.32,45.4,Moderate
29.4,77.41,14.61,35.7,8.2,18.3,Low
40.82,63.8,72.68,64.38,16.64,38.6,Moderate
27.39,57.34,14.27,29.91,23.36,30.2,Moderate
25.82,85.48,12.37,30.2,12.68,29.2,Moderate
33.08,70.33,33.0,51.17,20.82,27.4,Moderate
29.2,84.23,34.2,48.41,21.35,36.0,Moderate
35.2,94.69,36.16,54.13,32.39,52.7,High
28.82,77.81,37.17,50.02,17.79,29.1,Moderate
26.76,75.38,52.66,49.2,24.31,39.4,Moderate
19.08,100.0,22.38,56.69,18.75,51.6,High
19.9,73.11,24.06,34.16,10.39,12.0,Low
18.82,53.64,16.16,44.42,16.47,24.0,Low
29.9,65.78,14.27,57.21,11.49,22.6,Low
21.19,93.28,43.38,60.82,24.17,47.6,Moderate
34.28,50.59,62.05,56.28,25.78,43.7,Moderate
28.15,58.71,74.56,34.16,16.03,33.1,Moderate
26.78,86.6,66.29,53.1,12.79,36.8,Moderate
23.78,65.93,9.3,70.12,17.59,30.0,Moderate
31.11,68.35,32.41,42.62,20.15,24.1,Low
23.98,86.1,16.51,40.7,12.61,23.5,Low
23.07,59.25,13.92,42.42,34.82,30.4,Moderate
33.94,47.97,27.98,51.2,20.41,35.7,Moderate
29.77,49.17,17.62,31.34,10.61,18.0,Low
26.83,78.73,51.31,64.33,15.36,28.7,Moderate
31.21,73.89,31.86,52.28,12.47,27.1,Moderate
28.04,59.61,29.74,19.57,9.67,13.5,Low
29.92,52.62,94.4,29.88,16.32,38.9,Moderate
23.92,65.94,49.99,44.44,28.23,32.9,Moderate
38.35,86.75,62.81,38.82,32.27,42.8,Moderate
25.1,57.46,40.57,53.84,36.39,45.3,Moderate
35.78,60.06,37.39,42.47,10.07,21.2,Low
27.06,52.14,42.68,56.99,36.56,48.3,Moderate
32.04,64.49,13.64,47.02,14.52,13.3,Low
31.67,75.07,22.66,27.84,19.25,26.7,Moderate
33.73,100.0,58.47,50.0,27.89,56.2,High
23.8,73.27,79.06,54.37,24.22,47.0,Moderate
33.38,69.19,4.18,50.46,32.65,30.3,Moderate
37.23,82.94,39.75,46.28,46.8,53.3,High
26.71,80.44,25.33,62.63,29.69,36.5,Moderate
28.17,61.34,5.59,56.56,26.41,29.5,Moderate
25.38,100.0,22.15,40.72,31.49,56.2,High
26.27,69.63,11.21,30.04,13.67,18.8,Low
36.56,73.55,75.88,48.42,17.77,35.9,Moderate
22.98,78.27,26.23,54.83,8.18,18.9,Low
23.29,75.19,64.66,56.13,24.95,43.6,Moderate
36.05,92.88,46.27,40.26,16.39,45.3,Moderate
31.12,61.15,30.31,59.07,13.78,29.8,Moderate
38.6,81.75,52.34,67.05,12.98,41.9,Moderate
25.75,72.47,26.47,30.04,8.3,19.9,Low
28.63,84.74,36.93,53.35,35.62,43.7,Moderate
24.7,66.78,61.1,65.22,36.02,54.3,High
28.72,64.74,41.13,74.92,44.81,46.0,Moderate
19.13,80.98,48.78,49.6,11.73,26.7,Moderate
31.42,75.37,67.19,58.52,19.99,39.9,Moderate
29.62,57.7,86.1,75.05,22.72,43.2,Moderate
27.71,90.18,30.07,64.56,25.18,46.5,Moderate
26.05,80.99,17.92,47.28,11.67,21.0,Low
23.53,68.89,20.4,45.52,11.06,25.6,Moderate
31.64,62.98,65.75,49.59,17.11,37.5,Moderate
22.14,75.46,12.71,34.6,14.63,28.0,Moderate
30.56,79.91,28.54,42.75,19.75,21.5,Low
38.37,46.09,23.01,53.57,15.56,27.0,Moderate
35.43,75.64,79.1,69.41,21.94,45.7,Moderate
20.47,79.79,26.54,33.95,32.25,34.9,Moderate
25.32,34.71,75.04,74.01,18.46,39.5,Moderate
30.11,72.94,70.91,57.28,19.69,41.2,Moderate
27.65,80.42,51.44,50.68,24.45,30.3,Moderate
21.0,78.71,1.37,47.0,14.45,11.9,Low
29.93,82.04,58.1,68.73,31.33,44.8,Moderate
27.95,65.09,54.06,59.11,15.24,25.4,Moderate
37.57,54.4,11.62,67.14,7.47,21.6,Low
26.73,43.0,26.23,16.06,12.91,14.1,Low
33.84,86.38,46.3,65.69,33.52,49.7,Moderate
21.66,80.55,44.89,35.72,29.25,38.5,Moderate
22.86,87.53,34.93,46.97,22.76,38.1,Moderate
31.61,59.12,55.2,54.69,17.23,36.5,Moderate
33.42,82.06,2.49,35.13,11.29,16.1,Low
23.21,47.46,8.41,24.41,16.6,17.6,Low
28.12,56.96,75.99,41.35,24.65,38.8,Moderate
21.09,71.89,29.53,16.62,25.13,31.3,Moderate
27.09,79.95,14.34,37.03,5.47,10.2,Low
32.18,95.19,9.92,40.63,15.22,35.5,Moderate
25.83,66.4,41.65,58.62,28.19,44.7,Moderate
26.75,57.01,57.87,72.8,20.07,40.9,Moderate
22.35,56.24,44.68,63.37,16.42,29.9,Moderate
24.76,59.68,19.31,56.71,12.37,24.6,Low
36.79,100.0,16.75,25.98,20.75,38.0,Moderate
28.36,81.35,6.88,54.1,13.47,27.1,Moderate
22.99,86.69,39.69,54.64,45.55,56.2,High
26.43,66.42,12.24,19.92,11.51,16.2,Low
20.01,69.98,49.97,68.68,46.06,58.9,High
22.93,80.49,84.46,51.46,44.27,58.1,High
34.8,62.41,40.18,33.65,9.74,16.8,Low
27.29,65.63,32.25,69.56,14.39,29.9,Moderate
37.45,59.88,69.82,63.16,35.95,48.9,Moderate
27.52,63.29,63.36,41.66,13.47,31.3,Moderate
27.82,70.73,6.6,29.37,10.72,17.5,Low
31.2,57.67,53.99,69.89,16.82,38.5,Moderate
15.0,74.29,29.58,27.47,27.39,26.4,Moderate
29.02,74.27,49.6,50.36,37.15,44.9,Moderate
27.76,67.31,52.73,51.45,36.06,44.0,Moderate
35.43,57.59,11.89,80.12,21.94,32.1,Moderate
32.82,71.57,76.79,40.13,29.37,45.9,Moderate
22.33,62.43,44.53,29.46,43.2,43.4,Moderate
34.21,70.7,41.1,41.0,17.01,24.0,Low
26.69,86.47,16.26,31.21,15.45,26.3,Moderate
23.48,51.21,32.54,47.03,9.66,27.3,Moderate
28.99,100.0,69.16,52.25,13.74,47.5,Moderate
26.99,68.91,35.74,60.33,28.53,43.3,Moderate
35.69,76.18,78.04,63.75,64.63,63.6,High
29.7,58.71,32.56,32.03,21.92,28.9,Moderate
29.03,87.13,9.27,34.8,10.98,21.0,Low
32.5,68.12,47.89,47.83,41.37,46.4,Moderate
33.46,64.09,39.74,66.19,30.48,43.6,Moderate
31.92,61.37,11.89,52.28,20.68,29.9,Moderate
35.1,65.97,5.45,47.75,23.96,31.3,Moderate
31.04,76.28,9.13,27.43,16.72,13.5,Low
28.84,72.59,34.26,51.83,31.24,34.5,Moderate
34.2,69.4,34.77,30.04,9.84,18.9,Low
27.55,59.33,43.04,60.0,23.63,32.9,Moderate
28.17,58.46,10.6,57.1,13.31,23.6,Low
36.61,63.09,44.17,19.31,7.7,23.1,Low
36.11,76.9,47.0,50.34,24.52,29.1,Moderate
27.96,79.93,38.76,47.44,26.05,30.9,Moderate
25.73,81.96,25.18,57.64,35.83,41.0,Moderate
35.32,69.98,74.48,52.45,19.07,39.2,Moderate
32.0,75.75,38.72,39.72,18.8,35.7,Moderate
29.58,67.47,27.02,47.14,24.67,26.4,Moderate
26.39,43.87,34.21,56.38,15.74,25.7,Moderate
29.66,66.76,57.17,58.39,12.14,37.2,Moderate
27.89,64.37,32.07,59.74,11.2,23.9,Low
24.68,54.41,42.81,60.62,21.9,37.6,Moderate
28.65,61.49,63.43,49.75,24.19,37.3,Moderate
29.33,72.03,4.22,37.14,10.34,14.9,Low
26.12,53.0,20.79,50.83,12.29,24.5,Low
32.52,59.34,58.24,43.82,17.93,32.0,Moderate
34.44,93.22,28.54,35.12,11.78,30.3,Moderate
32.85,45.96,29.87,23.9,14.1,23.6,Low
26.62,67.25,16.19,58.7,43.21,38.6,Moderate
31.78,52.51,44.67,83.49,48.36,58.1,High
28.39,58.73,15.21,30.51,16.33,19.1,Low
21.82,67.03,43.11,59.07,13.8,26.3,Moderate
31.36,55.19,66.48,77.36,25.82,48.4,Moderate
28.73,78.61,82.56,46.75,18.97,38.6,Moderate
40.97,90.27,59.23,61.32,21.12,46.8,Moderate
35.29,82.63,34.68,67.43,31.22,35.1,Moderate
31.56,85.37,30.98,42.29,13.59,24.8,Low
29.25,49.3,7.57,36.89,20.37,26.6,Moderate
28.82,66.35,49.16,73.38,19.12,37.6,Moderate
22.98,77.01,16.84,35.02,26.67,33.3,Moderate
19.31,83.07,65.97,49.96,22.87,41.9,Moderate
23.64,96.3,12.13,36.97,26.27,41.9,Moderate
27.76,86.04,46.7,79.18,16.46,47.9,Moderate
17.47,83.45,33.3,59.18,26.9,41.1,Moderate
25.28,100.0,52.57,62.06,21.25,61.1,High
26.76,71.44,31.85,54.65,20.71,29.4,Moderate
26.92,65.66,12.45,23.24,23.25,22.3,Low
24.69,72.66,15.37,49.48,13.98,19.6,Low
26.29,56.27,34.58,41.46,23.75,33.3,Moderate
36.62,71.01,18.78,39.47,10.86,16.2,Low
31.31,44.1,32.13,43.38,35.53,44.4,Moderate
25.2,62.06,17.08,55.99,35.87,30.7,Moderate
27.66,68.27,33.52,75.1,21.44,35.2,Moderate
27.86,84.24,42.99,37.29,41.71,45.6,Moderate
24.16,86.67,13.1,56.62,31.09,40.9,Moderate
24.15,55.55,73.71,59.59,16.87,35.2,Moderate
33.05,100.0,33.76,59.74,20.32,50.3,High
25.9,72.23,7.29,43.61,19.2,24.8,Low
22.53,73.6,49.05,44.52,17.9,34.0,Moderate
27.78,45.73,52.36,45.46,27.07,44.3,Moderate
28.59,60.7,45.66,49.38,20.56,32.8,Moderate
18.14,85.75,60.13,63.05,20.76,43.0,Moderate
27.8,72.55,47.27,60.62,31.61,41.7,Moderate
32.34,71.62,10.31,84.81,53.04,45.6,Moderate
30.26,73.41,66.53,68.14,20.25,44.7,Moderate
39.15,48.35,27.36,26.8,28.55,25.9,Moderate
34.26,68.55,65.22,78.41,15.17,43.1,Moderate
35.24,91.12,39.5,59.49,15.48,36.7,Moderate
42.0,86.3,78.91,61.91,19.25,40.9,Moderate
31.79,68.12,44.92,35.84,10.13,14.9,Low
28.82,93.46,31.02,43.42,43.11,58.4,High
32.87,51.11,12.63,58.73,26.58,35.7,Moderate
25.2,55.42,9.9,47.7,15.1,22.8,Low
28.54,97.95,71.38,82.09,18.01,54.1,High
24.76,78.67,45.17,72.12,15.53,29.4,Moderate
29.99,65.67,26.44,49.1,29.15,32.4,Moderate
24.74,69.17,21.15,5.0,24.37,26.9,Moderate
24.57,57.9,75.65,49.69,14.79,34.9,Moderate
30.07,74.15,54.17,32.58,17.64,25.0,Moderate
27.31,72.96,58.79,78.58,17.17,35.4,Moderate
18.36,70.3,10.32,48.07,8.76,18.9,Low
20.72,52.6,12.73,37.94,12.02,23.2,Low
22.26,73.97,4.64,30.53,12.01,18.8,Low
23.59,62.06,58.27,73.37,29.34,41.7,Moderate
30.07,55.21,63.96,45.61,25.89,39.4,Moderate
29.09,89.0,46.55,33.64,14.31,39.2,Moderate
33.33,100.0,23.01,24.11,18.89,40.3,Moderate
31.76,99.14,62.74,60.27,54.96,70.3,High
33.36,79.75,13.94,29.34,7.94,13.0,Low
31.04,66.02,28.5,61.62,33.95,26.8,Moderate
29.05,68.94,57.79,56.65,16.85,36.1,Moderate
33.5,76.08,55.62,35.01,18.23,37.4,Moderate
32.6,63.7,23.51,41.02,11.85,27.5,Moderate
29.88,89.78,8.85,24.79,7.31,21.5,Low
34.36,39.46,42.78,49.35,10.78,22.0,Low
16.27,65.56,38.24,65.95,22.56,34.6,Moderate
26.55,82.02,27.55,43.49,11.88,25.8,Moderate
26.47,57.32,12.07,30.33,11.61,21.9,Low
33.76,66.4,26.29,51.95,17.35,28.9,Moderate
35.86,78.9,31.56,40.7,13.44,18.2,Low
20.75,92.77,37.37,57.14,9.91,40.6,Moderate
35.06,50.59,73.38,66.62,44.89,49.0,Moderate
22.14,49.48,44.8,35.88,13.21,26.5,Moderate
22.29,55.81,3.89,17.66,11.93,20.0,Low
26.83,46.94,49.04,47.59,14.73,22.9,Low
26.41,48.0,42.39,56.96,14.23,28.6,Moderate
20.21,55.41,6.75,64.27,19.46,25.7,Moderate
31.25,88.5,33.41,30.64,14.69,31.7,Moderate
31.4,65.32,15.1,26.04,9.57,19.3,Low
33.27,70.47,45.37,66.33,23.32,35.1,Moderate
25.83,55.67,51.71,56.74,19.18,37.2,Moderate
27.8,79.5,12.93,37.55,14.91,20.2,Low
27.85,98.14,71.54,70.82,17.28,56.7,High
36.44,56.69,33.56,66.06,13.46,22.9,Low
15.0,95.87,29.56,61.6,18.89,48.9,Moderate
23.22,75.47,10.45,28.81,18.48,22.0,Low
28.03,70.25,18.44,48.73,14.09,25.7,Moderate
22.57,76.0,20.64,59.87,13.33,29.9,Moderate
26.71,75.86,0.14,31.39,16.67,17.3,Low
27.37,97.86,49.69,58.69,14.97,46.8,Moderate
24.71,77.8,7.35,29.47,48.07,32.1,Moderate
28.32,78.12,15.04,26.66,10.3,17.8,Low
31.14,63.68,61.57,63.47,59.09,68.4,High
26.82,82.59,55.61,69.03,15.35,37.9,Moderate
25.73,55.65,1.71,47.78,22.92,21.1,Low
27.17,71.64,53.63,34.45,17.14,34.3,Moderate
27.96,100.0,11.02,59.31,13.53,34.6,Moderate
19.3,32.44,48.2,61.37,31.32,38.7,Moderate
30.31,73.5,16.37,58.45,16.12,23.2,Low
25.74,74.07,19.5,28.71,25.37,31.1,Moderate
34.31,66.58,28.8,58.56,31.31,38.7,Moderate
30.96,66.93,32.0,56.68,45.07,44.4,Moderate
33.85,71.37,20.29,24.03,11.31,16.1,Low
22.94,66.22,45.46,58.45,18.0,33.8,Moderate
26.14,73.33,32.08,31.71,16.44,26.1,Moderate
21.79,62.69,61.42,57.68,37.25,48.9,Moderate
24.47,100.0,56.0,90.33,27.71,61.3,High
34.26,66.22,3.01,41.37,11.31,21.2,Low
35.44,78.54,57.46,54.38,13.5,39.2,Moderate
22.26,59.96,1.02,14.07,9.14,16.2,Low
25.71,84.0,41.48,54.85,12.94,37.4,Moderate
27.62,81.0,74.24,59.69,38.84,63.5,High
30.93,76.29,99.45,40.64,25.78,44.6,Moderate
19.2,54.59,27.55,29.27,12.66,18.2,Low
19.98,58.71,23.27,57.49,8.54,16.4,Low
30.45,95.29,72.37,80.69,15.94,53.8,High
18.25,58.55,4.75,38.77,11.03,11.5,Low
25.77,79.61,38.62,64.68,18.9,39.0,Moderate
28.81,55.83,51.52,54.54,31.79,42.9,Moderate
30.08,85.13,65.75,47.68,15.03,37.6,Moderate
27.29,59.7,52.39,87.36,19.01,35.3,Moderate
26.17,55.55,38.04,28.14,45.03,37.9,Moderate
32.22,59.31,41.58,56.91,38.0,42.1,Moderate
29.43,61.69,37.43,39.35,15.51,33.1,Moderate
24.76,76.07,45.4,48.78,16.18,35.5,Moderate
28.19,71.04,48.48,76.81,29.05,46.9,Moderate
29.92,53.57,18.45,43.14,19.79,16.7,Low
36.59,69.58,11.94,35.34,8.72,16.1,Low
31.93,52.85,55.33,47.19,22.1,34.6,Moderate
34.07,79.65,37.33,57.51,18.01,29.0,Moderate
24.95,82.4,50.59,39.51,13.49,31.3,Moderate
25.38,69.64,39.08,51.11,16.21,26.0,Moderate
26.82,74.07,36.34,46.71,19.05,28.1,Moderate
27.28,96.28,19.36,31.05,8.32,27.8,Moderate
22.96,67.64,19.98,21.52,24.4,23.1,Low
34.33,55.84,76.46,63.28,26.94,32.7,Moderate
32.42,78.69,53.57,49.17,17.99,34.3,Moderate
26.47,53.01,71.28,64.31,36.21,53.1,High
31.21,66.84,18.61,10.0,28.98,23.1,Low
29.11,61.02,18.75,35.68,29.24,34.9,Moderate
31.6,59.47,31.0,59.65,14.06,24.0,Low
21.28,66.25,22.83,19.26,6.89,10.2,Low
27.27,83.5,33.99,76.02,30.8,49.1,Moderate
27.71,86.59,71.67,66.53,18.69,44.6,Moderate
31.12,83.89,23.99,42.27,9.29,25.2,Moderate
24.86,75.05,30.77,48.38,14.65,20.8,Low
15.5,66.13,53.16,41.8,23.95,35.2,Moderate
22.59,34.63,50.64,75.0,15.22,32.7,Moderate
27.69,75.51,74.22,64.64,23.77,42.9,Moderate
28.32,35.81,49.91,54.44,15.92,29.6,Moderate
36.42,41.15,22.2,58.79,18.88,28.4,Moderate
30.91,67.57,33.86,53.64,18.19,30.5,Moderate
28.41,73.97,20.67,33.02,9.46,20.7,Low
27.84,63.23,37.8,48.7,16.36,20.8,Low
33.52,93.03,35.69,56.98,9.5,43.0,Moderate
25.05,76.93,17.99,43.15,15.19,22.5,Low
27.3,66.26,25.65,24.74,17.43,21.0,Low
22.55,90.79,11.52,61.0,19.14,37.8,Moderate
35.09,93.48,35.75,50.88,45.87,58.2,High
29.96,77.69,28.28,39.93,31.89,36.0,Moderate
24.46,58.37,11.91,49.89,13.39,19.7,Low
27.43,61.75,9.64,31.91,23.04,26.3,Moderate
30.55,48.3,25.25,21.81,13.64,13.0,Low
26.75,69.36,24.63,44.49,17.9,27.4,Moderate
25.33,54.25,59.28,66.72,36.36,46.4,Moderate
24.73,65.06,63.54,54.1,15.62,27.6,Moderate
29.69,73.91,51.55,50.49,17.19,37.5,Moderate
26.21,40.24,74.98,59.36,24.11,41.0,Moderate
25.73,51.04,23.96,42.74,15.95,28.1,Moderate
21.32,62.4,34.72,50.25,13.23,29.3,Moderate
28.39,69.21,42.11,62.6,14.4,28.0,Moderate
27.09,62.59,48.21,63.81,17.06,38.6,Moderate
26.39,65.94,55.6,85.83,17.35,38.4,Moderate
28.99,59.41,33.51,73.77,14.5,27.9,Moderate
31.74,48.26,50.72,40.72,23.25,30.1,Moderate
31.51,61.98,13.47,37.17,18.4,19.6,Low
30.76,66.8,11.38,50.68,11.29,21.8,Low
26.8,65.34,24.28,17.49,15.36,17.3,Low
25.17,71.68,48.69,57.62,22.52,38.5,Moderate
22.78,76.28,45.75,39.03,46.43,46.1,Moderate
25.03,80.23,23.92,43.43,9.05,25.0,Moderate
28.1,60.5,47.29,52.59,23.1,34.0,Moderate
24.07,46.36,44.67,24.94,28.52,32.6,Moderate
28.48,89.07,55.42,91.52,24.51,52.3,High
23.17,75.78,13.27,32.39,29.85,30.4,Moderate
19.7,55.68,12.41,61.77,23.79,29.7,Moderate
32.1,74.17,14.14,16.28,19.02,16.6,Low
25.63,86.02,12.25,30.3,13.87,32.0,Moderate
23.81,95.94,25.38,56.46,9.45,39.7,Moderate
22.53,73.76,10.4,35.61,13.77,23.2,Low
30.12,85.9,61.23,69.01,32.27,57.4,High
34.87,51.86,30.22,55.68,24.59,32.0,Moderate
25.98,69.46,66.58,46.44,28.15,45.6,Moderate
26.92,64.97,20.96,61.27,22.57,36.4,Moderate
33.36,75.14,71.25,69.12,25.19,51.1,High
18.95,94.17,60.08,34.87,17.2,48.3,Moderate
37.83,73.75,10.11,40.62,14.98,20.1,Low
40.22,55.93,53.82,64.14,46.04,58.3,High
15.0,51.05,69.91,58.48,22.85,35.8,Moderate
27.51,94.69,86.61,66.55,30.03,61.3,High
24.41,77.71,11.9,46.96,19.78,16.3,Low
26.68,76.72,10.86,14.79,6.29,10.7,Low
25.91,64.84,39.52,46.33,47.8,46.7,Moderate
32.06,74.02,52.46,48.25,14.37,29.2,Moderate
27.44,55.2,55.81,66.37,23.34,38.7,Moderate
23.45,75.81,5.43,28.94,15.12,13.8,Low
27.14,52.38,9.49,68.03,7.35,22.1,Low
30.57,64.61,13.32,31.35,7.0,14.0,Low
22.08,60.36,4.0,19.98,8.83,10.7,Low
19.77,25.0,4.49,55.46,26.24,21.8,Low
37.96,64.8,22.22,52.16,7.79,16.6,Low
24.79,56.52,40.79,55.46,23.65,31.0,Moderate
27.31,66.84,27.96,41.53,12.39,25.0,Moderate
26.01,70.03,21.66,37.65,21.84,38.2,Moderate
30.74,96.52,4.57,43.85,16.1,36.0,Moderate
36.86,74.57,62.54,48.73,17.11,38.3,Moderate
30.9,75.01,64.34,84.57,21.36,47.4,Moderate
20.41,77.43,15.18,44.23,10.56,13.6,Low
21.08,83.08,61.85,52.94,31.5,52.0,High
26.01,76.81,72.63,54.56,16.6,39.1,Moderate
26.66,74.23,54.5,36.15,11.55,32.2,Moderate
19.39,80.67,36.78,58.82,24.9,32.6,Moderate
32.1,33.6,47.78,40.2,23.23,33.8,Moderate
22.57,100.0,12.75,37.53,10.71,38.2,Moderate
35.47,93.85,18.62,79.73,16.44,41.5,Moderate
37.1,73.26,19.15,14.65,37.53,28.1,Moderate
26.76,48.8,78.83,61.1,43.44,49.0,Moderate
30.19,88.16,16.08,20.1,10.84,26.3,Moderate
21.84,59.59,86.17,57.1,52.5,65.3,High
31.12,78.01,72.54,58.25,23.8,40.4,Moderate
25.51,50.76,62.13,37.19,24.88,40.3,Moderate
22.56,100.0,71.05,66.01,31.68,63.6,High
26.55,48.37,48.67,74.06,34.66,42.0,Moderate
25.67,71.03,16.26,45.68,20.22,27.9,Moderate
26.37,38.17,4.82,49.29,10.37,9.9,Low
32.75,69.38,23.28,67.51,9.59,25.5,Moderate
24.07,63.62,11.71,48.2,29.78,24.5,Low
36.68,87.06,71.24,24.6,13.56,32.5,Moderate
21.37,63.62,27.55,47.33,11.23,21.6,Low
36.08,87.08,21.88,5.12,18.77,29.2,Moderate
22.92,54.64,22.88,32.17,13.05,12.3,Low
27.99,65.77,68.96,36.65,23.85,41.4,Moderate
25.55,66.07,2.69,40.04,16.44,24.6,Low
26.28,77.43,44.93,37.27,15.84,29.7,Moderate
32.01,75.53,50.42,57.15,15.3,32.0,Moderate
35.5,80.83,9.95,50.2,26.28,30.3,Moderate
33.95,74.0,30.8,31.4,23.18,23.4,Low
25.98,79.92,10.4,42.41,13.63,20.5,Low
28.92,56.53,26.34,5.0,4.91,13.1,Low
24.09,75.83,63.06,34.68,17.71,48.1,Moderate
23.04,94.12,28.08,63.84,16.42,46.8,Moderate
22.27,44.8,34.47,33.84,33.64,35.0,Moderate
25.81,77.34,2.6,28.03,31.91,23.9,Low
29.25,80.15,9.53,26.07,15.23,20.4,Low
18.44,91.92,25.75,18.01,17.35,32.3,Moderate
27.77,80.89,5.87,21.55,5.71,13.7,Low
35.58,71.5,33.24,46.55,24.27,28.5,Moderate
33.61,76.45,25.25,38.06,7.25,12.5,Low
25.07,58.97,84.25,80.59,21.58,48.7,Moderate
21.02,64.18,10.83,29.51,10.57,14.3,Low
30.3,49.96,29.54,45.16,19.74,27.9,Moderate
16.41,92.31,0.45,27.0,5.2,16.8,Low
33.55,76.75,19.99,56.0,17.63,31.7,Moderate
26.93,56.26,64.21,35.98,13.33,25.2,Moderate
37.16,74.07,26.35,51.39,36.85,43.2,Moderate
19.37,87.39,45.37,56.95,15.7,38.0,Moderate
32.59,84.89,36.85,35.58,23.85,34.9,Moderate
27.5,56.09,15.96,39.1,13.28,20.9,Low
26.34,25.0,25.06,49.58,14.2,22.4,Low
21.15,75.93,14.92,29.85,21.13,22.9,Low
30.98,56.7,14.42,29.36,9.71,16.0,Low
31.38,79.33,8.27,19.45,8.77,11.5,Low
36.93,84.25,50.37,82.97,20.55,45.1,Moderate
33.04,86.7,72.12,53.24,24.35,53.5,High
25.03,96.17,68.56,40.61,19.43,60.5,High
22.98,88.55,11.68,12.57,8.29,24.1,Low
21.16,96.24,51.44,40.96,15.91,47.3,Moderate
35.37,90.69,51.1,56.89,20.77,37.1,Moderate
24.11,91.99,48.08,48.0,17.27,41.6,Moderate
35.4,69.39,48.02,57.07,47.58,49.2,Moderate
30.63,50.66,36.8,58.61,18.86,25.1,Moderate
29.65,100.0,35.25,45.07,18.14,50.3,High
26.47,70.94,38.76,46.65,18.22,23.5,Low
31.3,88.43,15.27,63.83,16.72,30.9,Moderate
27.92,61.75,14.08,50.98,10.28,13.1,Low
26.15,84.46,71.23,65.7,24.6,47.8,Moderate
31.48,33.33,32.44,41.21,22.26,33.4,Moderate
27.28,63.84,62.26,66.92,17.03,32.6,Moderate
24.01,68.52,18.9,46.9,16.42,22.5,Low
31.0,76.94,11.3,43.68,23.26,30.2,Moderate
27.68,86.08,15.18,51.07,11.38,31.9,Moderate
30.44,53.59,46.54,56.18,17.72,32.4,Moderate
25.73,79.9,85.75,42.23,29.23,42.0,Moderate
21.95,88.4,74.81,62.0,30.6,54.3,High
36.68,100.0,55.82,37.81,18.58,48.1,Moderate
35.73,80.6,8.93,47.63,24.27,25.9,Moderate
32.42,63.11,28.35,21.39,6.86,11.1,Low
26.06,50.92,23.3,42.69,10.29,23.2,Low
26.5,97.44,26.91,45.29,10.87,36.4,Moderate
34.91,81.06,26.9,27.21,7.64,11.8,Low
26.23,69.67,24.75,42.45,12.98,25.4,Moderate
24.84,45.7,30.62,57.23,18.11,35.6,Moderate
37.36,56.03,13.89,31.51,17.18,22.1,Low
27.76,79.47,35.22,51.67,11.47,22.2,Low
36.84,75.31,24.25,51.1,14.03,33.7,Moderate
21.01,40.81,70.56,43.68,18.7,35.6,Moderate
30.59,79.49,49.73,53.02,37.49,48.9,Moderate
38.36,46.47,45.42,47.74,16.77,28.3,Moderate
28.15,90.31,73.26,60.42,33.43,55.8,High
26.68,73.13,26.56,20.24,18.08,26.1,Moderate
22.16,63.05,56.19,33.56,32.47,36.5,Moderate
33.41,84.85,17.12,59.29,22.48,32.7,Moderate
24.15,75.3,4.94,48.07,15.4,20.9,Low
27.53,89.87,19.82,45.24,12.24,35.8,Moderate
21.83,71.21,44.81,64.21,21.09,30.4,Moderate
35.78,72.08,15.9,20.68,17.95,25.1,Moderate
33.77,65.72,15.16,36.9,16.32,25.1,Moderate
27.84,73.94,69.22,54.41,22.13,43.0,Moderate
22.23,95.47,9.08,26.63,32.26,45.2,Moderate
35.68,62.46,30.29,28.59,8.52,14.5,Low
26.17,79.72,66.67,78.08,19.25,36.7,Moderate
22.47,56.79,30.9,36.37,18.55,19.1,Low
19.19,39.0,36.82,54.65,12.31,24.5,Low
24.77,73.11,47.67,56.67,19.16,35.6,Moderate
20.73,75.56,9.6,54.04,24.99,25.3,Moderate
24.89,68.35,11.95,50.19,9.28,21.4,Low
31.72,47.56,12.31,34.69,11.62,16.7,Low
26.12,74.56,46.43,32.27,13.16,26.5,Moderate
29.78,73.99,23.29,56.54,11.34,26.6,Moderate
24.38,56.67,31.01,64.18,14.98,28.6,Moderate
28.33,49.7,62.93,93.97,26.64,42.6,Moderate
37.6,66.21,72.05,74.89,21.33,49.9,Moderate
26.26,79.79,34.4,37.46,19.47,31.0,Moderate
29.92,76.25,32.92,38.89,18.16,23.3,Low
20.17,56.79,36.66,16.69,22.67,26.2,Moderate
35.6,72.05,46.28,39.02,22.06,33.6,Moderate
25.61,83.31,28.26,25.86,9.99,17.7,Low
33.25,52.41,60.95,65.15,22.25,42.8,Moderate
27.38,70.95,11.39,53.35,11.05,16.2,Low
31.06,90.09,9.24,72.11,31.05,51.3,High
31.36,50.88,15.69,86.8,38.14,46.7,Moderate
25.74,87.33,19.46,45.54,11.38,25.2,Moderate
33.46,94.29,45.78,42.28,41.3,53.3,High
24.21,66.67,59.67,50.02,28.78,42.2,Moderate
31.89,64.85,47.17,41.13,18.87,25.6,Moderate
26.05,85.5,15.22,75.48,50.58,53.9,High
29.75,67.21,65.2,16.27,19.24,31.4,Moderate
25.69,34.7,34.54,71.39,11.81,29.2,Moderate
28.25,68.52,68.55,44.99,17.97,40.0,Moderate
22.63,77.06,22.24,36.92,12.3,24.9,Low
29.24,81.1,19.09,5.0,21.11,26.0,Moderate
28.22,56.79,50.4,68.46,12.37,33.5,Moderate
25.3,65.95,8.33,49.81,20.64,25.8,Moderate
27.72,84.65,41.58,33.15,23.04,33.2,Moderate
28.67,69.1,40.9,65.93,23.45,28.9,Moderate
24.92,47.07,40.35,62.85,22.42,35.2,Moderate
27.36,88.56,31.8,38.18,34.34,39.9,Moderate
22.97,66.79,19.16,10.92,28.13,26.5,Moderate
39.73,86.37,22.09,39.44,21.72,24.1,Low
33.3,49.07,51.88,68.78,24.98,35.0,Moderate
29.37,68.19,17.98,27.57,5.75,11.6,Low
33.86,77.65,60.81,72.5,17.8,51.7,High
18.1,68.69,48.5,39.07,18.17,27.9,Moderate
15.21,52.25,20.84,40.94,8.66,16.8,Low
26.0,34.2,18.91,30.57,11.41,17.7,Low
21.11,92.85,25.51,46.27,25.74,46.1,Moderate
26.82,73.72,10.23,50.9,12.5,18.2,Low
29.03,87.5,29.95,69.94,21.06,32.5,Moderate
32.6,83.93,69.21,62.35,27.07,42.2,Moderate
22.31,78.95,67.63,35.29,25.82,38.3,Moderate
30.0,65.18,1.7,45.08,19.87,28.6,Moderate
28.07,77.35,4.25,32.02,19.16,17.0,Low
29.74,91.49,46.47,46.47,10.47,40.1,Moderate
25.4,71.25,58.48,57.06,31.95,42.6,Moderate
34.92,98.53,28.94,53.52,20.09,45.3,Moderate
27.48,47.51,33.55,40.54,15.38,20.7,Low
36.87,45.9,7.24,46.25,11.6,19.5,Low
24.05,84.82,69.62,65.44,14.25,44.1,Moderate
31.71,57.72,51.4,61.72,14.59,25.8,Moderate
27.7,100.0,89.88,79.66,20.75,62.0,High
26.36,90.06,42.89,16.92,10.16,29.6,Moderate
31.16,93.81,19.99,36.11,6.96,31.3,Moderate
26.5,83.27,21.09,40.09,21.24,39.6,Moderate
15.0,56.18,12.19,35.53,14.17,16.7,Low
15.0,45.11,69.66,46.39,22.34,27.6,Moderate
34.36,92.43,31.64,36.29,30.37,42.9,Moderate
34.15,47.51,15.38,48.2,7.53,19.0,Low
37.44,93.77,48.43,58.86,33.0,57.2,High
27.91,80.04,23.61,43.75,13.83,23.2,Low
21.54,68.86,37.43,33.04,24.35,27.0,Moderate
25.9,76.63,30.22,58.47,9.17,26.2,Moderate
28.06,76.98,13.58,51.56,27.57,31.8,Moderate
22.96,66.96,10.86,55.49,8.53,20.2,Low
36.24,91.39,11.01,27.13,11.91,24.0,Low
39.2,90.87,9.49,92.73,32.18,52.6,High
30.39,72.33,14.62,43.42,18.85,25.5,Moderate
27.95,61.0,77.04,50.6,21.9,40.6,Moderate
21.53,89.59,49.89,88.15,30.08,59.1,High
35.73,39.66,38.66,59.75,16.83,28.7,Moderate
28.38,76.66,58.11,58.38,31.68,48.4,Moderate
26.55,81.09,16.59,45.66,16.41,22.9,Low
30.41,57.57,18.54,60.72,8.13,16.6,Low
25.07,84.61,23.58,47.04,14.29,28.6,Moderate
28.73,69.6,17.08,15.11,15.14,10.1,Low
20.79,61.81,18.54,41.22,20.07,27.0,Moderate
33.44,84.45,67.4,72.08,32.26,57.4,High
27.48,53.71,41.11,48.67,16.15,38.6,Moderate
33.79,83.04,37.08,33.2,19.49,35.4,Moderate
26.99,40.26,44.22,49.93,14.78,35.7,Moderate
27.32,74.29,19.78,54.89,40.01,42.1,Moderate
21.94,70.66,34.62,66.26,25.91,42.7,Moderate
31.8,61.9,7.93,21.14,20.76,21.2,Low
23.62,75.84,30.21,27.91,31.13,39.1,Moderate
25.57,68.81,49.52,51.45,20.83,26.1,Moderate
28.01,85.82,57.57,44.76,34.88,45.1,Moderate
28.61,78.4,35.36,38.7,23.06,29.9,Moderate
19.47,76.79,34.13,42.91,23.59,35.6,Moderate
26.85,74.38,54.06,65.41,19.11,40.1,Moderate
31.98,62.92,39.04,36.01,27.81,30.3,Moderate
26.11,65.47,19.58,24.36,17.85,16.2,Low
26.88,73.72,10.07,27.44,11.44,16.1,Low
28.81,67.4,23.72,20.61,5.77,12.9,Low
27.37,86.67,30.62,46.51,19.0,33.1,Moderate
22.85,71.4,20.78,43.91,13.93,22.0,Low
27.82,75.64,57.85,70.4,21.02,39.1,Moderate
32.97,48.96,21.99,26.82,15.55,24.6,Low
22.74,84.15,20.71,44.09,24.0,36.8,Moderate
26.13,61.28,62.46,61.89,38.04,47.9,Moderate
21.09,54.36,41.89,26.44,28.17,31.5,Moderate
32.71,94.69,9.89,41.75,18.8,39.2,Moderate
27.54,80.46,11.93,43.02,19.64,26.4,Moderate
23.75,84.66,62.15,54.83,21.4,46.5,Moderate
28.46,76.82,14.69,20.92,30.08,30.3,Moderate
21.98,68.6,46.94,50.29,14.43,29.9,Moderate
22.83,65.81,53.87,24.51,11.89,26.6,Moderate
20.7,81.69,81.62,68.45,22.81,40.1,Moderate
22.67,86.99,25.52,55.06,9.7,27.0,Moderate
34.79,68.98,91.97,63.91,29.18,57.2,High
24.33,100.0,59.18,74.9,64.79,89.3,Critical
30.33,67.04,21.53,32.08,36.76,34.3,Moderate
23.82,49.09,11.37,28.06,16.98,15.0,Low
31.8,44.18,34.2,42.79,10.53,25.3,Moderate
22.87,44.68,63.81,91.29,33.76,43.6,Moderate
28.2,63.79,35.86,43.29,33.09,39.8,Moderate
28.26,66.52,74.93,93.37,22.8,48.4,Moderate
39.64,80.24,3.66,35.7,15.38,18.4,Low
31.15,69.57,15.65,28.37,5.34,18.3,Low
25.04,82.65,48.31,81.2,26.63,49.2,Moderate
31.43,70.67,26.65,47.1,16.17,29.3,Moderate
38.69,70.2,34.6,42.7,12.06,31.0,Moderate
19.85,61.34,42.67,62.85,18.12,30.9,Moderate
23.79,91.34,18.03,60.02,12.88,32.1,Moderate
26.82,47.03,75.46,52.69,21.02,40.2,Moderate
25.91,74.52,5.12,50.32,14.01,28.1,Moderate
26.34,67.28,48.52,48.58,14.62,23.6,Low
21.48,81.73,26.68,29.62,22.56,27.1,Moderate
35.02,69.69,85.99,54.49,31.61,47.5,Moderate
20.89,70.13,18.44,23.87,8.29,17.8,Low
27.0,66.0,20.56,43.5,44.95,37.4,Moderate
33.23,90.9,7.98,39.15,8.82,26.1,Moderate
27.85,70.04,25.76,61.15,21.11,38.2,Moderate
23.1,99.54,32.06,59.25,11.43,38.3,Moderate
21.26,74.08,49.49,46.26,12.93,25.8,Moderate
26.85,70.33,52.49,50.48,29.85,41.5,Moderate
24.21,67.82,29.13,35.46,33.58,39.3,Moderate
29.03,78.46,49.19,53.86,39.08,47.6,Moderate
20.99,61.17,51.31,49.65,33.18,46.1,Moderate
32.07,72.19,39.51,49.57,14.56,32.3,Moderate
28.58,70.12,0.13,56.98,25.78,23.4,Low
28.95,74.88,50.32,75.32,15.95,35.4,Moderate
35.21,75.25,28.17,35.49,16.83,17.3,Low
25.81,76.03,21.59,54.21,23.75,33.3,Moderate
24.37,71.42,37.72,58.0,19.68,41.2,Moderate
25.26,93.53,44.94,42.49,26.63,45.4,Moderate
27.04,76.34,18.98,62.82,39.67,40.6,Moderate
27.55,100.0,19.08,19.5,9.81,30.6,Moderate
23.85,70.75,57.06,71.1,43.44,59.7,High
17.88,84.38,54.81,52.43,28.49,47.6,Moderate
25.2,59.11,52.54,37.32,38.17,42.4,Moderate
29.8,91.01,52.58,50.64,33.13,47.2,Moderate
28.68,59.44,70.46,87.83,48.53,60.9,High
34.0,76.84,18.44,79.12,34.45,36.9,Moderate
37.78,66.03,56.24,43.0,25.6,37.3,Moderate
31.8,76.78,54.91,53.63,29.01,42.3,Moderate
34.91,66.48,42.34,47.03,19.49,28.1,Moderate
31.83,58.16,39.7,48.61,24.78,32.6,Moderate
36.55,65.93,32.39,70.71,27.55,42.1,Moderate
37.25,93.12,10.93,32.96,18.99,31.1,Moderate
32.76,77.01,3.2,24.39,7.11,18.4,Low
31.53,50.67,3.97,29.72,13.21,17.9,Low
26.97,86.43,52.85,50.69,11.65,37.0,Moderate
27.79,56.63,19.4,53.34,7.98,21.9,Low
26.31,81.15,40.81,51.17,15.21,21.9,Low
31.11,78.3,44.68,60.62,13.49,34.8,Moderate
24.4,79.24,26.0,59.98,34.43,44.5,Moderate
27.04,97.8,15.99,36.38,18.51,41.2,Moderate
16.22,57.57,24.4,42.49,46.52,37.8,Moderate
36.62,79.16,69.89,66.83,24.75,46.4,Moderate
26.9,88.89,3.64,27.03,17.03,22.2,Low
30.28,60.35,13.14,40.26,27.71,31.8,Moderate
35.29,58.81,24.4,59.42,32.98,40.1,Moderate
29.5,65.69,40.33,50.95,22.72,32.3,Moderate
35.22,74.87,15.29,59.48,9.48,22.8,Low
21.79,48.84,42.36,36.16,28.12,35.7,Moderate
39.99,78.27,18.44,46.52,8.71,25.2,Moderate
33.44,48.87,54.24,62.65,25.01,41.4,Moderate
29.05,89.4,49.74,57.16,13.77,35.9,Moderate
35.13,77.71,2.81,31.66,10.59,8.3,Low
22.16,98.7,18.69,19.66,11.99,39.1,Moderate
26.56,80.03,84.1,81.21,17.45,40.3,Moderate
35.22,65.43,45.96,29.92,48.24,42.8,Moderate
18.66,58.02,14.63,20.08,11.44,14.0,Low
30.8,73.58,73.37,69.4,16.57,38.7,Moderate
30.66,69.55,9.48,32.78,8.68,9.2,Low
37.85,87.79,33.17,48.76,21.84,38.7,Moderate
20.09,56.07,43.34,30.92,11.83,19.1,Low
36.05,100.0,34.41,51.42,18.55,48.9,Moderate
25.2,89.12,76.26,74.23,15.39,51.0,High
25.76,66.95,17.52,17.71,46.73,42.8,Moderate
21.89,96.97,42.32,53.59,29.93,55.7,High
22.56,58.25,24.86,57.24,11.31,26.6,Moderate
30.02,73.08,27.23,24.52,33.49,27.7,Moderate
22.44,50.85,46.24,53.36,19.05,29.3,Moderate
31.7,97.7,71.52,60.8,29.12,61.0,High
24.69,45.29,38.71,53.9,22.0,36.0,Moderate
21.93,48.39,47.04,47.38,24.84,35.1,Moderate
25.36,60.48,78.57,40.65,21.65,38.5,Moderate
29.68,89.83,74.64,55.16,21.87,52.6,High
26.61,84.32,67.63,50.34,24.25,37.1,Moderate
28.17,71.83,49.56,51.33,16.91,28.4,Moderate
31.48,85.28,82.57,81.98,37.29,62.8,High
33.41,68.27,16.16,18.36,13.37,17.7,Low
26.45,76.34,44.38,64.94,40.96,50.5,High
22.78,94.78,15.46,66.93,24.29,45.8,Moderate
28.38,66.3,52.96,79.14,21.62,42.0,Moderate
30.35,58.5,57.03,81.82,33.86,46.6,Moderate
20.7,77.06,17.44,43.99,8.43,24.5,Low
23.55,81.1,65.04,58.85,18.1,34.8,Moderate
24.4,71.66,40.55,22.07,26.6,30.9,Moderate
26.96,85.05,6.81,34.12,11.84,21.9,Low
24.19,66.98,59.86,72.94,25.09,45.6,Moderate
31.54,71.91,68.22,37.56,19.6,32.3,Moderate
19.97,75.62,5.43,24.0,16.76,18.1,Low
20.1,74.31,23.89,45.0,18.76,31.2,Moderate
26.33,94.2,49.61,27.55,12.33,38.1,Moderate
27.12,75.54,0.56,62.55,34.97,35.5,Moderate
20.73,65.44,64.84,66.45,35.17,47.8,Moderate
24.97,77.92,8.46,43.11,5.63,15.4,Low
25.99,85.13,23.1,55.22,8.93,26.8,Moderate
26.03,81.61,70.53,54.6,14.08,39.2,Moderate
28.76,80.78,56.48,58.97,16.63,31.1,Moderate
24.69,47.53,19.26,27.09,24.01,24.8,Low
35.39,32.61,21.83,7.89,13.28,16.2,Low
30.44,89.13,19.24,41.25,12.88,32.9,Moderate
23.96,76.58,50.54,76.42,13.81,37.6,Moderate
28.47,69.68,45.38,76.0,24.57,45.7,Moderate
28.62,80.41,5.54,34.11,17.48,21.2,Low
34.07,98.91,57.42,50.95,19.95,47.0,Moderate
25.0,91.2,41.49,26.19,29.81,44.1,Moderate
31.84,84.43,79.74,78.84,38.7,54.6,High
28.21,56.7,24.55,49.94,12.57,16.9,Low
35.46,58.65,45.71,48.16,17.38,28.3,Moderate
34.45,34.2,68.69,29.46,34.05,43.2,Moderate
28.98,79.5,27.29,17.51,13.25,15.9,Low
26.69,86.63,61.2,58.36,18.05,48.1,Moderate
30.53,87.85,53.84,30.71,21.75,40.9,Moderate
27.1,80.13,40.44,57.23,31.54,45.9,Moderate
36.4,67.69,47.24,60.34,23.61,44.3,Moderate
28.39,61.54,38.62,28.8,12.53,27.3,Moderate
25.97,57.62,17.98,42.02,12.44,18.8,Low
25.7,67.55,22.0,28.62,20.43,20.6,Low
21.93,55.33,50.49,66.79,20.1,32.7,Moderate
30.78,96.34,30.36,94.99,32.04,59.2,High
23.9,50.46,5.58,35.17,11.82,14.4,Low
33.49,67.04,21.88,64.82,16.88,24.2,Low
21.54,40.96,11.09,54.3,15.93,25.0,Moderate
28.64,74.45,52.57,52.23,20.21,37.5,Moderate
33.75,69.96,1.83,43.62,6.73,10.7,Low
17.24,64.65,23.39,24.2,20.96,22.4,Low
38.09,56.01,47.64,53.74,37.23,38.5,Moderate
25.87,70.04,33.66,42.28,21.39,30.6,Moderate
28.71,61.83,66.9,78.81,29.66,46.4,Moderate
30.86,67.95,29.57,35.95,13.47,27.2,Moderate
31.63,99.36,31.77,30.31,19.72,43.4,Moderate
29.37,72.58,17.44,25.87,30.17,26.5,Moderate
32.99,77.99,0.94,48.16,14.34,19.9,Low
30.6,63.03,8.98,35.38,22.3,22.8,Low
36.8,58.23,16.11,15.38,20.23,17.8,Low
30.61,69.66,19.01,56.87,27.49,32.4,Moderate
37.82,100.0,35.15,24.64,20.47,39.0,Moderate
32.51,65.69,79.14,54.47,27.98,46.6,Moderate
18.97,75.42,6.79,34.21,23.84,25.5,Moderate
41.06,57.57,34.89,30.78,25.33,34.8,Moderate
25.13,28.67,40.48,23.71,15.5,24.0,Low
35.48,58.15,71.23,72.13,26.78,42.1,Moderate
28.13,100.0,19.0,51.43,7.81,24.9,Low
33.31,78.93,72.54,61.2,22.29,38.2,Moderate
24.56,94.61,11.83,44.62,14.82,35.6,Moderate
31.13,64.78,20.9,16.8,12.53,22.4,Low
26.73,34.65,42.37,57.66,19.16,32.1,Moderate
35.9,53.37,65.78,64.23,25.17,39.1,Moderate
30.19,75.96,12.66,46.07,21.84,27.6,Moderate
32.68,73.56,64.48,64.15,26.44,34.0,Moderate
17.18,69.84,56.89,69.83,23.26,41.0,Moderate
27.57,62.05,21.53,40.79,12.56,23.9,Low
30.05,84.1,48.68,52.98,16.12,32.6,Moderate
29.12,62.48,53.89,33.84,18.7,35.2,Moderate
32.81,74.62,65.9,68.35,15.5,43.6,Moderate
26.17,72.93,14.52,30.05,9.88,19.3,Low
28.24,64.47,34.33,38.06,38.32,41.5,Moderate
33.91,56.78,27.86,38.62,10.47,7.1,Low
16.61,63.59,7.42,21.51,5.53,12.2,Low
30.95,98.1,45.09,49.18,25.02,55.6,High
26.33,86.69,35.28,59.71,27.26,42.5,Moderate
23.44,85.31,17.52,24.45,12.16,26.2,Moderate
29.68,58.2,22.61,42.66,14.5,23.7,Low
34.14,48.43,31.69,56.09,8.56,23.4,Low
33.2,86.45,32.11,9.04,14.71,28.2,Moderate
27.32,83.57,30.68,73.55,28.6,41.7,Moderate
32.38,72.06,55.92,47.64,24.63,35.0,Moderate
32.34,64.44,45.08,36.75,17.57,28.3,Moderate
27.56,48.04,26.35,45.45,12.02,21.0,Low
24.53,83.01,23.54,33.12,33.44,38.5,Moderate
24.82,87.79,43.86,49.29,13.14,31.9,Moderate
32.19,59.81,21.71,31.36,8.26,21.9,Low
27.79,58.56,56.16,71.56,26.58,43.9,Moderate
22.77,88.62,53.3,93.91,15.68,51.7,High
19.58,60.37,78.98,73.49,26.27,46.8,Moderate
32.16,96.69,19.09,44.67,11.14,30.2,Moderate
25.27,68.36,12.73,31.17,13.46,13.9,Low
29.65,64.2,51.37,68.9,25.82,38.3,Moderate
34.2,70.68,5.81,25.51,6.98,8.3,Low
21.46,64.2,18.31,46.19,17.25,18.4,Low
27.77,86.89,68.78,51.27,19.94,45.4,Moderate
27.15,83.29,50.36,33.78,14.1,32.5,Moderate
29.9,86.32,1.94,32.48,15.4,22.8,Low
34.2,72.77,20.97,27.56,16.88,28.0,Moderate
21.35,63.15,31.22,68.06,22.92,34.4,Moderate
30.85,69.86,45.77,39.71,9.48,23.8,Low
33.16,63.61,45.79,49.07,17.17,29.9,Moderate
27.07,92.0,58.71,45.8,20.41,49.2,Moderate
27.31,85.03,21.81,24.1,17.18,21.3,Low
30.09,68.63,29.59,55.62,15.45,20.4,Low
29.72,56.1,18.15,39.93,12.08,21.0,Low
30.91,93.11,28.11,79.99,16.85,44.5,Moderate
30.81,72.05,59.04,71.38,18.63,41.2,Moderate
23.09,68.05,43.7,51.34,12.55,28.2,Moderate
32.95,93.24,12.82,44.99,18.26,42.7,Moderate
33.83,62.35,32.16,44.91,25.23,35.7,Moderate
28.93,65.22,30.07,30.12,8.79,10.3,Low
20.53,66.54,75.62,39.91,21.96,33.8,Moderate
27.43,50.25,29.95,29.65,29.51,24.2,Low
28.97,74.74,68.42,79.01,57.63,66.7,High
22.28,58.56,21.11,46.25,9.47,21.0,Low
26.2,61.44,59.19,63.77,16.22,42.6,Moderate
20.95,59.43,45.99,62.9,28.52,37.3,Moderate
31.04,61.19,5.53,33.93,43.34,32.4,Moderate
28.83,57.42,39.43,39.72,13.6,26.8,Moderate
19.77,73.71,33.76,77.11,14.23,27.4,Moderate
29.76,67.67,42.07,57.69,20.0,32.6,Moderate
27.72,70.72,39.07,23.71,11.26,25.9,Moderate
30.58,100.0,10.64,12.4,19.78,39.7,Moderate
26.04,67.67,18.08,52.58,17.91,30.5,Moderate
23.99,79.07,64.15,44.2,29.95,37.7,Moderate
24.15,80.78,13.0,37.6,27.03,31.7,Moderate
25.31,69.06,90.2,33.75,16.96,38.6,Moderate
28.09,74.11,49.73,45.46,24.06,45.6,Moderate
28.74,70.31,59.48,69.5,24.48,45.1,Moderate
27.05,73.04,43.63,42.24,13.1,27.4,Moderate
25.88,61.2,57.77,37.67,11.01,32.1,Moderate
26.24,62.59,41.64,45.91,21.36,34.6,Moderate
40.54,70.25,30.2,46.09,45.98,48.4,Moderate
24.15,40.42,16.51,35.49,10.06,19.2,Low
25.21,92.44,47.41,27.92,21.9,40.6,Moderate
42.0,100.0,33.29,52.55,20.91,47.2,Moderate
30.11,72.56,47.78,43.11,16.81,33.6,Moderate
21.1,79.98,2.76,38.58,17.42,18.3,Low
32.21,86.22,35.66,32.83,11.74,29.5,Moderate
23.45,50.13,44.53,69.27,30.5,43.8,Moderate
32.55,83.92,48.52,62.67,58.07,61.0,High
26.95,63.6,40.48,43.77,15.19,29.7,Moderate
25.8,100.0,45.2,55.38,30.84,58.1,High
36.05,67.18,70.14,84.09,24.64,45.4,Moderate
30.83,83.62,18.91,59.25,19.08,34.8,Moderate
32.86,67.32,6.68,59.98,14.38,17.7,Low
30.17,100.0,72.24,69.36,22.06,55.6,High
25.78,62.31,10.78,30.64,13.67,18.5,Low
31.06,87.48,49.33,61.09,15.98,35.6,Moderate
34.05,79.4,75.91,87.06,23.54,53.6,High
28.67,76.06,17.6,50.25,37.62,37.0,Moderate
37.01,73.44,34.72,34.74,21.06,23.7,Low
32.25,59.99,71.31,60.95,18.48,38.7,Moderate
29.06,31.21,65.1,69.19,20.69,46.6,Moderate
29.26,86.12,20.14,44.63,12.59,24.2,Low
28.69,62.67,31.76,57.57,14.36,25.2,Moderate
21.74,87.54,35.24,38.04,16.1,35.6,Moderate
27.55,75.28,67.19,55.29,17.1,42.9,Moderate
29.11,88.0,14.39,45.15,22.84,30.5,Moderate
25.92,82.03,54.64,59.95,72.65,68.6,High
29.69,33.03,32.69,36.95,8.85,13.7,Low
28.11,79.22,33.51,9.98,49.0,42.5,Moderate
31.87,64.84,17.42,5.0,12.18,15.8,Low
31.32,87.48,56.13,53.94,18.87,45.8,Moderate
28.84,78.87,39.67,51.63,13.6,30.3,Moderate
21.16,79.04,48.27,48.79,21.3,35.2,Moderate
36.95,65.92,8.23,38.41,11.95,19.1,Low
27.29,56.31,15.05,64.28,19.19,30.2,Moderate
27.6,63.51,26.16,36.71,30.77,28.5,Moderate
26.29,43.0,53.36,59.15,22.81,38.1,Moderate
25.56,61.14,72.97,85.8,16.94,36.1,Moderate
35.72,48.04,31.69,30.55,7.81,23.2,Low
34.93,48.43,0.7,61.8,21.75,32.7,Moderate
30.22,71.75,16.91,55.48,10.41,19.6,Low
27.46,78.01,88.98,61.49,17.18,44.5,Moderate
31.1,69.52,30.49,7.65,48.79,44.2,Moderate
28.37,62.52,32.78,67.33,28.73,44.5,Moderate
27.05,55.79,26.1,70.69,20.18,31.3,Moderate
29.69,65.24,16.42,30.33,23.14,22.6,Low
25.79,57.67,2.94,63.52,8.33,20.2,Low
29.26,69.06,11.22,13.57,7.45,17.3,Low
29.02,47.18,65.16,62.18,34.86,48.1,Moderate
31.01,80.52,76.3,59.04,26.73,51.9,High
24.9,61.49,23.94,23.32,9.43,21.4,Low
31.55,75.64,19.18,37.97,16.17,26.3,Moderate
23.47,83.31,36.52,47.32,22.31,35.3,Moderate
25.14,74.92,14.92,22.38,30.78,28.0,Moderate
25.36,81.99,62.23,66.91,14.87,45.4,Moderate
22.64,39.0,91.62,56.84,17.77,38.4,Moderate
33.08,62.61,57.79,49.84,18.99,37.0,Moderate
23.15,86.55,40.95,71.04,26.87,47.5,Moderate
24.51,77.64,69.13,49.38,17.97,38.8,Moderate
34.28,97.73,9.06,5.0,9.88,22.7,Low
25.15,95.57,72.83,56.72,14.33,50.6,High
27.06,74.49,24.52,45.22,8.19,18.6,Low
22.94,66.22,52.16,49.64,29.31,44.0,Moderate
32.16,55.62,12.42,52.25,6.95,18.7,Low
32.23,62.86,52.91,59.52,22.36,43.5,Moderate
31.69,63.88,8.16,28.86,6.28,18.6,Low
30.69,61.1,33.33,57.11,13.72,25.8,Moderate
28.37,56.22,39.22,55.68,10.13,31.8,Moderate
25.38,76.02,28.12,51.34,19.9,27.3,Moderate
23.93,95.45,4.52,34.19,7.69,32.8,Moderate
34.45,84.0,67.95,63.06,18.8,38.6,Moderate
31.82,65.16,17.17,42.65,14.53,28.2,Moderate
24.53,85.21,42.56,45.39,23.5,36.0,Moderate
28.2,75.2,44.22,57.67,23.98,35.5,Moderate
26.5,69.39,49.17,60.56,25.97,38.7,Moderate
22.36,68.45,42.57,58.26,27.76,36.3,Moderate
28.89,67.0,30.26,54.85,20.84,36.5,Moderate
25.92,79.77,17.57,7.4,10.52,8.0,Low
23.24,72.1,71.11,73.45,18.58,43.9,Moderate
20.6,59.07,16.86,26.44,10.85,19.4,Low
20.18,58.35,28.57,61.8,10.86,21.1,Low
26.14,74.59,29.35,24.86,9.55,17.5,Low
27.57,76.43,27.51,68.36,33.55,36.9,Moderate
23.62,65.3,23.57,10.49,6.75,12.4,Low
31.25,53.02,35.84,52.39,26.64,38.5,Moderate
27.67,88.76,6.31,31.72,10.37,21.9,Low
30.88,85.58,54.9,61.17,24.69,46.2,Moderate
27.09,40.19,23.6,69.14,9.14,23.1,Low
24.06,90.09,34.14,50.5,16.03,45.2,Moderate
28.57,66.87,9.94,52.57,18.31,25.1,Moderate
21.69,72.85,13.93,62.89,31.95,32.4,Moderate
30.7,87.07,31.03,36.58,15.01,32.1,Moderate
23.31,94.79,2.67,41.37,18.53,37.1,Moderate
32.59,85.04,63.88,77.88,23.28,46.2,Moderate
26.31,73.62,65.97,63.38,18.11,44.0,Moderate
33.31,49.37,40.44,40.36,17.05,21.4,Low
22.39,39.61,54.7,61.87,15.55,31.5,Moderate
24.61,83.17,16.32,42.43,13.68,24.8,Low
29.9,90.13,14.87,47.85,17.61,37.5,Moderate
33.85,57.78,8.46,30.04,18.05,25.8,Moderate
36.33,65.95,7.13,41.13,13.88,24.9,Low
28.21,61.64,30.52,43.59,17.34,27.5,Moderate
37.19,61.24,20.67,34.81,18.5,28.6,Moderate
26.55,86.12,27.35,64.22,20.34,39.9,Moderate
33.49,73.28,28.79,37.37,24.58,31.0,Moderate
23.29,66.56,8.38,26.6,12.42,14.5,Low
30.1,100.0,46.85,33.6,16.83,47.1,Moderate
16.29,48.48,23.44,42.23,8.2,24.0,Low
22.39,78.22,15.38,38.1,23.7,27.7,Moderate
30.33,54.27,23.17,53.94,17.93,25.5,Moderate
21.44,67.64,45.13,32.33,17.21,33.1,Moderate
30.13,72.23,69.39,34.02,37.59,45.1,Moderate
32.53,82.67,41.2,21.6,30.45,39.1,Moderate
25.49,66.08,46.59,58.15,22.68,37.8,Moderate
23.16,64.5,5.14,52.32,8.02,20.7,Low
25.63,65.81,74.97,75.54,27.91,51.7,High
23.17,53.8,50.31,45.09,14.13,31.9,Moderate
27.49,79.48,51.21,54.87,24.44,37.1,Moderate
28.51,74.22,19.55,8.14,26.59,23.0,Low
26.47,76.53,14.94,64.5,15.04,27.3,Moderate
36.37,68.96,28.91,62.47,10.78,26.8,Moderate
24.4,67.11,13.29,53.21,29.64,42.4,Moderate
34.96,87.63,25.52,30.47,8.45,26.8,Moderate
22.79,85.33,45.61,45.51,18.88,37.1,Moderate
28.36,91.22,2.63,33.07,10.69,22.9,Low
33.92,75.59,27.51,70.13,21.9,29.8,Moderate
33.66,90.29,9.73,53.41,40.79,41.8,Moderate
25.9,63.76,31.94,43.38,16.71,22.6,Low
30.78,66.99,11.12,47.66,25.21,27.2,Moderate
30.11,87.93,80.45,49.48,19.39,51.4,High
25.3,82.65,10.62,17.94,16.18,22.4,Low
31.08,65.64,58.96,54.6,12.8,28.4,Moderate
37.31,54.31,15.74,23.45,19.65,19.2,Low
30.36,66.94,47.66,26.3,17.91,28.1,Moderate
30.83,59.73,40.35,49.62,31.5,37.4,Moderate
31.36,95.87,32.1,42.26,13.56,35.4,Moderate
20.7,81.4,72.86,45.37,14.06,26.5,Moderate
30.3,58.51,61.77,50.61,17.87,30.9,Moderate
22.92,54.33,5.59,42.64,4.73,9.1,Low
25.05,58.33,25.69,40.61,13.26,27.3,Moderate
38.81,61.62,24.89,45.81,24.35,36.0,Moderate
26.73,67.5,28.51,42.43,19.21,20.2,Low
24.3,86.72,24.96,69.69,15.24,38.0,Moderate
33.76,55.5,78.93,82.56,24.71,53.0,High
23.26,100.0,42.03,51.45,23.31,48.9,Moderate
25.76,55.85,59.99,43.7,17.25,26.6,Moderate
34.25,48.86,19.31,33.35,19.24,30.0,Moderate
28.21,95.32,3.22,16.76,5.6,22.2,Low
20.19,89.82,69.6,47.4,25.71,55.4,High
30.72,67.26,53.8,63.85,21.05,38.1,Moderate
26.02,75.72,56.8,45.98,14.52,37.8,Moderate
35.7,76.1,38.99,46.02,14.49,29.8,Moderate
24.97,72.05,65.37,75.6,19.66,40.1,Moderate
33.26,50.55,67.31,66.85,33.45,46.3,Moderate
36.88,32.77,45.7,52.03,28.32,34.9,Moderate
23.75,57.33,18.71,39.84,10.77,18.7,Low
27.03,97.24,14.04,36.94,11.85,33.8,Moderate
29.94,97.83,16.7,54.81,24.23,47.1,Moderate
23.71,66.07,7.64,42.14,12.56,17.3,Low
29.35,55.63,14.15,36.1,15.76,27.9,Moderate
26.88,74.17,29.24,26.13,13.68,28.5,Moderate
26.77,76.58,27.72,51.94,13.63,27.1,Moderate
28.24,79.01,40.08,54.17,32.39,48.1,Moderate
28.36,32.09,59.82,32.2,10.78,32.1,Moderate
28.82,100.0,90.76,64.45,58.85,85.6,Critical
25.01,86.99,12.75,44.49,12.77,28.8,Moderate
25.22,67.03,21.9,38.74,15.75,23.3,Low
27.41,59.22,24.76,70.88,17.53,35.8,Moderate
27.78,84.81,14.14,62.86,12.47,24.7,Low
25.81,77.43,45.77,32.09,17.89,23.8,Low
29.62,71.38,36.44,44.03,28.26,35.4,Moderate
18.93,76.88,36.33,62.25,18.21,29.0,Moderate
24.35,68.31,64.75,56.41,21.63,36.2,Moderate
26.6,76.03,38.74,59.61,19.81,32.7,Moderate
23.72,80.9,27.93,35.06,31.1,33.3,Moderate
36.15,75.15,39.21,25.17,14.3,23.4,Low
28.09,74.36,2.43,46.25,31.91,29.9,Moderate
28.88,90.89,20.09,37.05,13.82,32.4,Moderate
25.58,46.04,54.45,92.73,27.64,43.2,Moderate
27.92,58.03,10.2,52.67,29.34,29.0,Moderate
21.92,70.4,60.01,40.1,27.11,42.8,Moderate
27.15,59.05,39.3,58.86,11.15,32.1,Moderate
23.31,64.06,67.98,57.73,33.14,54.5,High
26.61,89.32,54.07,61.81,22.32,46.9,Moderate
15.2,67.77,14.95,29.38,17.39,26.0,Moderate
22.36,42.56,21.73,47.29,33.29,33.5,Moderate
35.32,63.65,39.01,64.54,16.26,33.4,Moderate
32.15,70.87,10.62,51.05,31.08,33.1,Moderate
34.6,70.6,30.53,62.1,15.83,36.3,Moderate
34.94,78.34,43.28,96.88,16.47,35.9,Moderate
31.36,77.12,46.22,44.18,19.15,29.0,Moderate
25.74,67.92,24.8,70.76,12.57,27.5,Moderate
22.81,52.1,10.26,43.03,9.26,9.3,Low
33.73,63.38,63.95,51.57,19.5,37.3,Moderate
28.32,60.66,43.07,49.97,33.3,30.8,Moderate
40.47,65.72,20.02,55.55,21.92,26.0,Moderate
26.17,80.37,40.58,43.68,12.03,26.9,Moderate
37.86,76.06,28.25,15.49,40.51,30.3,Moderate
27.22,82.36,11.31,51.55,32.11,36.9,Moderate
34.68,64.24,32.4,49.75,9.85,15.0,Low
36.48,92.63,78.1,54.55,14.28,48.3,Moderate
22.89,80.09,27.2,25.6,21.6,29.7,Moderate
25.58,71.68,34.17,53.06,37.46,46.8,Moderate
22.84,79.05,6.18,56.53,18.55,31.2,Moderate
21.85,59.86,20.64,28.77,16.74,18.4,Low
31.34,38.37,49.76,56.65,15.31,29.4,Moderate
27.02,60.9,10.05,71.72,23.5,27.9,Moderate
28.26,81.21,46.9,65.65,19.94,40.8,Moderate
30.78,71.2,3.04,36.13,7.71,14.9,Low
18.71,67.95,49.33,50.83,14.62,30.7,Moderate
34.43,57.28,15.77,33.5,26.06,27.0,Moderate
26.25,40.66,91.46,68.25,18.94,46.7,Moderate
30.66,91.37,9.6,32.29,8.02,21.6,Low
31.1,66.88,13.75,35.95,45.12,42.6,Moderate
34.85,63.56,47.27,49.97,12.51,30.0,Moderate
27.48,59.93,51.73,29.2,38.61,46.6,Moderate
17.38,88.82,34.1,45.02,10.33,30.3,Moderate
28.29,83.22,5.8,78.03,14.76,29.0,Moderate
29.0,55.49,46.16,30.9,10.54,28.2,Moderate
22.83,87.47,14.7,63.78,10.62,24.9,Low
28.74,67.82,33.61,63.23,16.41,35.3,Moderate
26.19,60.84,48.85,62.56,16.49,32.4,Moderate
21.29,65.6,25.41,36.76,20.38,29.9,Moderate
31.36,58.25,22.2,57.51,13.78,28.2,Moderate
25.18,50.19,43.1,78.66,14.3,32.2,Moderate
25.97,81.64,47.39,69.02,22.64,40.2,Moderate
25.69,66.69,87.77,70.75,18.05,39.1,Moderate
34.18,79.26,68.55,60.62,20.65,33.6,Moderate
27.8,74.31,39.88,40.73,26.49,35.1,Moderate
28.4,78.23,64.66,60.62,16.74,42.1,Moderate
25.8,39.31,29.0,54.76,17.68,27.0,Moderate
30.31,57.0,4.64,38.73,16.73,11.6,Low
34.75,78.54,79.28,63.09,19.63,41.0,Moderate
31.24,50.88,23.41,43.74,21.18,25.3,Moderate
31.43,75.6,52.17,82.31,26.61,42.8,Moderate
31.03,49.14,20.93,46.51,7.88,14.8,Low
21.1,70.25,32.08,50.97,12.4,22.8,Low
23.62,94.15,31.73,11.69,7.33,22.5,Low
26.98,81.62,39.71,64.94,26.61,48.4,Moderate
24.37,42.24,66.48,68.63,19.23,45.9,Moderate
22.68,82.73,35.52,57.08,29.27,36.7,Moderate
18.64,97.33,9.32,48.93,14.64,36.9,Moderate
21.27,100.0,90.54,54.0,19.98,58.6,High
26.72,77.13,69.83,56.64,16.49,37.1,Moderate
27.65,49.53,57.67,83.17,24.33,44.7,Moderate
24.03,76.52,80.18,43.6,24.96,43.9,Moderate
28.39,93.94,60.88,37.75,15.89,48.1,Moderate
25.83,67.19,28.87,24.61,26.54,27.4,Moderate
33.45,85.65,25.09,42.56,45.53,48.6,Moderate
27.19,57.41,15.35,65.84,10.62,12.9,Low
31.48,75.59,24.84,49.41,15.41,26.6,Moderate
29.02,32.66,27.4,62.44,12.42,16.7,Low
20.99,55.74,16.47,12.33,19.19,14.7,Low
27.55,69.91,90.84,55.72,26.91,53.5,High
21.82,64.55,29.37,36.59,10.28,26.4,Moderate
27.46,50.49,27.11,70.06,16.5,25.4,Moderate
24.27,62.51,36.11,51.33,21.19,38.7,Moderate
29.91,74.94,15.97,41.39,18.67,27.6,Moderate
21.29,68.71,51.03,57.34,23.82,39.8,Moderate
28.07,70.91,30.66,43.72,12.48,19.7,Low
30.86,80.98,19.92,73.36,9.02,33.0,Moderate
32.54,64.85,38.97,79.43,25.61,42.7,Moderate
24.18,90.39,5.33,55.23,7.34,23.3,Low
28.09,55.16,56.98,71.61,18.64,28.5,Moderate
28.92,98.92,72.6,54.3,21.6,52.5,High
35.74,86.7,54.26,62.58,28.91,49.3,Moderate
20.59,64.66,23.12,14.6,16.82,19.6,Low
23.44,65.66,37.81,43.34,24.45,39.0,Moderate
42.0,73.1,26.46,22.52,23.23,22.5,Low
26.63,78.98,11.83,48.21,12.69,22.6,Low
18.55,86.42,82.24,63.82,47.99,70.8,High
25.09,49.89,79.26,75.81,18.39,37.7,Moderate
15.0,76.56,61.36,67.86,29.54,48.2,Moderate
29.2,38.25,44.3,68.94,20.26,34.8,Moderate
32.05,67.34,64.7,47.72,20.71,35.2,Moderate
23.44,91.81,10.15,13.16,12.39,16.4,Low
25.65,48.74,33.72,77.5,18.68,35.2,Moderate
32.62,46.01,27.22,37.94,16.03,21.1,Low
19.25,73.31,65.99,58.98,20.7,38.2,Moderate
21.39,90.81,34.22,64.62,12.74,43.7,Moderate
26.86,74.88,17.48,38.3,16.5,23.1,Low
24.24,41.43,26.41,28.66,12.94,21.0,Low
26.53,44.75,74.98,94.56,35.7,63.4,High
21.68,71.47,15.67,33.83,28.15,29.9,Moderate
29.07,52.31,11.39,68.29,22.65,26.4,Moderate
27.25,72.05,5.83,44.18,25.17,31.9,Moderate
30.75,72.94,73.28,77.39,35.55,53.7,High
29.0,62.65,6.1,53.59,14.71,19.5,Low
29.03,97.22,41.99,45.19,19.16,42.4,Moderate
20.77,78.86,52.74,64.15,15.71,33.6,Moderate
30.46,88.17,26.63,75.62,19.42,43.9,Moderate
26.35,83.81,20.35,63.63,33.85,39.8,Moderate
27.17,67.75,14.19,59.03,27.65,33.1,Moderate
33.24,67.08,38.03,60.36,25.57,33.2,Moderate
24.4,65.54,33.99,47.13,19.03,35.1,Moderate
34.76,80.22,44.62,39.53,22.57,28.0,Moderate
35.22,60.24,32.87,72.18,12.8,25.2,Moderate
31.76,95.88,42.09,42.96,39.68,54.6,High
23.1,58.81,24.66,38.08,25.34,24.1,Low
17.07,73.22,49.57,54.39,16.09,34.6,Moderate
33.39,66.56,18.99,21.45,8.78,18.4,Low
28.56,63.24,40.33,45.3,14.09,30.0,Moderate
24.27,100.0,47.89,42.22,20.68,52.9,High
33.87,63.41,54.68,34.37,21.96,27.7,Moderate
23.69,65.43,88.92,49.06,15.93,40.9,Moderate
25.88,60.04,38.77,49.82,10.99,31.2,Moderate
30.62,70.62,12.55,56.4,16.24,23.3,Low
22.43,68.48,10.53,38.96,14.39,24.5,Low
27.45,53.21,49.24,37.45,24.76,33.7,Moderate
33.45,63.63,4.71,28.39,23.71,22.3,Low
29.06,79.15,57.41,61.85,15.73,30.6,Moderate
34.24,85.4,48.06,70.65,21.45,41.0,Moderate
33.67,70.36,26.62,60.33,12.58,31.3,Moderate
28.04,70.88,5.17,42.05,21.83,21.7,Low
16.32,64.59,26.07,68.49,14.32,35.7,Moderate
22.47,62.46,17.44,34.8,14.32,20.1,Low
31.82,56.21,76.11,45.64,16.43,41.9,Moderate
20.25,46.65,58.81,52.93,21.13,36.4,Moderate
26.37,59.46,48.63,72.58,18.99,27.2,Moderate
29.69,83.56,48.82,64.23,39.64,48.9,Moderate
35.35,63.63,78.4,80.44,18.56,41.3,Moderate
25.12,64.81,15.25,40.66,11.51,16.8,Low
24.78,64.52,25.08,47.63,13.95,19.3,Low
27.74,88.67,24.66,42.14,12.48,26.4,Moderate
29.75,56.07,7.62,26.47,8.63,15.9,Low
27.23,74.16,18.39,43.7,14.99,33.8,Moderate
33.25,68.97,29.49,43.73,16.26,27.1,Moderate
24.0,71.02,24.37,38.05,9.46,18.8,Low
28.6,73.67,0.2,45.92,21.1,13.5,Low
30.23,70.86,48.02,55.51,25.82,46.2,Moderate
26.0,81.9,24.67,65.68,29.17,43.1,Moderate
32.2,69.56,48.35,40.71,17.63,29.0,Moderate
28.74,96.17,39.23,44.41,8.71,39.2,Moderate
31.94,70.67,1.18,10.63,17.92,14.0,Low
28.97,44.45,59.47,42.72,22.14,30.7,Moderate
29.88,79.57,39.74,60.12,20.98,33.0,Moderate
24.84,75.88,24.41,57.53,35.15,42.8,Moderate
24.85,70.49,37.82,60.41,22.06,35.9,Moderate
34.12,66.11,29.11,66.44,12.95,26.8,Moderate
31.18,38.28,48.8,62.03,21.22,38.0,Moderate
22.89,40.8,13.27,42.41,15.26,19.5,Low
28.9,94.71,47.96,63.65,46.5,70.1,High
16.13,61.22,57.08,45.46,25.56,33.9,Moderate
25.13,84.48,58.68,32.78,18.36,35.1,Moderate
32.81,45.95,49.7,48.4,37.19,46.8,Moderate
27.37,54.3,8.85,35.89,43.77,39.9,Moderate
28.59,80.18,81.68,67.18,22.52,43.3,Moderate
15.0,68.46,1.64,25.53,4.94,6.7,Low
26.04,78.07,20.12,34.95,11.53,22.3,Low
29.69,69.8,19.37,55.55,10.77,28.4,Moderate
30.33,66.88,63.11,40.76,20.34,39.3,Moderate
32.81,59.8,42.53,50.4,20.19,27.6,Moderate
26.95,52.09,42.45,42.55,13.86,24.1,Low
27.17,91.04,5.89,13.73,19.5,23.7,Low
21.34,93.51,30.3,41.5,31.52,53.1,High
26.98,54.42,14.25,28.55,34.33,30.9,Moderate
21.69,53.44,10.18,34.29,27.44,25.6,Moderate
18.76,64.78,11.76,42.35,19.46,25.1,Moderate
22.57,75.11,24.33,12.92,12.44,20.0,Low
35.54,67.27,5.78,54.53,13.83,19.7,Low
26.65,77.49,26.76,91.49,15.92,34.6,Moderate
29.1,69.26,13.18,27.49,5.56,13.9,Low
25.43,68.28,32.97,39.74,44.2,50.3,High
19.05,100.0,33.36,36.4,34.96,55.0,High
32.68,62.12,35.16,33.1,19.0,28.9,Moderate
17.14,94.6,15.85,72.46,14.94,37.3,Moderate
25.23,91.7,70.96,57.19,17.28,46.0,Moderate
27.73,77.56,9.63,50.82,20.2,27.7,Moderate
29.15,41.11,72.73,80.13,36.01,49.1,Moderate
24.37,70.47,9.01,55.87,25.35,30.8,Moderate
18.81,62.28,29.92,64.32,55.18,52.6,High
23.99,70.3,38.73,30.84,8.62,24.1,Low
24.26,54.06,14.07,55.65,14.24,15.2,Low
24.13,81.34,7.07,33.71,4.11,19.6,Low
32.85,84.77,43.12,76.77,16.53,32.6,Moderate
21.93,87.55,64.34,46.3,26.14,54.5,High
29.5,64.27,34.37,31.13,16.5,25.7,Moderate
28.79,54.11,40.74,50.48,16.79,31.7,Moderate
32.8,75.28,31.21,56.78,37.29,41.9,Moderate
27.33,96.34,26.24,18.49,7.14,30.4,Moderate
31.96,71.04,67.21,53.58,19.04,34.2,Moderate
27.14,76.78,64.98,42.43,21.37,39.9,Moderate
30.17,66.48,45.18,65.8,13.47,33.3,Moderate
20.49,62.45,51.88,45.8,22.56,36.9,Moderate
15.0,79.87,50.17,70.58,17.68,42.5,Moderate
29.89,68.41,39.44,39.18,16.91,22.6,Low
30.16,76.05,72.72,66.13,20.5,42.7,Moderate
30.38,77.61,32.38,26.74,20.3,21.1,Low
25.38,75.21,51.14,52.39,17.3,38.0,Moderate
35.45,78.37,42.24,34.47,9.22,26.6,Moderate
25.7,57.2,34.19,71.01,14.66,29.3,Moderate
30.1,56.29,13.98,57.12,26.15,34.2,Moderate
30.97,69.36,37.48,52.48,15.24,30.9,Moderate
36.59,69.72,54.01,70.38,27.42,37.0,Moderate
26.41,62.17,41.44,43.12,26.22,37.4,Moderate
24.73,73.62,36.9,58.21,44.23,44.4,Moderate
20.51,83.62,29.47,45.24,13.51,29.0,Moderate
35.76,87.81,40.16,57.91,19.05,43.4,Moderate
30.11,91.18,39.98,51.96,14.35,38.8,Moderate
30.27,50.28,3.86,36.63,28.33,26.0,Moderate
42.0,52.56,59.24,29.71,14.71,34.7,Moderate
29.63,65.66,5.28,28.29,38.08,32.6,Moderate
21.49,71.2,19.11,70.03,24.08,32.2,Moderate
27.02,66.42,22.11,42.14,22.4,21.8,Low
23.13,61.71,23.11,33.52,15.03,22.3,Low
26.02,65.43,17.04,42.84,12.15,23.5,Low
25.99,77.25,10.11,16.85,4.11,16.5,Low
25.06,50.06,35.64,41.54,30.38,29.1,Moderate
21.03,100.0,82.74,67.94,21.93,64.5,High
35.96,70.31,32.37,54.91,21.33,34.7,Moderate
29.49,85.76,51.67,59.46,15.83,37.0,Moderate
26.87,61.3,8.97,62.02,13.17,29.2,Moderate
31.79,78.62,54.52,45.17,19.29,31.0,Moderate
30.36,71.5,8.23,16.53,20.19,27.2,Moderate
29.38,82.85,41.64,45.37,20.56,35.3,Moderate
31.42,67.02,51.94,45.88,46.4,53.3,High
28.67,93.27,16.8,44.84,16.84,34.0,Moderate
31.35,47.62,26.52,41.12,18.0,19.3,Low
31.77,84.24,22.97,46.35,18.2,30.1,Moderate
28.81,71.78,44.26,53.19,19.11,35.6,Moderate
26.9,54.73,27.72,59.13,42.15,41.7,Moderate
35.65,99.28,12.9,40.46,5.91,31.3,Moderate
25.61,97.73,1.92,39.89,27.15,42.1,Moderate
29.96,38.89,9.88,66.32,13.9,16.9,Low
30.07,72.65,27.73,21.29,7.54,15.9,Low
24.95,80.58,49.57,56.23,30.76,43.5,Moderate
23.96,76.63,30.35,45.02,17.11,25.4,Moderate
26.23,92.73,39.93,50.82,15.31,45.3,Moderate
25.54,89.61,2.57,45.73,16.16,30.1,Moderate
20.71,73.98,46.04,39.73,17.1,21.5,Low
24.74,100.0,2.77,28.54,17.68,34.1,Moderate
29.33,84.05,25.78,56.16,17.79,29.5,Moderate
34.33,64.73,26.87,43.19,14.73,21.1,Low
30.77,61.71,49.28,38.98,21.06,38.8,Moderate
15.0,88.65,63.39,70.11,17.47,49.0,Moderate
31.21,58.11,45.18,61.42,27.42,37.6,Moderate
25.21,63.85,25.44,47.37,17.31,24.6,Low
30.27,66.41,89.21,73.45,44.9,60.6,High
27.93,75.33,57.71,64.72,28.75,41.5,Moderate
27.04,67.1,10.79,38.44,20.52,21.1,Low
27.49,50.25,7.49,43.28,22.27,26.4,Moderate
27.89,87.43,31.77,29.25,33.24,33.5,Moderate
34.72,63.93,63.58,55.15,23.52,42.0,Moderate
27.9,100.0,15.01,55.72,7.85,31.0,Moderate
33.43,74.56,35.6,81.43,26.69,42.4,Moderate
32.7,89.01,58.89,58.46,23.1,51.7,High
31.34,79.46,60.26,43.53,17.7,30.2,Moderate
19.07,89.73,57.91,50.95,14.79,38.5,Moderate
33.58,78.56,30.9,25.04,9.96,24.0,Low
25.71,73.53,97.76,80.28,31.52,55.6,High
31.58,86.4,46.39,52.93,17.44,34.9,Moderate
23.14,100.0,13.26,26.31,14.98,33.5,Moderate
22.07,65.95,25.28,41.98,10.49,31.1,Moderate
37.88,81.92,25.24,55.42,33.33,37.9,Moderate
23.22,69.92,71.46,61.77,17.6,41.3,Moderate
33.73,77.59,32.81,37.16,21.12,32.0,Moderate
28.59,70.63,21.36,58.82,20.49,35.9,Moderate
25.9,37.63,43.68,56.44,24.15,42.8,Moderate
27.78,67.0,28.01,34.33,7.95,11.7,Low
21.49,84.99,62.82,58.37,36.94,59.3,High
27.93,58.52,75.09,30.57,21.59,37.7,Moderate
22.59,83.81,21.19,47.32,11.5,21.7,Low
26.02,72.75,15.39,83.32,29.09,41.6,Moderate
32.63,67.13,34.55,64.46,22.28,30.8,Moderate
29.27,83.59,17.52,39.56,16.42,31.8,Moderate
20.59,80.22,21.83,47.32,26.03,30.4,Moderate
32.26,76.31,44.61,59.72,11.16,33.7,Moderate
27.96,85.24,30.2,55.65,12.44,33.8,Moderate
25.29,73.05,14.31,39.19,30.17,26.2,Moderate
31.73,45.33,39.76,17.15,10.78,14.4,Low
27.16,64.33,6.07,32.8,17.6,20.7,Low
22.17,42.93,61.95,48.63,26.7,37.7,Moderate
37.24,79.86,16.27,40.1,17.87,26.9,Moderate
27.91,83.44,41.26,39.09,22.95,34.7,Moderate
27.59,84.13,21.23,52.43,13.36,24.5,Low
25.97,77.34,42.91,81.33,22.15,40.7,Moderate
33.9,84.52,44.43,66.07,19.21,31.0,Moderate
25.38,46.35,68.47,58.81,21.11,34.1,Moderate
20.28,68.39,72.56,84.0,20.41,40.6,Moderate
24.61,48.78,2.7,50.97,17.54,12.0,Low
34.63,64.63,15.95,52.39,26.96,32.6,Moderate
32.16,94.24,15.2,32.6,8.83,25.8,Moderate
26.72,86.4,37.61,46.85,21.28,38.5,Moderate
34.87,79.93,34.56,56.73,16.59,33.1,Moderate
31.74,67.28,17.3,74.27,23.95,38.3,Moderate
26.67,55.1,32.82,68.91,13.85,32.2,Moderate
27.17,72.81,59.28,65.49,13.51,28.4,Moderate
29.65,86.66,34.49,50.35,22.86,35.0,Moderate
23.84,76.15,30.16,57.86,15.43,21.6,Low
28.02,46.21,28.42,53.83,11.09,19.9,Low
29.54,71.57,35.09,71.13,13.22,36.0,Moderate
19.57,41.3,30.96,30.29,16.96,25.0,Moderate
27.05,82.06,48.74,53.44,19.29,40.1,Moderate
26.48,59.6,39.49,61.08,14.22,24.3,Low
33.14,51.65,16.19,62.92,15.22,24.3,Low
18.78,82.27,32.15,76.42,26.91,43.5,Moderate
26.09,78.39,11.48,18.04,17.87,15.6,Low
25.59,73.49,19.66,32.01,6.75,15.7,Low
32.8,100.0,41.95,49.55,24.24,56.0,High
27.78,79.52,24.99,26.06,8.32,22.0,Low
36.98,60.33,17.01,66.86,32.31,39.0,Moderate
31.31,77.79,12.87,42.28,15.8,22.3,Low
25.95,65.71,86.26,83.72,23.16,49.8,Moderate
29.2,89.0,46.7,49.61,32.73,44.8,Moderate
26.23,74.21,74.7,68.2,39.71,62.5,High
32.3,75.7,72.24,40.75,30.31,39.1,Moderate
21.34,48.36,13.63,24.81,9.88,20.2,Low
23.88,70.92,7.92,23.1,7.55,5.3,Low
30.28,69.16,53.61,29.0,51.04,49.8,Moderate
34.13,54.64,29.76,61.74,20.92,33.1,Moderate
16.99,66.68,23.51,43.93,11.09,18.8,Low
34.87,76.54,16.67,57.62,15.85,19.8,Low
27.3,69.93,44.54,49.77,17.35,28.0,Moderate
18.58,48.82,7.44,55.42,13.97,20.1,Low
15.0,65.9,42.56,65.12,12.2,30.6,Moderate
20.35,62.98,22.74,42.05,12.16,21.3,Low
27.9,72.9,49.76,56.31,24.31,38.4,Moderate
27.67,71.28,50.39,58.84,13.28,32.9,Moderate
31.17,63.83,22.88,60.66,14.63,29.0,Moderate
25.25,63.24,47.37,52.01,36.86,42.3,Moderate
22.46,71.01,40.74,55.53,22.68,36.1,Moderate
25.93,84.44,44.39,29.31,17.11,27.3,Moderate
28.17,74.18,66.36,45.92,16.99,29.0,Moderate
29.15,91.35,43.18,40.01,15.37,36.3,Moderate
24.05,87.0,24.44,52.21,20.18,47.7,Moderate
32.51,92.45,73.65,51.12,16.62,48.3,Moderate
24.89,90.53,49.79,55.04,34.88,56.8,High
23.65,93.44,35.94,46.02,24.98,50.0,High
25.29,52.7,40.01,49.95,19.3,29.6,Moderate
33.37,79.71,53.1,67.5,30.11,50.3,High
27.34,88.27,43.29,53.51,42.6,56.6,High
24.53,90.99,43.96,47.53,10.93,40.8,Moderate
32.63,58.44,26.02,51.05,14.05,25.7,Moderate
38.71,79.86,71.4,85.11,20.63,46.3,Moderate
29.05,71.13,35.87,49.23,10.66,30.9,Moderate
34.17,97.71,30.23,27.23,8.28,32.3,Moderate
33.18,49.19,47.26,31.81,25.38,34.5,Moderate
24.97,58.46,24.29,39.3,17.06,24.9,Low
28.13,42.84,12.7,22.34,34.84,30.2,Moderate
21.59,72.17,67.7,22.81,21.71,37.7,Moderate
26.98,100.0,30.01,41.11,22.14,48.3,Moderate
24.87,69.33,26.67,50.04,45.0,44.3,Moderate
25.99,71.52,57.2,75.78,32.67,54.6,High
24.25,78.25,52.48,53.1,14.51,33.8,Moderate
26.56,68.26,79.26,67.39,28.03,45.8,Moderate
30.66,75.49,22.67,50.67,20.34,28.8,Moderate
27.4,75.88,22.25,44.03,17.57,26.0,Moderate
18.68,57.32,70.79,49.76,19.74,35.9,Moderate
24.27,68.59,32.61,78.98,47.97,50.6,High
20.4,81.13,60.13,41.22,16.27,33.7,Moderate
29.22,83.93,18.11,47.58,10.99,27.0,Moderate
30.52,89.48,62.93,45.33,15.37,37.3,Moderate
29.28,75.03,11.94,40.87,25.02,30.0,Moderate
24.06,75.34,41.35,55.62,27.22,37.1,Moderate
29.23,81.25,17.27,38.01,13.29,18.1,Low
25.65,61.08,24.17,25.26,13.79,22.5,Low
22.31,60.46,25.51,38.72,23.76,30.3,Moderate
31.71,68.13,72.38,77.2,14.97,42.6,Moderate
32.09,50.87,33.6,24.23,8.73,23.2,Low
32.74,76.1,29.74,69.87,21.41,41.4,Moderate
24.96,85.74,12.24,40.71,20.61,30.4,Moderate
33.9,59.35,18.26,52.11,21.51,27.0,Moderate
25.53,76.53,27.72,28.89,28.22,30.9,Moderate
31.27,60.56,18.62,39.28,35.49,33.5,Moderate
25.45,54.75,20.25,32.1,16.24,19.7,Low
26.88,100.0,9.1,42.61,36.98,51.9,High
15.89,54.97,12.68,23.06,31.6,22.2,Low
26.49,50.81,27.78,35.41,11.11,24.1,Low
28.46,73.22,13.21,70.63,12.44,26.4,Moderate
25.95,74.03,50.31,62.31,19.77,42.4,Moderate
36.78,80.01,63.96,63.08,13.92,32.6,Moderate
22.19,100.0,51.58,58.51,19.16,58.4,High
25.18,58.34,30.39,67.52,13.71,32.2,Moderate
23.48,61.32,36.08,45.73,16.07,24.0,Low
25.18,94.13,59.07,69.72,55.45,69.3,High
33.16,84.09,39.28,13.35,11.71,26.1,Moderate
35.39,82.0,28.51,43.18,12.62,28.3,Moderate
24.5,61.15,20.41,37.51,10.96,23.0,Low
24.38,86.89,44.08,42.56,28.31,40.6,Moderate
22.21,82.05,34.81,58.27,11.04,38.4,Moderate
34.53,72.84,17.84,39.23,15.19,18.1,Low
33.61,61.23,26.12,41.73,23.63,34.3,Moderate
27.47,71.6,81.8,51.87,31.61,41.9,Moderate
21.02,94.73,35.07,41.37,16.01,36.8,Moderate
21.47,53.59,46.0,21.0,8.42,24.5,Low
28.85,58.0,13.35,34.94,17.9,29.0,Moderate
30.75,60.58,15.65,19.25,7.27,18.0,Low
17.67,63.84,45.18,73.98,28.34,41.3,Moderate
26.39,69.76,21.01,53.36,16.74,21.8,Low
36.09,84.38,30.44,59.35,21.15,41.4,Moderate
26.91,76.92,19.51,22.02,27.99,27.6,Moderate
35.45,70.91,42.6,62.48,18.22,39.4,Moderate
31.25,74.15,10.77,28.76,35.95,36.9,Moderate
22.58,79.36,39.98,53.14,18.75,34.3,Moderate
26.54,44.77,58.35,52.62,15.37,29.4,Moderate
27.36,86.07,66.69,37.66,18.51,37.6,Moderate
23.24,57.6,68.67,43.47,14.18,35.7,Moderate
23.15,63.35,27.58,54.54,12.76,26.0,Moderate
35.53,75.11,41.72,59.01,21.06,42.4,Moderate
23.11,68.87,51.85,32.56,20.07,34.4,Moderate
33.39,77.3,22.2,59.82,13.94,28.5,Moderate
25.82,72.13,22.23,37.06,21.79,33.6,Moderate
27.87,65.66,32.44,27.12,35.92,34.0,Moderate
30.81,92.93,51.82,44.9,12.52,42.7,Moderate
25.01,80.62,36.11,27.31,28.57,30.5,Moderate
30.84,74.53,57.14,44.12,12.62,34.2,Moderate
17.77,80.39,34.57,39.92,19.16,35.9,Moderate
30.2,59.42,2.29,43.54,7.71,15.6,Low
15.66,100.0,40.44,61.34,28.46,49.8,Moderate
26.87,53.69,63.6,73.21,29.03,50.1,High
32.27,71.7,1.41,47.28,17.15,27.6,Moderate
31.11,65.7,20.18,13.51,19.55,18.6,Low
21.51,65.13,85.87,43.38,14.68,35.1,Moderate
22.15,63.19,26.01,60.57,12.39,29.8,Moderate
24.56,58.42,47.99,44.8,13.0,24.7,Low
28.93,87.83,26.93,42.35,29.7,36.7,Moderate
17.84,51.93,22.31,52.3,12.97,20.0,Low
27.93,84.75,45.42,70.25,29.17,44.9,Moderate
29.56,79.73,66.61,65.36,30.84,50.6,High
26.58,64.29,29.76,32.52,16.85,25.6,Moderate
30.63,77.99,45.75,32.71,8.81,27.9,Moderate
29.12,67.63,20.29,26.04,7.07,18.2,Low
25.29,53.48,43.21,68.49,17.51,39.1,Moderate
18.32,53.64,22.85,55.9,13.29,28.8,Moderate
28.67,79.83,34.18,47.65,24.74,29.5,Moderate
23.23,79.05,60.7,34.87,19.78,33.2,Moderate
25.11,73.63,18.0,54.68,14.98,30.3,Moderate
30.4,64.13,24.75,46.5,16.2,27.4,Moderate
35.09,67.14,65.89,46.56,26.26,39.0,Moderate
27.81,65.12,22.97,42.23,13.95,21.8,Low
30.77,43.8,20.95,49.94,28.07,35.5,Moderate
20.78,70.92,18.55,34.81,12.33,18.9,Low
29.23,77.84,71.54,44.5,49.59,61.5,High
27.7,71.01,43.77,53.15,16.25,30.4,Moderate
34.15,96.54,24.32,47.29,14.21,45.0,Moderate
25.3,54.93,7.09,9.08,5.47,13.5,Low
26.79,60.08,31.14,44.82,17.82,25.4,Moderate
33.29,72.0,62.0,44.06,19.0,38.6,Moderate
27.54,73.66,11.72,46.25,10.74,14.2,Low
22.46,41.48,55.63,28.92,12.97,26.9,Moderate
40.76,79.04,50.08,33.42,9.98,25.8,Moderate
22.61,73.72,5.64,5.0,20.8,11.2,Low
27.68,38.21,17.86,47.47,11.21,13.0,Low
29.73,68.25,64.24,35.0,18.04,38.5,Moderate
29.34,57.87,28.98,25.25,15.54,22.3,Low
27.05,63.2,8.45,36.59,6.24,14.8,Low
27.08,49.93,10.11,36.15,24.76,24.2,Low
26.83,76.24,64.27,67.05,14.0,41.7,Moderate
22.42,96.43,69.18,70.28,40.43,62.5,High
38.75,73.98,31.69,63.05,29.22,41.5,Moderate
26.9,37.61,47.72,75.92,28.73,49.9,Moderate
30.98,74.28,53.23,69.27,30.47,41.5,Moderate
26.33,67.08,43.65,55.27,18.63,28.8,Moderate
26.23,53.48,21.79,45.89,34.65,37.3,Moderate
25.72,75.3,65.09,67.03,37.35,53.8,High
20.25,83.2,61.88,26.35,26.23,34.9,Moderate
27.2,59.97,49.23,49.91,10.34,26.2,Moderate
25.96,45.34,48.92,24.71,19.15,34.5,Moderate
33.86,39.82,35.15,36.28,27.01,39.5,Moderate
22.02,60.01,28.13,22.71,15.68,21.3,Low
25.11,67.67,39.5,54.66,23.02,34.9,Moderate
23.51,62.26,48.45,60.97,27.75,41.4,Moderate
35.21,59.75,47.07,69.72,13.93,21.4,Low
23.65,78.52,67.89,44.25,34.88,43.8,Moderate
30.81,76.94,22.23,32.91,34.07,34.2,Moderate
32.85,72.99,7.26,53.78,26.09,38.7,Moderate
27.27,82.25,77.42,54.42,32.66,52.8,High
21.12,60.16,30.61,34.94,18.92,32.3,Moderate
21.18,53.58,10.77,49.46,15.45,21.3,Low
32.3,62.16,51.69,60.87,15.51,35.0,Moderate
21.7,61.13,53.65,68.13,70.57,65.1,High
29.96,39.23,15.53,47.67,19.98,19.1,Low
28.57,61.82,25.42,37.99,11.89,17.0,Low
29.89,86.57,2.63,56.54,15.11,25.9,Moderate
30.36,82.01,32.75,59.71,27.42,38.2,Moderate
23.33,77.88,22.92,42.76,14.38,21.3,Low
23.12,71.97,26.36,57.52,22.43,22.3,Low
31.57,91.73,18.77,41.37,13.37,34.7,Moderate
24.85,54.1,49.42,38.39,27.7,32.7,Moderate
15.0,55.53,35.47,49.07,20.32,30.3,Moderate
31.24,86.86,41.95,78.58,29.56,45.8,Moderate
22.82,70.41,23.23,58.75,12.97,29.0,Moderate
30.34,59.93,74.43,67.29,42.7,48.6,Moderate
34.96,78.28,18.99,28.2,11.12,21.9,Low
28.08,63.42,18.03,23.57,17.89,19.1,Low
32.98,57.44,50.15,48.89,12.97,27.4,Moderate
28.77,57.02,73.22,51.51,17.55,37.2,Moderate
35.94,74.82,1.0,35.61,8.06,13.1,Low
22.69,73.09,22.53,45.15,20.56,32.9,Moderate
27.96,92.75,20.08,20.69,13.99,32.4,Moderate
31.37,65.65,34.82,34.62,14.26,29.5,Moderate
27.05,65.39,27.92,39.45,12.46,24.3,Low
33.76,91.59,4.91,43.26,33.23,40.5,Moderate
25.84,84.78,55.6,61.57,20.17,40.8,Moderate
38.35,72.17,35.46,31.91,18.08,20.1,Low
38.61,46.58,90.64,48.35,18.39,48.0,Moderate
29.41,57.82,60.15,41.85,25.22,36.8,Moderate
30.76,54.19,62.91,68.97,35.33,41.3,Moderate
33.96,70.55,36.64,40.72,26.58,29.2,Moderate
22.06,62.37,44.46,52.16,11.36,20.8,Low
21.44,94.04,45.58,57.21,17.94,41.8,Moderate
34.28,46.43,34.19,65.38,25.15,37.1,Moderate
29.37,52.58,98.46,51.15,31.38,42.6,Moderate
26.87,73.67,13.83,58.03,7.61,24.7,Low
28.06,77.82,34.46,55.73,11.84,23.9,Low
16.07,31.19,25.33,68.88,13.9,25.0,Moderate
27.05,43.97,36.43,68.83,27.18,36.8,Moderate
24.23,66.05,26.54,45.93,16.03,20.8,Low
32.59,90.34,47.93,40.55,14.2,40.0,Moderate
32.98,98.32,12.49,49.29,24.62,38.3,Moderate
30.88,63.78,47.86,34.96,24.31,39.3,Moderate
29.98,67.44,23.44,46.45,22.87,24.7,Low
20.51,57.45,69.81,48.27,19.13,36.5,Moderate
30.95,79.5,13.82,36.22,5.29,12.0,Low
31.15,92.93,23.85,10.62,14.22,33.6,Moderate
34.23,88.84,33.18,45.35,12.2,27.6,Moderate
38.59,69.56,83.08,65.88,40.05,61.5,High
19.54,57.42,41.75,41.62,21.99,39.8,Moderate
26.06,70.12,79.54,61.58,17.86,35.1,Moderate
24.29,90.71,54.36,37.77,13.19,30.2,Moderate
28.86,63.99,39.95,60.67,15.48,29.0,Moderate
28.07,42.77,20.95,42.71,44.23,40.6,Moderate
26.83,64.6,28.73,78.63,27.56,37.1,Moderate
33.14,65.81,43.45,54.59,38.13,42.9,Moderate
22.49,42.68,35.75,53.25,10.02,26.5,Moderate
22.79,73.48,33.9,39.82,13.51,26.0,Moderate
22.88,77.59,57.57,73.03,40.49,45.6,Moderate
26.2,97.9,36.62,41.39,42.27,55.7,High
21.86,50.01,15.26,66.27,26.64,37.3,Moderate
27.76,80.96,21.35,67.97,33.01,40.2,Moderate
27.17,84.5,41.86,41.97,18.1,33.5,Moderate
24.07,77.79,5.24,32.68,8.16,9.0,Low
32.37,54.9,57.22,44.14,34.23,45.6,Moderate
27.7,54.03,4.85,16.64,14.15,14.2,Low
33.31,71.46,53.11,57.99,58.12,59.4,High
27.02,71.35,13.18,39.68,6.65,19.7,Low
27.88,61.61,69.17,69.13,24.57,39.3,Moderate
25.19,89.37,54.51,53.33,20.97,48.9,Moderate
27.96,63.99,16.79,53.96,38.76,39.7,Moderate
31.56,41.59,66.51,57.56,18.74,41.3,Moderate
25.94,66.64,64.39,54.61,22.1,37.7,Moderate
30.59,77.2,89.91,67.78,36.88,61.3,High
23.94,75.13,21.69,53.99,27.11,21.5,Low
31.8,75.01,32.65,40.88,8.3,15.9,Low
25.1,92.41,45.06,64.4,21.53,43.1,Moderate
32.26,53.28,27.53,33.58,12.54,17.9,Low
28.3,63.64,31.99,41.48,15.49,29.8,Moderate
35.6,93.18,22.78,14.99,24.95,28.9,Moderate
22.23,40.49,23.63,38.15,22.02,29.7,Moderate
20.62,69.19,53.23,36.8,21.73,33.3,Moderate
24.92,88.43,30.82,54.1,18.32,32.1,Moderate
21.08,88.21,83.59,71.89,20.18,59.1,High
21.09,79.9,22.21,61.02,30.37,30.8,Moderate
31.11,80.28,79.44,87.73,22.76,52.2,High
27.98,54.38,12.15,36.81,15.04,24.9,Low
25.6,90.6,37.3,36.99,14.78,27.5,Moderate
26.07,52.0,40.15,56.09,13.65,23.8,Low
25.01,52.89,47.09,45.66,12.13,32.3,Moderate
36.25,75.82,24.73,34.58,40.01,39.1,Moderate
24.32,62.6,62.24,56.53,17.57,38.4,Moderate
21.39,73.1,17.48,32.29,5.4,15.2,Low
31.98,76.46,30.03,76.4,25.28,40.3,Moderate
26.92,96.67,48.84,48.14,43.79,57.6,High
38.19,76.51,15.82,40.08,40.34,40.5,Moderate
25.37,60.72,31.2,58.06,17.24,28.2,Moderate
32.23,80.15,1.7,68.44,23.72,28.1,Moderate
33.41,57.52,9.74,35.03,10.21,10.6,Low
25.39,83.7,23.67,15.2,54.49,41.1,Moderate
24.29,70.97,44.78,49.53,16.04,29.6,Moderate
31.71,76.01,23.74,17.72,8.64,21.0,Low
30.87,43.29,52.26,45.55,31.39,40.4,Moderate
20.95,36.24,19.33,64.23,31.5,31.2,Moderate
22.36,47.48,58.08,43.31,19.32,32.5,Moderate
15.32,96.19,88.8,50.39,32.88,63.3,High
30.98,52.78,47.97,64.66,21.16,32.5,Moderate
26.69,80.98,26.58,41.03,6.84,22.0,Low
27.19,60.37,23.13,61.25,13.32,21.3,Low
19.54,66.4,72.91,56.33,15.56,34.2,Moderate
22.51,69.33,12.68,49.12,17.16,19.3,Low
25.61,94.66,22.54,19.75,17.99,31.4,Moderate
24.64,78.77,66.8,44.36,21.19,43.9,Moderate
28.59,75.78,46.79,48.6,10.29,24.3,Low
30.92,89.45,68.3,52.85,20.67,45.2,Moderate
39.35,60.5,37.33,85.54,29.85,45.7,Moderate
27.9,86.03,69.86,74.69,43.55,66.4,High
33.58,83.52,27.69,59.53,18.96,31.2,Moderate
23.85,83.35,38.1,45.77,9.5,32.3,Moderate
19.63,67.67,43.01,29.16,14.48,21.5,Low
26.24,63.44,35.42,72.5,25.71,40.2,Moderate
20.01,56.95,52.47,29.05,13.36,26.1,Moderate
28.07,57.89,57.33,46.81,41.43,49.5,Moderate
24.1,56.24,25.7,52.6,16.66,28.7,Moderate
18.23,75.5,84.44,100.0,46.32,65.7,High
36.68,66.57,61.22,82.53,19.92,43.4,Moderate
25.31,76.47,36.69,57.19,12.52,30.8,Moderate
19.81,77.32,76.88,94.14,23.24,42.7,Moderate
32.49,54.1,17.63,33.76,22.39,21.5,Low
24.36,53.65,29.16,51.97,22.09,33.9,Moderate
33.45,66.57,41.53,71.42,32.12,35.1,Moderate
24.33,58.37,69.08,38.14,34.85,40.4,Moderate
25.3,56.79,26.79,50.02,15.6,31.7,Moderate
29.72,95.44,24.76,50.3,32.61,48.1,Moderate
30.97,47.0,31.62,52.23,9.87,23.8,Low
31.84,100.0,36.63,32.17,33.49,55.3,High
27.55,74.33,39.46,55.35,22.27,35.8,Moderate
30.64,84.79,6.04,41.53,36.65,35.6,Moderate
31.73,83.02,71.64,51.83,23.16,42.5,Moderate
29.0,79.25,70.37,71.33,28.51,56.1,High
27.29,94.93,11.27,59.2,25.12,37.7,Moderate
20.77,53.76,15.29,29.8,16.14,17.2,Low
31.0,67.65,36.06,55.05,15.1,23.9,Low
28.21,57.21,7.26,58.25,32.14,32.1,Moderate
25.93,44.56,60.28,77.09,22.38,37.3,Moderate
34.39,60.08,19.06,39.35,22.53,31.6,Moderate
20.86,98.09,22.84,59.08,11.51,46.1,Moderate
36.22,67.4,13.65,36.14,15.71,20.8,Low
27.89,99.75,49.99,64.76,35.33,58.7,High
29.59,100.0,22.95,31.95,23.72,51.9,High
26.02,100.0,2.06,12.9,14.77,28.3,Moderate
19.66,98.58,2.46,43.85,6.07,30.7,Moderate
27.3,100.0,75.28,74.54,30.13,68.3,High
29.67,74.88,36.21,58.27,14.31,24.9,Low
31.38,73.42,18.32,29.15,16.5,19.9,Low
27.01,74.42,33.38,9.59,26.09,35.1,Moderate
17.04,70.0,53.87,66.96,13.97,34.8,Moderate
20.29,72.24,26.86,66.28,24.2,36.1,Moderate
38.26,81.28,58.89,27.19,26.41,40.9,Moderate
22.54,63.01,52.62,48.84,14.51,32.3,Moderate
35.14,49.34,46.34,37.17,20.18,34.4,Moderate
23.33,75.45,31.45,49.7,17.76,30.8,Moderate
27.09,59.61,20.75,62.31,10.38,22.5,Low
31.13,61.16,24.56,40.1,12.74,34.5,Moderate
23.9,67.86,45.77,43.43,16.67,27.4,Moderate
35.96,64.42,86.53,71.15,38.41,55.0,High
28.38,86.65,53.3,21.8,25.6,45.1,Moderate
30.3,67.5,36.35,60.29,25.93,39.3,Moderate
26.66,87.41,57.56,71.01,29.02,49.5,Moderate
31.29,73.09,48.26,51.96,31.59,39.2,Moderate
35.89,68.67,12.52,32.79,7.87,15.4,Low
27.34,72.37,18.72,37.33,10.91,20.8,Low
36.65,50.63,2.83,31.83,25.43,23.3,Low
24.94,75.07,60.8,55.42,21.62,36.4,Moderate
31.82,82.74,24.84,20.29,15.88,26.6,Moderate
30.45,84.86,33.4,52.9,11.86,30.5,Moderate
22.66,49.72,23.25,37.63,9.94,22.6,Low
29.07,47.22,30.58,46.01,31.76,36.1,Moderate
28.04,61.95,39.19,40.05,36.35,33.8,Moderate
23.73,90.77,41.15,55.12,18.4,43.3,Moderate
29.79,73.31,30.47,65.6,71.6,68.3,High
28.73,58.38,39.56,51.98,18.72,32.4,Moderate
27.64,48.21,16.4,16.19,28.83,19.5,Low
27.66,59.74,4.16,36.52,16.83,20.6,Low
27.55,58.73,36.65,50.98,16.72,26.9,Moderate
26.16,84.03,25.05,42.95,23.01,33.4,Moderate
28.7,85.19,18.04,29.82,8.02,23.1,Low
24.78,54.25,22.71,42.26,34.48,34.2,Moderate
41.28,81.3,15.69,53.12,13.47,27.0,Moderate
20.95,79.76,39.22,44.29,19.19,32.6,Moderate
25.08,52.3,51.4,73.69,18.37,37.9,Moderate
25.47,68.74,62.63,47.17,23.89,37.4,Moderate
38.2,75.11,55.39,38.92,17.61,36.2,Moderate
21.4,72.45,29.13,41.72,16.14,31.8,Moderate
30.13,44.34,26.49,13.78,11.91,17.1,Low
29.24,71.97,13.97,39.76,6.16,14.1,Low
29.67,79.54,31.78,41.14,20.98,28.1,Moderate
34.18,93.69,40.58,59.51,15.69,46.0,Moderate
34.08,59.97,54.99,28.61,28.75,37.3,Moderate
25.75,61.82,27.25,56.02,13.37,24.7,Low
28.97,66.87,62.61,59.23,20.61,35.7,Moderate
18.68,74.37,14.2,63.75,22.41,31.7,Moderate
28.5,71.46,53.83,51.29,25.66,41.3,Moderate
24.03,79.06,27.85,49.86,12.12,24.5,Low
27.07,53.12,47.12,61.01,19.67,35.5,Moderate
19.57,75.95,9.57,7.84,3.2,10.4,Low
30.02,58.87,64.75,74.33,16.06,42.1,Moderate
19.52,67.85,76.28,59.76,29.1,43.6,Moderate
28.74,95.62,54.14,34.88,22.19,44.7,Moderate
21.87,49.03,51.4,51.86,37.03,42.9,Moderate
23.75,65.81,8.46,55.53,25.34,29.2,Moderate
33.77,50.88,63.86,52.21,16.83,33.0,Moderate
30.94,72.3,8.49,39.53,28.9,27.9,Moderate
33.75,85.72,17.78,11.2,23.25,31.0,Moderate
35.8,72.54,42.39,37.0,16.17,22.4,Low
24.14,68.25,48.91,62.73,21.06,33.4,Moderate
35.49,89.93,68.07,74.7,26.34,52.0,High
20.67,74.96,24.53,46.75,16.75,31.2,Moderate
31.73,82.29,9.95,47.24,19.02,26.9,Moderate
25.53,80.73,25.9,38.06,7.76,21.3,Low
23.35,26.86,38.08,48.63,14.68,23.0,Low
31.07,68.85,12.11,23.33,5.89,10.8,Low
32.72,53.83,58.25,48.02,16.22,22.4,Low
32.58,57.56,17.39,40.66,18.86,24.5,Low
29.07,92.12,53.88,30.41,22.01,41.0,Moderate
28.66,64.38,90.33,100.0,31.86,51.7,High
30.63,98.39,49.03,41.59,36.38,59.8,High
29.52,48.88,56.47,57.92,23.31,34.3,Moderate
30.71,53.74,16.91,22.16,12.65,17.6,Low
29.02,81.44,35.32,5.0,14.89,23.3,Low
32.21,64.88,31.7,71.78,10.29,38.5,Moderate
19.86,74.61,83.89,65.21,29.55,48.5,Moderate
27.34,68.32,46.93,18.81,12.46,24.5,Low
21.08,67.86,26.03,28.72,27.41,29.8,Moderate
29.38,65.44,7.57,68.68,9.02,17.7,Low
36.21,72.69,62.58,64.14,27.85,44.9,Moderate
25.63,79.62,27.79,6.02,20.3,25.8,Moderate
28.64,94.22,45.29,43.17,43.02,60.8,High
31.78,66.96,75.81,58.79,26.67,48.0,Moderate
17.66,64.1,29.89,53.34,32.49,34.6,Moderate
25.39,62.16,47.05,51.33,14.51,30.3,Moderate
29.82,92.05,53.35,27.65,23.46,37.6,Moderate
15.0,80.35,7.3,28.05,18.01,13.8,Low
23.12,41.51,7.84,24.13,41.84,39.9,Moderate
33.5,40.85,15.61,51.69,25.22,29.3,Moderate
33.01,57.55,38.53,40.34,34.93,41.3,Moderate
29.87,73.45,25.2,35.5,12.82,24.6,Low
32.41,69.5,6.03,33.2,15.18,18.6,Low
29.08,77.72,48.4,39.01,18.18,36.5,Moderate
30.78,67.37,39.23,71.36,44.87,49.9,Moderate
26.42,90.96,53.59,70.59,14.49,35.8,Moderate
28.58,81.58,34.02,64.45,26.6,39.4,Moderate
24.84,71.16,75.74,43.01,17.76,41.1,Moderate
34.32,87.18,26.1,49.42,32.85,37.5,Moderate
35.61,45.27,47.56,63.47,22.89,35.4,Moderate
34.9,68.72,36.97,32.55,14.86,29.7,Moderate
25.96,72.06,50.41,35.04,21.17,36.2,Moderate
23.23,79.03,58.6,40.63,12.05,29.4,Moderate
34.38,44.27,22.17,20.83,27.17,23.7,Low
30.72,66.09,30.4,61.35,33.54,39.8,Moderate
29.64,76.01,41.31,63.77,28.67,41.0,Moderate
24.83,77.16,48.42,47.09,27.72,41.3,Moderate
30.13,87.79,71.46,59.06,21.06,47.3,Moderate
22.57,81.42,29.73,35.19,9.53,28.6,Moderate
31.17,69.09,32.04,80.93,24.59,38.8,Moderate
34.89,80.12,18.24,34.85,9.05,17.0,Low
36.16,66.98,40.82,41.35,11.25,22.9,Low
31.54,72.2,57.22,53.11,24.27,35.5,Moderate
21.09,81.92,53.59,34.03,25.8,42.0,Moderate
28.99,69.32,14.13,43.96,17.42,22.8,Low
38.7,75.43,4.75,58.05,33.38,22.5,Low
23.66,84.42,15.5,37.81,23.91,29.5,Moderate
27.7,80.68,47.37,63.6,11.83,36.5,Moderate
35.07,88.5,31.61,16.66,8.88,23.5,Low
31.09,100.0,45.34,36.58,39.64,54.9,High
40.4,80.54,66.29,59.65,26.41,42.2,Moderate
24.34,63.08,34.13,19.22,18.55,26.9,Moderate
23.05,77.68,58.41,60.37,13.43,32.9,Moderate
34.12,77.03,5.15,32.18,19.56,17.6,Low
22.02,79.2,75.08,65.72,21.73,45.9,Moderate
27.02,92.43,38.14,44.86,14.02,42.4,Moderate
27.67,44.74,35.81,45.07,12.61,30.4,Moderate
33.18,92.71,43.59,11.18,11.79,33.3,Moderate
31.07,97.76,30.15,29.18,16.26,38.7,Moderate
30.29,78.52,34.05,54.53,13.35,29.2,Moderate
25.99,78.88,48.79,30.83,21.78,37.2,Moderate
34.08,66.38,44.3,35.79,12.7,30.0,Moderate
42.0,70.09,90.56,60.14,36.84,54.8,High
31.46,80.47,30.86,40.63,34.19,34.2,Moderate
28.5,79.5,48.7,62.79,19.92,37.2,Moderate
21.51,80.81,62.87,60.45,28.09,44.6,Moderate
24.81,79.4,70.32,49.69,13.09,36.4,Moderate
26.93,83.48,52.84,27.78,12.19,25.3,Moderate
25.33,81.8,40.61,95.07,15.91,36.0,Moderate
27.92,54.63,50.41,53.21,13.92,33.8,Moderate
36.89,82.48,43.19,63.82,13.53,34.0,Moderate
34.24,97.88,10.17,5.0,18.63,28.0,Moderate
27.21,69.6,31.24,40.36,7.97,26.2,Moderate
21.96,92.49,70.31,53.47,59.26,73.2,High
34.69,56.24,63.95,50.42,25.46,41.6,Moderate
27.75,69.55,50.6,64.38,29.55,40.5,Moderate
19.37,60.38,66.02,54.14,16.24,36.7,Moderate
31.56,90.69,33.5,40.28,15.44,40.7,Moderate
33.13,94.61,19.65,41.68,24.86,47.0,Moderate
15.87,68.51,51.79,53.51,32.16,48.7,Moderate
23.88,87.57,26.86,26.24,18.7,29.3,Moderate
27.45,94.76,51.39,67.84,17.7,51.2,High
31.67,69.51,31.96,37.51,30.18,27.8,Moderate
25.42,71.95,88.49,64.42,20.67,46.7,Moderate
23.84,81.0,76.03,84.06,22.12,55.2,High
31.64,57.36,61.78,100.0,18.51,38.4,Moderate
25.66,71.65,14.98,47.26,20.9,23.3,Low
30.71,100.0,70.15,33.43,18.19,51.4,High
22.44,62.5,62.15,52.45,22.64,37.5,Moderate
21.24,82.81,20.88,68.04,12.91,32.3,Moderate
31.78,77.86,10.07,35.07,15.32,23.4,Low
29.26,67.54,60.8,68.77,33.54,39.7,Moderate
32.61,73.32,55.8,66.81,18.52,33.1,Moderate
25.34,96.29,36.32,37.15,21.09,43.2,Moderate
24.02,78.3,28.0,73.19,19.73,30.9,Moderate
34.8,80.65,4.57,43.03,19.91,25.4,Moderate
20.39,94.01,41.58,49.16,26.01,49.7,Moderate
34.26,65.66,21.01,39.9,8.35,9.8,Low
34.6,54.3,40.05,31.44,27.04,31.5,Moderate
32.3,96.53,13.42,27.85,14.19,29.8,Moderate
24.56,72.05,40.68,33.89,25.33,33.4,Moderate
23.92,83.4,54.81,88.29,14.2,43.7,Moderate
26.95,58.57,73.92,76.43,30.78,49.1,Moderate
21.52,75.83,31.19,30.77,11.78,17.0,Low
23.19,53.55,19.33,69.42,20.37,35.4,Moderate
31.22,70.96,15.66,60.96,21.46,26.2,Moderate
31.25,60.28,23.37,33.54,42.91,37.4,Moderate
22.75,56.84,16.04,48.58,17.56,16.8,Low
31.38,65.45,45.51,40.7,19.61,33.4,Moderate
30.27,35.6,58.5,70.85,16.42,35.9,Moderate
35.55,52.6,24.7,51.03,16.4,27.8,Moderate
30.85,81.74,10.09,32.18,8.01,13.8,Low
33.29,75.21,30.86,27.24,23.1,31.1,Moderate
30.39,53.89,37.39,47.12,23.55,38.2,Moderate
32.9,78.22,27.39,51.96,26.62,24.8,Low
21.56,56.83,67.23,78.03,22.08,45.0,Moderate
27.39,80.83,9.36,47.71,7.35,12.3,Low
27.81,68.27,19.38,55.68,14.76,26.9,Moderate
26.78,65.12,39.12,37.42,19.25,33.4,Moderate
30.22,68.63,22.42,13.18,35.68,27.8,Moderate
31.17,100.0,30.26,20.21,38.84,50.7,High
29.96,58.62,54.54,49.71,15.94,32.7,Moderate
27.12,73.4,32.42,34.75,16.75,26.0,Moderate
24.32,81.72,0.62,33.37,5.54,8.1,Low
33.49,55.56,64.89,68.72,15.21,34.7,Moderate
29.75,46.09,7.75,47.13,26.0,24.1,Low
22.91,60.98,41.64,14.4,8.06,18.0,Low
27.03,81.39,16.39,79.43,29.07,45.7,Moderate
19.28,64.87,35.86,53.42,29.05,37.7,Moderate
28.18,66.53,56.82,59.23,16.8,30.8,Moderate
27.01,83.66,18.2,39.14,9.77,23.7,Low
25.13,57.9,15.25,36.14,13.08,18.5,Low
35.92,68.67,60.27,72.6,23.96,48.2,Moderate
22.22,47.29,29.44,30.7,16.88,22.0,Low
31.53,74.81,23.8,47.93,13.62,23.1,Low
38.93,73.44,18.09,64.07,8.59,26.9,Moderate
33.39,81.93,28.96,47.98,19.33,27.5,Moderate
27.84,52.82,53.72,61.5,35.99,41.3,Moderate
22.33,67.12,29.69,24.32,14.99,23.5,Low
21.19,50.82,54.18,66.36,19.09,37.1,Moderate
25.94,66.31,7.01,42.99,33.48,26.5,Moderate
24.56,92.23,19.82,40.43,10.66,23.0,Low
24.4,65.19,75.82,72.37,25.64,48.1,Moderate
26.37,49.51,81.06,46.22,38.42,52.3,High
27.49,59.8,26.52,71.3,21.46,35.1,Moderate
30.43,45.84,1.32,78.85,33.47,39.5,Moderate
21.81,50.56,13.04,30.55,11.58,17.4,Low
24.59,80.06,25.68,61.62,32.62,38.4,Moderate
27.2,48.31,3.38,34.03,16.66,21.3,Low
27.02,74.68,77.49,43.66,30.48,46.3,Moderate
37.18,70.39,36.05,67.08,16.41,25.7,Moderate
29.16,62.03,14.07,35.66,17.03,22.8,Low
19.93,73.41,36.33,56.89,18.03,33.8,Moderate
30.09,55.94,31.39,74.64,18.78,29.1,Moderate
30.73,82.61,21.65,50.49,21.09,38.2,Moderate
27.37,59.52,65.95,61.22,21.48,38.7,Moderate
21.93,64.2,35.71,33.1,11.3,27.0,Moderate
36.79,62.42,58.16,41.01,11.99,25.4,Moderate
22.65,80.34,13.94,37.83,11.16,22.8,Low
31.3,78.17,8.31,32.22,19.39,27.6,Moderate
29.0,30.67,25.3,54.06,22.67,26.3,Moderate
31.0,73.81,17.03,24.63,23.55,26.4,Moderate
36.53,43.83,24.03,31.78,8.98,16.7,Low
30.81,64.88,36.81,45.61,16.22,23.9,Low
25.21,68.38,43.36,51.62,12.88,29.0,Moderate
33.53,64.72,48.79,52.95,17.5,31.4,Moderate
24.84,77.51,52.27,50.36,18.82,33.3,Moderate
28.82,80.8,53.34,41.9,28.25,35.2,Moderate
21.53,58.4,68.29,67.59,28.68,49.4,Moderate
22.83,57.85,27.54,62.38,16.87,27.1,Moderate
28.26,69.46,41.36,54.13,11.37,26.4,Moderate
29.84,46.84,40.08,40.33,13.41,21.3,Low
19.49,62.85,46.86,22.67,15.75,30.5,Moderate
30.49,90.22,45.53,75.84,43.52,55.7,High
23.9,47.41,69.02,56.53,26.7,36.3,Moderate
34.4,64.9,6.37,57.06,10.15,20.0,Low
26.24,61.12,12.65,64.05,10.95,20.3,Low
22.38,100.0,1.02,47.41,13.54,38.7,Moderate
28.38,61.93,6.99,51.77,11.1,25.4,Moderate
23.42,62.8,59.2,68.85,17.29,42.4,Moderate
34.34,54.54,16.26,37.37,11.07,22.4,Low
28.0,70.14,15.8,23.31,12.07,13.8,Low
27.24,74.05,26.02,56.08,30.11,40.5,Moderate
30.96,56.71,34.68,24.19,24.79,27.3,Moderate
22.98,84.83,11.43,33.11,19.72,22.7,Low
21.55,74.07,48.82,42.49,28.64,40.4,Moderate
30.04,82.78,9.6,46.96,20.29,26.0,Moderate
22.5,65.08,29.48,48.81,29.12,34.3,Moderate
22.5,73.65,54.16,44.33,15.04,34.0,Moderate
32.18,66.8,19.16,35.38,8.31,20.8,Low
30.63,91.87,7.2,66.89,18.26,35.5,Moderate
21.73,71.74,36.49,36.0,24.98,32.7,Moderate
24.9,70.13,3.69,33.54,13.86,21.3,Low
23.48,63.13,55.21,63.01,16.94,32.4,Moderate
36.88,62.26,22.92,44.08,22.1,21.9,Low
32.53,73.57,23.87,52.49,19.23,26.5,Moderate
25.9,82.29,15.26,56.82,13.18,24.4,Low
30.88,59.73,52.91,75.11,19.37,37.5,Moderate
21.22,71.9,20.38,42.81,7.39,27.8,Moderate
24.64,72.76,8.08,43.91,7.56,13.5,Low
28.52,75.38,67.45,61.76,15.84,36.9,Moderate
30.26,44.39,32.02,32.78,8.86,16.1,Low
27.51,56.13,52.58,56.33,27.96,41.1,Moderate
29.24,49.51,18.47,16.75,4.55,13.6,Low
28.39,70.49,44.58,56.23,10.59,31.2,Moderate
27.18,56.49,12.1,7.25,41.83,33.0,Moderate
26.52,62.56,44.08,35.59,15.72,28.0,Moderate
25.87,52.09,26.86,57.23,11.31,14.5,Low
29.16,63.95,68.09,65.81,18.25,42.2,Moderate
30.05,53.14,50.18,52.3,28.17,44.5,Moderate
28.99,81.37,46.08,44.37,16.94,29.0,Moderate
22.11,77.19,35.24,34.37,9.16,18.5,Low
23.01,72.25,30.62,37.15,7.14,15.6,Low
29.99,65.47,28.07,55.1,16.34,30.2,Moderate
35.36,39.43,47.79,47.92,14.16,24.0,Low
28.76,63.13,42.91,18.75,15.24,23.9,Low
25.94,58.58,15.4,21.92,21.9,16.9,Low
29.12,73.71,35.87,35.37,19.91,30.5,Moderate
22.32,79.3,29.41,41.33,9.04,20.1,Low
34.54,74.87,22.18,38.36,13.74,23.4,Low
28.93,88.95,47.25,35.7,41.48,49.1,Moderate
24.65,61.48,35.31,56.58,10.56,23.0,Low
27.17,60.85,48.73,22.36,12.8,22.4,Low
25.36,85.57,22.45,31.67,14.6,23.5,Low
34.56,72.49,27.66,56.45,8.33,19.6,Low
26.99,66.3,2.68,44.04,24.71,20.5,Low
28.78,97.7,13.33,35.62,40.54,53.7,High
30.87,78.67,10.39,52.72,13.2,23.3,Low
24.3,67.14,18.64,45.43,17.54,23.2,Low
28.97,59.71,48.84,53.15,18.04,35.8,Moderate
29.37,89.9,17.18,50.03,22.63,43.2,Moderate
20.23,73.1,21.04,48.46,17.58,23.4,Low
29.26,70.37,28.9,65.09,41.82,46.4,Moderate
27.77,80.14,6.94,33.29,13.24,19.2,Low
28.65,83.2,83.65,60.64,33.95,52.5,High
28.18,78.25,4.69,39.59,14.04,14.0,Low
29.3,83.26,42.96,50.36,12.29,40.9,Moderate
34.69,76.77,78.67,90.39,36.85,59.1,High
22.1,78.32,51.97,61.05,13.58,32.9,Moderate
26.29,59.03,24.79,32.83,21.08,27.4,Moderate
31.33,97.16,19.98,19.63,13.28,43.1,Moderate
30.4,51.49,5.86,60.62,14.67,21.3,Low
30.3,74.64,19.85,36.32,24.49,28.5,Moderate
41.77,49.95,17.59,46.12,28.6,31.2,Moderate
31.07,68.53,56.94,54.65,26.74,45.0,Moderate
33.65,61.43,19.64,53.97,33.15,37.0,Moderate
26.46,72.04,28.57,36.7,13.86,17.4,Low
23.04,75.13,32.38,48.12,15.56,20.4,Low
26.43,55.65,42.11,41.56,10.19,28.6,Moderate
31.56,69.56,43.79,92.05,20.47,40.8,Moderate
30.03,90.91,34.34,35.73,13.43,32.6,Moderate
30.02,50.32,26.16,52.56,17.04,23.6,Low
26.93,57.19,75.37,100.0,28.13,59.3,High
26.13,82.91,13.96,56.36,16.85,29.1,Moderate
27.1,71.16,38.02,47.99,14.62,30.0,Moderate
31.62,72.27,28.95,47.64,17.79,31.2,Moderate
32.2,85.33,18.2,29.18,15.35,27.6,Moderate
22.97,58.09,3.65,61.47,25.69,27.1,Moderate
31.81,62.21,48.83,48.7,12.4,27.9,Moderate
24.75,60.36,33.57,45.65,14.72,28.8,Moderate
30.34,64.78,30.43,32.48,11.06,24.9,Low
27.04,90.09,12.93,34.84,25.32,40.0,Moderate
35.83,44.48,26.56,45.28,8.27,16.8,Low
25.91,52.09,49.82,68.78,33.78,45.7,Moderate
28.89,49.51,69.2,63.21,17.14,34.7,Moderate
31.03,91.03,87.36,82.0,40.11,69.2,High
23.63,60.78,29.67,11.11,9.46,15.6,Low
27.64,65.1,35.64,68.48,25.08,36.9,Moderate
26.67,45.78,35.53,27.31,11.12,24.6,Low
25.43,66.06,26.2,55.71,19.87,26.2,Moderate
25.8,83.0,15.72,5.0,14.02,26.5,Moderate
33.56,73.79,9.35,39.26,9.77,22.3,Low
25.01,68.38,37.71,62.41,18.87,26.3,Moderate
30.83,46.53,24.09,30.81,11.76,20.6,Low
29.57,65.08,31.76,46.66,11.9,19.8,Low
21.02,72.2,48.55,65.89,60.25,62.8,High
30.6,55.12,41.71,60.61,10.33,21.7,Low
20.93,79.82,20.15,18.66,16.91,25.7,Moderate
31.14,83.28,58.42,70.43,19.73,47.1,Moderate
25.46,62.07,48.35,77.55,18.89,35.3,Moderate
28.04,80.89,30.95,64.06,16.22,31.7,Moderate
21.53,68.35,42.24,31.33,18.88,23.6,Low
28.61,87.21,52.01,36.92,44.78,52.1,High
32.63,100.0,47.89,52.9,22.79,52.4,High
23.97,53.6,55.25,63.12,17.88,29.1,Moderate
24.96,81.54,30.72,58.82,14.82,36.3,Moderate
30.27,89.57,16.94,29.05,6.33,24.0,Low
30.4,55.44,51.6,51.95,15.45,36.4,Moderate
15.83,61.37,18.39,29.16,17.47,21.2,Low
38.08,61.2,54.17,38.86,25.0,33.2,Moderate
30.64,68.01,34.71,53.24,22.32,33.0,Moderate
31.48,64.65,6.14,36.05,10.62,20.0,Low
27.28,67.03,5.96,43.92,14.46,17.2,Low
18.72,82.57,36.67,39.26,29.02,38.6,Moderate
31.37,41.56,2.44,45.9,21.58,20.5,Low
25.17,55.39,34.15,30.04,13.66,14.4,Low
30.72,80.05,15.7,33.66,11.72,17.8,Low
26.91,78.29,53.72,37.2,33.08,41.8,Moderate
29.19,54.12,68.93,63.39,21.37,40.6,Moderate
24.13,78.4,44.08,77.62,16.44,34.2,Moderate
32.32,89.9,47.96,57.32,26.09,47.7,Moderate
22.06,69.26,18.18,39.84,25.89,26.5,Moderate
39.23,54.88,74.65,58.17,19.04,41.6,Moderate
39.19,83.12,6.88,28.71,24.97,25.5,Moderate
36.16,95.85,63.59,73.84,44.22,72.9,High
34.38,56.71,44.98,56.92,27.07,32.4,Moderate
27.58,70.59,62.45,31.76,11.57,29.0,Moderate
33.83,86.35,26.63,60.64,17.54,36.8,Moderate
27.52,71.73,17.36,28.02,30.43,34.9,Moderate
20.23,43.79,68.3,49.06,33.03,42.8,Moderate
35.52,76.65,13.62,45.8,5.52,21.4,Low
33.64,55.32,64.09,48.46,24.06,40.6,Moderate
27.84,50.94,36.83,81.53,24.46,45.1,Moderate
21.87,44.08,31.52,42.46,28.05,26.9,Moderate
25.07,87.86,31.75,55.61,12.76,34.4,Moderate
18.89,57.48,11.84,15.98,18.7,18.8,Low
32.73,75.0,65.96,48.84,30.48,44.7,Moderate
19.98,78.68,65.24,55.87,20.99,42.8,Moderate
29.43,72.43,32.23,61.23,17.1,35.8,Moderate
23.78,74.45,56.37,38.59,34.64,44.2,Moderate
20.87,75.72,9.73,56.4,14.16,16.4,Low
29.19,72.07,15.41,42.3,11.38,18.4,Low
26.33,58.6,86.74,70.27,18.76,56.8,High
32.19,57.26,30.33,34.43,18.51,22.0,Low
21.66,68.43,58.88,41.13,17.89,33.9,Moderate
24.21,68.11,28.58,12.34,12.11,21.2,Low
16.06,76.44,19.21,46.22,17.01,29.0,Moderate
17.08,86.52,52.0,62.61,33.87,48.6,Moderate
36.99,75.16,7.04,32.03,23.63,29.9,Moderate
38.42,57.84,77.9,38.51,30.27,49.1,Moderate
28.46,37.28,70.24,51.24,18.99,38.5,Moderate
23.88,58.47,50.85,58.4,25.89,35.1,Moderate
26.51,49.83,41.29,52.21,11.27,24.0,Low
32.37,59.04,10.59,48.79,17.86,20.7,Low
25.43,73.63,19.09,17.42,9.43,14.6,Low
29.19,71.27,16.96,34.86,16.64,27.8,Moderate
27.94,97.87,27.72,43.2,14.26,41.0,Moderate
25.16,77.25,22.8,52.48,17.0,29.3,Moderate
25.37,98.64,49.7,43.35,10.5,43.7,Moderate
29.47,80.73,48.73,60.08,56.4,65.0,High
23.12,86.29,11.42,24.76,15.31,18.0,Low
30.26,64.62,34.6,50.37,30.47,21.9,Low
25.64,53.88,51.56,48.65,23.98,35.8,Moderate
28.64,63.27,57.39,49.82,11.92,30.2,Moderate
34.92,69.82,45.24,87.03,24.78,41.6,Moderate
27.16,60.58,2.78,30.98,4.37,7.7,Low
32.6,54.98,38.89,42.27,14.38,21.0,Low
19.04,76.25,60.11,34.67,20.21,33.7,Moderate
25.65,54.92,57.87,70.11,20.58,37.2,Moderate
28.14,47.0,11.13,30.74,6.58,14.0,Low
37.62,53.17,15.9,40.09,7.9,19.5,Low
18.2,66.48,91.99,54.53,35.12,57.8,High
27.52,55.14,49.42,58.53,33.3,46.1,Moderate
35.28,66.58,32.99,60.53,24.76,34.6,Moderate
24.07,79.01,22.28,62.43,31.6,39.2,Moderate
26.94,78.62,8.19,36.12,49.59,36.6,Moderate
29.66,60.09,26.94,35.53,18.96,22.2,Low
28.92,50.44,46.68,41.46,29.08,43.6,Moderate
35.83,61.37,42.07,49.99,18.23,35.0,Moderate
30.24,79.83,32.6,50.22,12.37,20.0,Low
34.64,83.34,34.5,55.24,10.3,25.8,Moderate
26.2,75.29,28.38,32.23,36.43,44.2,Moderate
24.3,88.02,25.7,46.01,11.53,26.8,Moderate
26.87,95.94,41.84,34.35,13.99,32.4,Moderate
22.2,62.75,42.79,48.03,18.78,29.0,Moderate
30.42,92.3,40.61,70.15,55.9,66.2,High
26.07,66.09,25.95,40.66,18.98,31.0,Moderate
24.64,85.3,31.08,32.61,13.72,31.5,Moderate
30.49,80.63,42.04,54.97,30.12,38.4,Moderate
22.28,40.34,2.17,49.18,14.46,18.6,Low
31.85,55.51,47.24,40.0,17.85,31.2,Moderate
25.61,51.68,45.41,30.57,23.77,34.6,Moderate
33.8,43.27,8.69,25.86,11.02,13.1,Low
26.04,83.19,31.81,39.54,39.13,44.6,Moderate
31.16,100.0,14.03,62.68,37.48,62.1,High
28.9,66.13,33.76,25.76,27.89,30.9,Moderate
31.72,82.81,26.98,19.03,9.95,21.3,Low
28.55,92.27,55.2,58.4,19.92,49.8,Moderate
19.68,73.12,58.03,44.64,29.14,38.6,Moderate
33.04,69.62,31.37,31.11,14.72,20.3,Low
27.56,66.31,18.73,51.3,14.08,25.3,Moderate
31.95,78.06,77.75,63.58,27.73,49.9,Moderate
31.45,83.12,33.11,61.67,13.76,31.2,Moderate
24.13,76.93,6.33,48.23,13.99,18.3,Low
23.43,76.41,56.46,36.64,16.31,29.6,Moderate
31.28,69.23,17.67,16.0,6.82,14.5,Low
26.48,46.11,26.26,60.98,22.76,26.8,Moderate
32.68,83.47,21.75,40.75,9.82,27.7,Moderate
27.11,50.73,54.62,99.34,17.03,46.8,Moderate
33.12,79.29,79.34,77.27,17.57,37.9,Moderate
30.12,81.34,23.15,63.67,23.12,36.2,Moderate
29.44,52.89,33.81,32.67,10.43,24.4,Low
26.13,60.88,19.79,40.67,10.44,23.3,Low
29.16,100.0,48.67,64.16,32.04,54.2,High
33.96,68.81,17.65,39.91,6.85,16.0,Low
27.73,51.7,26.17,45.0,14.39,21.7,Low
30.66,82.01,77.65,65.83,19.81,43.8,Moderate
28.23,58.41,16.08,29.77,23.79,20.4,Low
28.62,41.19,21.94,29.43,12.08,25.6,Moderate
36.62,77.8,28.23,42.13,11.66,25.0,Moderate
34.01,56.25,6.66,31.11,11.6,11.8,Low
28.4,74.82,34.43,33.89,17.38,24.6,Low
29.07,57.81,7.32,35.66,5.72,18.8,Low
24.49,80.61,5.61,17.37,7.13,11.7,Low
27.14,72.75,15.34,51.81,25.68,35.6,Moderate
29.55,31.16,22.19,51.61,14.26,25.9,Moderate
32.25,75.73,7.2,47.77,27.15,23.7,Low
31.75,65.65,33.29,34.07,36.66,34.2,Moderate
22.45,91.25,39.58,34.37,30.33,41.0,Moderate
32.88,75.93,31.46,65.83,33.42,43.1,Moderate
27.56,81.34,4.95,33.8,13.73,27.0,Moderate
23.07,59.34,55.7,63.05,15.58,35.1,Moderate
34.68,58.15,24.46,26.27,25.91,27.5,Moderate
35.32,69.62,3.16,31.82,29.03,28.7,Moderate
29.32,64.59,33.12,64.47,23.15,34.2,Moderate
31.54,90.07,47.05,53.47,16.35,39.4,Moderate
31.84,67.7,71.09,56.14,19.46,40.2,Moderate
34.98,51.63,67.13,66.99,38.55,54.5,High
31.64,57.59,9.76,43.16,7.72,14.1,Low
21.36,84.48,12.93,70.79,8.26,22.3,Low
38.05,67.49,22.91,43.63,21.15,31.6,Moderate
33.33,66.69,27.71,54.41,17.32,19.3,Low
25.45,85.9,21.99,40.68,25.98,30.3,Moderate
22.85,56.28,11.17,24.08,14.48,17.6,Low
30.52,36.47,37.73,54.53,24.05,37.0,Moderate
26.61,57.21,22.13,20.75,24.73,26.6,Moderate
29.65,73.63,54.15,68.75,30.57,42.5,Moderate
31.72,66.26,52.38,33.58,21.03,35.8,Moderate
25.17,46.59,27.88,31.48,38.01,33.5,Moderate
22.42,85.24,46.02,36.57,35.3,48.1,Moderate
29.93,72.45,44.45,59.87,33.53,41.2,Moderate
25.33,75.84,10.18,21.77,12.07,11.5,Low
28.73,76.29,16.59,48.45,14.05,26.0,Moderate
21.28,50.52,64.82,47.58,14.64,39.3,Moderate
26.74,74.54,31.11,44.13,22.8,29.4,Moderate
31.57,83.61,44.86,42.65,18.64,38.5,Moderate
31.03,87.1,32.75,81.37,43.25,48.3,Moderate
24.06,80.82,4.11,11.48,30.5,20.1,Low
22.16,77.7,32.42,53.69,12.24,22.5,Low
28.08,43.94,10.41,38.5,6.29,13.4,Low
30.81,69.78,36.47,36.07,12.36,26.1,Moderate
30.03,55.65,33.56,52.67,42.78,39.6,Moderate
25.44,89.23,29.55,30.93,51.59,50.6,High
29.49,86.96,43.35,34.07,26.43,43.6,Moderate
35.51,55.74,66.18,40.96,30.94,39.0,Moderate
29.03,69.31,66.52,59.52,15.73,42.1,Moderate
19.83,73.73,49.75,43.42,20.62,30.6,Moderate
29.02,83.51,33.32,33.66,41.01,48.8,Moderate
38.22,44.87,45.69,56.14,15.53,33.6,Moderate
21.56,36.86,48.58,68.18,28.42,40.9,Moderate
28.15,70.57,39.21,27.44,26.61,33.1,Moderate
26.87,32.03,23.8,48.29,11.92,22.0,Low
28.48,72.38,9.71,46.26,20.7,29.7,Moderate
28.97,78.88,43.18,69.22,12.33,22.5,Low
33.7,88.54,8.78,33.73,11.22,23.2,Low
28.42,60.66,93.11,90.76,26.83,54.7,High
34.39,72.42,22.18,51.52,15.09,30.1,Moderate
27.41,79.77,75.74,33.32,20.12,35.2,Moderate
26.25,52.36,48.32,56.42,36.25,35.7,Moderate
24.65,83.73,15.6,40.2,12.03,13.5,Low
18.91,74.12,55.28,69.11,73.15,71.7,High
29.38,60.92,27.13,62.19,16.14,23.0,Low
38.27,72.12,15.14,25.73,6.98,13.6,Low
30.29,67.91,23.0,56.64,13.41,19.9,Low
31.43,81.7,28.3,42.97,28.65,33.9,Moderate
25.93,64.59,17.24,30.4,15.92,28.8,Moderate
26.78,73.41,45.38,72.62,24.73,44.8,Moderate
32.92,60.69,37.76,41.08,15.19,26.5,Moderate
38.04,55.93,0.95,35.81,5.54,10.4,Low
35.44,72.57,3.39,35.07,4.09,8.1,Low
32.03,56.55,35.0,54.97,13.99,29.5,Moderate
28.18,82.01,1.95,55.48,13.31,20.9,Low
29.05,78.88,80.95,87.47,24.82,55.6,High
24.23,58.52,34.55,60.66,15.64,29.7,Moderate
20.76,73.21,12.73,14.11,12.34,16.1,Low
22.37,58.45,40.74,71.12,31.63,35.5,Moderate
28.25,45.94,2.56,44.91,10.41,13.6,Low
26.54,61.04,12.2,55.73,22.48,35.3,Moderate
20.65,69.25,54.07,49.4,19.74,28.5,Moderate
27.81,77.82,4.9,36.53,40.86,34.2,Moderate
26.41,72.24,15.28,54.6,20.69,26.8,Moderate
22.14,83.62,59.89,86.13,17.13,44.7,Moderate
26.15,55.28,84.22,67.38,22.84,47.1,Moderate
26.4,64.35,35.0,28.53,17.96,23.6,Low
24.92,94.67,26.43,53.2,24.16,48.1,Moderate
32.63,41.03,40.93,46.53,20.41,28.1,Moderate
18.49,63.22,37.68,32.35,10.73,24.8,Low
18.07,53.93,46.13,49.17,16.52,24.0,Low
28.02,67.07,42.51,57.03,21.06,30.9,Moderate
28.48,63.48,58.86,71.39,31.93,40.4,Moderate
30.02,79.03,51.28,45.7,43.98,49.9,Moderate
25.31,73.83,16.7,34.24,22.12,26.8,Moderate
23.41,50.42,19.73,40.38,26.34,27.3,Moderate
27.96,61.18,20.28,68.44,12.91,26.7,Moderate
25.79,70.0,21.14,62.53,28.51,30.2,Moderate
35.76,81.09,12.68,47.91,23.86,34.1,Moderate
26.38,100.0,68.85,67.0,25.72,65.2,High
27.73,80.54,15.46,35.69,30.23,27.5,Moderate
40.38,54.81,35.34,58.95,21.13,27.5,Moderate
27.03,68.59,43.56,35.34,19.44,27.8,Moderate
30.78,72.71,26.02,51.29,17.54,28.4,Moderate
31.23,62.21,5.88,6.58,21.73,18.6,Low
31.66,77.05,72.87,35.9,17.77,31.4,Moderate
29.45,35.93,9.77,9.41,14.95,12.4,Low
28.97,78.3,39.68,77.12,34.91,46.9,Moderate
28.5,62.85,73.46,58.34,17.14,36.8,Moderate
25.12,68.35,31.87,25.87,14.81,23.3,Low
29.63,91.99,28.77,81.63,16.17,46.4,Moderate
38.14,51.08,40.79,37.65,15.69,24.1,Low
34.05,74.09,20.88,50.2,10.74,25.6,Moderate
29.52,81.91,40.56,37.44,11.58,26.5,Moderate
32.28,72.56,32.76,58.37,14.94,28.0,Moderate
23.65,45.79,43.59,50.03,11.94,21.2,Low
26.7,90.26,85.43,53.7,21.69,55.6,High
32.74,66.83,10.62,18.68,32.48,35.9,Moderate
35.44,62.09,25.16,33.17,6.79,13.3,Low
24.15,65.34,52.5,38.3,22.55,30.4,Moderate
25.58,64.27,57.85,28.83,13.04,34.1,Moderate
38.91,52.15,94.54,79.1,24.56,53.3,High
28.48,72.47,19.7,58.64,11.46,21.0,Low
37.12,61.04,38.85,38.39,10.91,30.6,Moderate
29.03,80.06,25.7,12.76,12.94,17.1,Low
29.23,77.76,27.28,49.99,11.91,24.6,Low
26.47,94.39,53.44,56.03,29.22,55.5,High
32.71,66.83,47.76,36.71,14.64,31.2,Moderate
34.79,57.95,18.59,40.62,53.71,48.0,Moderate
22.82,47.95,37.38,6.72,12.57,27.3,Moderate
26.24,100.0,60.33,56.24,25.86,63.8,High
32.58,79.93,11.04,36.57,25.02,33.3,Moderate
27.35,59.61,48.33,71.86,20.0,34.3,Moderate
25.53,95.4,18.48,45.28,23.35,43.2,Moderate
33.05,90.34,58.31,56.77,17.24,51.2,High
33.52,49.73,35.26,76.8,17.21,31.1,Moderate
25.75,58.7,12.85,27.59,18.21,19.3,Low
29.06,68.02,71.46,37.57,21.21,41.3,Moderate
21.96,53.95,31.72,59.8,32.07,40.5,Moderate
23.52,68.55,55.0,69.93,21.4,39.2,Moderate
28.62,80.68,33.0,62.59,47.26,51.4,High
28.16,49.4,24.61,40.12,22.27,20.3,Low
23.17,74.4,68.78,48.41,43.51,51.5,High
24.42,87.53,54.77,35.52,13.19,32.0,Moderate
22.67,76.0,26.62,31.01,12.66,28.1,Moderate
30.28,68.87,20.86,19.73,11.86,17.1,Low
18.16,59.98,27.12,37.89,15.34,24.3,Low
22.94,82.46,46.98,76.33,21.98,45.9,Moderate
18.69,52.35,75.22,53.16,71.88,77.9,Critical
30.1,73.64,54.22,55.9,31.77,44.6,Moderate
18.99,70.38,45.02,58.97,13.69,27.2,Moderate
28.16,86.88,9.46,32.9,34.29,35.4,Moderate
36.2,61.26,38.46,42.93,15.32,28.5,Moderate
36.37,62.53,73.59,80.04,24.84,48.2,Moderate
18.97,51.37,32.62,49.21,14.69,23.0,Low
29.49,76.56,34.47,64.0,24.71,28.0,Moderate
23.06,63.64,77.64,97.99,20.33,41.4,Moderate
22.03,57.07,20.01,28.96,47.68,36.1,Moderate
27.43,58.5,31.66,43.75,12.79,23.4,Low
34.14,78.06,14.05,37.41,14.47,19.9,Low
31.0,53.46,1.94,28.25,8.42,5.7,Low
24.42,54.79,44.31,44.04,11.09,24.9,Low
31.53,83.45,42.58,70.95,12.31,41.1,Moderate
16.78,67.51,86.57,66.79,35.45,55.8,High
24.24,84.33,34.78,84.51,25.02,51.5,High
23.88,64.61,39.36,42.68,15.35,27.6,Moderate
28.39,69.98,47.48,74.21,25.51,40.8,Moderate
26.99,72.34,63.77,83.7,19.34,43.4,Moderate
27.29,90.81,8.4,36.7,10.62,33.9,Moderate
27.13,89.59,30.87,52.51,12.28,40.4,Moderate
28.11,87.3,15.2,53.56,9.01,29.9,Moderate
30.7,60.57,7.61,29.31,7.48,15.1,Low
28.75,55.2,27.68,69.65,12.94,24.0,Low
26.58,81.41,27.96,32.61,19.35,22.4,Low
30.01,90.65,55.0,46.44,20.04,42.3,Moderate
32.13,87.44,66.0,50.46,19.88,50.5,High
25.22,70.2,67.41,61.97,24.91,50.1,High
27.7,80.92,66.08,63.05,18.34,33.5,Moderate
33.81,81.18,61.2,46.87,14.46,39.5,Moderate
22.49,72.23,44.43,48.85,14.25,36.6,Moderate
37.02,72.89,32.08,29.51,17.35,30.4,Moderate
21.3,71.47,62.04,74.18,18.81,38.2,Moderate
26.27,58.18,20.28,52.52,16.26,28.6,Moderate
23.25,59.71,16.32,35.5,13.2,13.7,Low
38.94,59.48,1.57,32.67,9.66,8.3,Low
25.48,46.01,38.12,38.39,9.74,32.4,Moderate
25.5,72.14,64.08,43.49,17.09,32.7,Moderate
26.15,69.39,52.29,37.09,21.43,28.9,Moderate
28.48,81.43,54.62,40.23,29.04,39.4,Moderate
26.36,88.91,64.97,72.12,31.94,63.8,High
27.34,89.86,50.08,68.07,28.63,55.8,High
15.0,91.28,17.2,20.48,6.59,21.2,Low
28.29,58.64,71.31,70.44,38.07,52.7,High
28.09,48.52,73.61,42.45,16.79,37.3,Moderate
33.19,83.96,66.27,69.66,19.93,47.3,Moderate
34.55,90.73,53.46,54.97,21.68,48.3,Moderate
27.06,93.34,43.85,42.53,31.03,46.4,Moderate
32.08,77.27,62.88,63.7,16.76,36.6,Moderate
22.49,40.05,16.9,61.15,64.26,50.6,High
31.84,75.48,40.63,21.1,15.37,28.7,Moderate
25.14,78.33,17.98,58.36,15.48,25.7,Moderate
22.08,88.78,51.26,41.01,19.56,41.9,Moderate
27.07,91.44,81.13,84.75,35.31,63.5,High
35.0,83.64,41.42,62.5,26.86,44.7,Moderate
28.91,61.19,66.94,41.61,14.91,35.8,Moderate
35.48,54.56,42.35,41.09,22.74,26.5,Moderate
24.26,78.01,41.93,56.88,24.23,39.7,Moderate
33.24,58.11,47.59,65.86,36.39,41.3,Moderate
24.74,92.13,72.73,67.6,15.42,47.1,Moderate
29.13,44.43,24.81,49.54,34.34,40.2,Moderate
29.08,78.5,62.5,47.29,34.47,43.3,Moderate
31.31,74.79,17.16,41.51,26.88,30.6,Moderate
29.25,66.9,36.04,46.51,39.4,42.2,Moderate
24.3,56.12,50.1,30.02,32.19,32.4,Moderate
32.4,39.07,5.3,41.89,19.47,27.2,Moderate
36.66,62.03,78.57,56.99,22.83,48.8,Moderate
25.08,62.29,47.35,72.21,14.88,35.6,Moderate
18.82,86.68,5.21,54.37,9.5,23.4,Low
30.5,58.26,46.94,54.19,38.41,45.6,Moderate
26.34,76.79,57.86,71.81,20.24,45.3,Moderate
27.34,50.62,9.79,47.66,13.73,18.3,Low
30.78,77.2,93.6,67.42,30.35,51.7,High
25.72,36.43,19.95,20.75,11.72,15.6,Low
26.66,100.0,34.16,44.56,21.0,39.0,Moderate
27.5,67.88,29.75,40.4,15.25,28.1,Moderate
35.35,28.08,22.65,41.27,17.28,24.3,Low
28.15,59.23,9.19,34.79,17.34,24.1,Low
21.82,56.87,0.89,51.86,10.15,15.3,Low
22.02,60.16,18.49,59.68,20.67,23.2,Low
28.7,64.53,57.2,47.7,18.29,34.8,Moderate
22.35,60.06,69.6,39.49,45.31,47.6,Moderate
20.19,57.75,5.97,22.53,3.71,11.9,Low
31.18,52.62,2.73,54.58,28.61,31.9,Moderate
31.42,82.33,2.35,50.18,12.03,29.8,Moderate
26.16,88.02,23.85,26.25,23.07,39.4,Moderate
29.47,66.18,47.56,29.64,16.62,29.4,Moderate
28.94,69.74,14.14,31.08,19.82,22.3,Low
31.01,53.11,52.55,80.33,26.41,46.6,Moderate
31.02,71.07,42.09,56.02,18.09,33.6,Moderate
15.0,73.45,23.24,39.59,10.76,19.3,Low
26.8,66.71,65.85,56.16,26.68,34.6,Moderate
30.59,75.94,61.31,28.24,28.69,48.2,Moderate
25.95,74.63,22.48,38.49,7.82,23.3,Low
28.18,54.19,62.58,75.5,23.64,45.4,Moderate
31.75,87.9,31.22,40.01,10.46,30.0,Moderate
28.4,66.89,32.43,42.69,24.41,39.5,Moderate
35.54,95.13,53.07,58.51,12.29,48.3,Moderate
33.63,76.31,43.22,33.27,12.66,20.3,Low
27.41,99.56,19.09,46.68,13.68,38.9,Moderate
27.01,87.63,46.85,38.98,20.24,41.9,Moderate
15.0,73.41,27.92,37.28,16.28,30.1,Moderate
26.37,59.15,43.91,44.69,33.06,38.6,Moderate
21.23,59.48,53.01,47.89,38.02,51.5,High
29.11,78.0,5.82,38.57,23.23,19.8,Low
28.76,72.15,58.4,54.34,19.26,35.5,Moderate
31.48,61.16,39.71,46.17,19.18,29.7,Moderate
34.98,82.5,23.76,45.14,13.29,29.9,Moderate
27.87,70.58,0.93,21.71,10.47,18.3,Low
39.4,82.59,2.39,5.0,27.52,29.0,Moderate
29.16,55.37,78.62,62.39,47.02,53.2,High
21.45,84.99,14.02,29.6,25.49,31.7,Moderate
25.19,77.51,45.84,57.86,23.53,31.0,Moderate
26.14,87.96,67.27,50.26,23.03,47.3,Moderate
30.96,84.66,74.72,32.68,24.04,50.5,High
23.26,68.73,75.05,59.47,25.05,52.5,High
26.51,67.52,63.95,73.15,35.09,52.3,High
27.19,96.75,17.98,45.99,20.24,42.4,Moderate
25.76,65.64,9.53,17.03,12.1,14.4,Low
32.06,81.23,18.3,32.02,22.96,27.7,Moderate
31.21,64.28,5.81,29.58,13.33,22.8,Low
33.83,42.07,2.77,33.21,8.91,9.8,Low
26.34,51.59,66.25,49.38,17.0,34.1,Moderate
34.01,76.09,11.98,12.85,4.53,10.7,Low
21.18,80.52,10.35,36.56,50.25,40.2,Moderate
21.06,76.14,63.97,78.87,29.17,49.9,Moderate
21.93,87.19,27.91,34.97,19.08,39.1,Moderate
28.05,75.87,67.12,39.84,14.64,35.9,Moderate
34.01,58.37,52.17,74.63,16.42,33.2,Moderate
24.99,78.91,51.42,81.81,25.56,40.5,Moderate
25.62,72.54,22.15,36.64,14.53,17.6,Low
26.92,61.37,31.75,49.68,11.19,23.9,Low
30.86,77.09,49.81,55.74,14.96,28.9,Moderate
25.61,71.19,45.46,64.24,17.32,34.9,Moderate
25.33,60.92,10.11,21.78,15.68,15.1,Low
21.27,67.33,54.27,53.55,17.0,28.1,Moderate
25.14,91.2,37.73,31.86,14.45,27.2,Moderate
33.89,90.71,94.58,73.28,18.58,58.8,High
28.45,72.82,32.17,68.95,22.1,29.2,Moderate
24.3,70.86,18.08,46.33,11.78,23.5,Low
34.18,48.5,13.33,26.92,30.45,25.5,Moderate
25.07,95.79,67.39,73.52,39.28,68.5,High
35.1,85.55,57.13,45.83,23.84,42.3,Moderate
35.02,81.28,74.73,68.26,31.28,51.6,High
28.28,35.88,21.22,30.78,34.21,36.1,Moderate
20.51,70.61,69.17,39.28,29.28,39.6,Moderate
39.45,68.09,20.37,30.73,16.38,28.2,Moderate
29.94,80.24,43.29,9.61,10.97,24.3,Low
26.38,63.23,13.18,23.35,17.82,18.9,Low
32.78,66.52,42.88,82.13,16.34,34.4,Moderate
31.51,79.29,38.36,6.14,34.11,34.2,Moderate
34.55,58.4,98.27,45.83,19.91,41.9,Moderate
24.69,61.39,36.09,73.76,19.06,27.0,Moderate
29.59,72.9,9.66,23.99,6.28,8.8,Low
22.07,90.08,37.58,42.1,9.56,28.7,Moderate
31.33,82.13,13.55,39.51,31.47,33.0,Moderate
27.89,86.13,40.94,24.61,16.04,26.4,Moderate
29.41,70.95,9.77,54.07,40.16,41.8,Moderate
27.27,92.43,93.39,65.88,33.28,65.9,High
26.75,43.88,52.22,43.75,13.86,27.2,Moderate
23.66,100.0,20.75,56.42,54.8,64.3,High
31.95,100.0,23.05,23.11,14.38,37.8,Moderate
35.45,76.85,45.67,51.56,36.23,47.6,Moderate
25.22,82.48,42.32,34.59,18.71,24.2,Low
30.77,69.43,23.91,24.53,10.08,12.2,Low
30.16,66.86,14.91,70.26,20.89,26.0,Moderate
28.04,60.84,35.09,49.17,35.29,34.6,Moderate
20.37,69.26,8.2,52.08,17.49,17.9,Low
21.49,78.34,59.33,47.97,20.55,36.6,Moderate
24.1,76.3,62.31,41.37,25.57,39.1,Moderate
17.3,99.8,70.0,12.75,31.07,55.0,High
35.04,71.5,12.83,34.74,25.18,27.6,Moderate
29.84,47.67,83.63,39.4,27.57,43.4,Moderate
27.85,94.66,3.1,37.5,17.66,30.1,Moderate
17.05,51.69,33.92,27.48,13.9,20.8,Low
18.88,61.61,20.77,49.29,16.24,25.8,Moderate
27.99,74.08,76.11,92.52,25.45,45.4,Moderate
37.85,76.26,14.43,82.44,25.98,36.7,Moderate
24.51,48.32,23.38,47.99,27.76,19.1,Low
32.32,58.8,28.18,44.69,14.41,24.5,Low
25.6,47.79,13.36,29.16,17.91,21.9,Low
28.28,79.33,33.07,34.85,9.66,18.1,Low
34.07,87.75,16.44,26.98,17.28,32.6,Moderate
26.27,51.67,6.78,59.61,6.16,21.5,Low
24.55,84.93,53.99,48.02,14.88,37.0,Moderate
35.09,83.96,8.95,70.54,9.91,32.4,Moderate
28.23,60.11,54.75,40.23,10.63,24.3,Low
33.46,40.26,10.31,36.5,10.96,20.0,Low
24.57,53.93,19.29,22.73,25.7,31.6,Moderate
35.03,61.07,7.37,45.56,6.26,10.7,Low
29.37,93.13,34.84,44.15,22.34,43.1,Moderate
30.17,68.23,12.36,38.82,28.7,23.5,Low
28.66,54.9,43.15,45.46,35.79,44.5,Moderate
25.47,72.22,74.2,69.32,21.37,50.2,High
27.99,50.57,42.5,59.93,16.47,29.0,Moderate
25.79,77.72,6.68,49.8,9.66,18.4,Low
32.8,55.34,54.68,40.03,32.9,39.0,Moderate
26.98,57.51,18.8,46.39,16.77,34.2,Moderate
20.52,75.63,66.37,50.77,17.44,32.9,Moderate
19.6,96.25,53.49,73.65,16.21,46.8,Moderate
19.37,100.0,38.66,52.24,22.11,52.8,High
31.09,54.4,67.98,63.3,18.18,38.2,Moderate
22.24,61.05,15.79,36.37,18.69,33.4,Moderate
29.5,77.73,10.85,26.59,12.78,25.6,Moderate
28.68,87.53,38.55,49.59,49.54,59.1,High
27.68,37.54,52.44,71.73,18.04,39.4,Moderate
30.19,71.31,24.67,32.09,17.52,27.2,Moderate
28.79,62.69,27.75,64.51,20.83,36.0,Moderate
15.0,41.14,41.56,58.09,22.39,36.1,Moderate
26.38,49.94,27.44,14.15,9.33,12.0,Low
30.13,61.48,9.2,24.49,6.12,8.9,Low
36.2,70.88,72.9,94.84,27.04,54.7,High
36.43,85.12,57.22,53.21,32.48,46.7,Moderate
21.18,75.32,85.97,51.53,26.36,51.9,High
26.25,84.21,48.17,38.78,14.58,35.5,Moderate
20.17,70.4,36.53,45.75,37.47,36.7,Moderate
35.6,59.43,14.21,53.75,13.08,17.6,Low
33.06,67.24,19.56,36.78,20.47,20.3,Low
29.75,80.43,54.06,42.29,14.83,34.6,Moderate
28.83,85.49,39.14,14.72,23.35,37.9,Moderate
34.9,67.78,29.2,31.57,11.87,20.0,Low
34.06,56.06,18.51,31.0,8.76,16.7,Low
33.79,75.03,3.33,40.99,19.12,23.4,Low
30.28,77.17,37.9,54.35,15.19,33.0,Moderate
26.25,88.49,32.02,67.79,18.96,38.6,Moderate
31.84,59.82,23.85,25.49,10.44,19.9,Low
32.08,59.98,36.88,49.91,12.11,25.7,Moderate
27.05,81.34,45.14,53.21,18.66,28.1,Moderate
26.24,63.89,9.96,23.49,11.37,21.0,Low
33.67,63.25,36.9,61.61,21.63,35.2,Moderate
36.32,88.81,12.05,64.78,17.51,33.7,Moderate
24.25,49.43,46.87,51.76,23.82,32.3,Moderate
26.68,100.0,30.83,38.63,9.25,35.9,Moderate
29.75,60.81,28.71,67.46,15.18,23.2,Low
30.43,83.0,61.98,63.24,26.93,41.7,Moderate
25.39,68.37,39.3,30.53,27.8,29.7,Moderate
37.42,74.07,15.47,37.51,30.09,28.8,Moderate
30.11,66.06,21.7,37.16,25.88,34.7,Moderate
30.66,82.85,47.21,38.83,13.54,33.0,Moderate
36.79,64.79,16.42,28.76,15.48,16.7,Low
25.75,61.41,43.15,40.06,13.34,20.3,Low
27.56,97.2,32.02,58.37,20.98,43.4,Moderate
21.73,70.44,57.91,50.85,23.11,43.8,Moderate
27.14,59.86,82.0,64.99,35.31,55.4,High
20.56,47.65,68.76,73.58,25.84,44.1,Moderate
31.74,97.98,40.23,44.6,12.98,42.3,Moderate
30.1,61.72,50.44,34.61,9.96,29.9,Moderate
26.61,100.0,33.41,60.86,48.87,67.3,High
27.5,75.98,35.84,41.84,20.51,39.4,Moderate
31.81,72.14,31.79,72.85,21.23,35.0,Moderate
22.32,72.55,79.24,77.87,29.35,47.3,Moderate
29.02,100.0,29.99,53.44,18.62,38.6,Moderate
31.5,37.12,38.39,51.83,12.24,27.6,Moderate
19.09,73.22,30.58,62.54,17.33,29.6,Moderate
31.42,66.02,37.07,51.72,14.56,24.4,Low
19.63,66.8,3.19,5.0,21.81,20.5,Low
27.41,72.24,4.57,35.07,19.4,22.6,Low
22.18,66.01,40.81,57.86,26.72,35.6,Moderate
35.16,72.82,37.17,32.95,8.41,22.8,Low
22.21,69.65,30.6,84.59,36.76,45.3,Moderate
19.75,50.3,54.96,52.04,13.91,34.7,Moderate
28.67,75.72,48.04,60.24,16.12,33.6,Moderate
25.93,80.74,64.76,75.25,26.15,44.8,Moderate
20.48,61.87,29.93,54.54,14.66,31.9,Moderate
30.63,98.02,21.92,41.07,6.09,29.2,Moderate
18.04,90.03,34.46,53.07,11.21,29.0,Moderate
22.82,82.66,41.59,46.66,30.45,38.5,Moderate
25.12,82.48,55.93,53.16,21.06,32.0,Moderate
32.01,70.45,10.87,21.59,20.51,15.2,Low
34.48,87.12,31.26,42.04,7.52,26.5,Moderate
33.51,93.56,34.05,28.87,10.66,33.5,Moderate
27.23,82.12,14.1,39.86,19.21,25.3,Moderate
15.86,61.45,78.05,56.21,19.14,42.5,Moderate
29.95,69.4,47.17,59.04,45.06,48.7,Moderate
35.35,78.61,50.67,30.3,71.57,55.9,High
34.17,82.57,26.54,30.36,14.4,28.0,Moderate
30.31,68.84,43.79,36.52,17.38,28.7,Moderate
22.05,61.5,26.55,44.07,13.48,26.5,Moderate
25.37,93.76,59.36,52.1,28.62,56.4,High
37.67,53.92,45.58,67.4,21.51,40.6,Moderate
20.92,55.88,68.27,59.52,50.02,54.2,High
22.26,50.09,30.48,45.67,12.41,19.0,Low
32.71,55.85,51.61,37.23,23.0,33.4,Moderate
25.84,88.71,35.11,42.96,28.09,41.9,Moderate
22.09,89.21,52.0,33.18,24.65,48.0,Moderate
35.64,68.89,38.12,55.75,45.94,50.6,High
30.31,77.44,20.63,54.68,24.36,32.1,Moderate
26.09,69.84,18.06,18.71,10.05,11.1,Low
22.27,52.12,13.99,40.56,38.56,32.7,Moderate
38.24,100.0,58.8,54.01,20.0,47.5,Moderate
27.88,90.62,5.85,55.11,8.94,24.5,Low
34.99,75.32,13.74,24.81,26.74,27.3,Moderate
32.47,57.16,27.15,33.1,9.32,21.1,Low
25.4,66.63,79.61,66.82,22.63,47.5,Moderate
25.44,59.61,40.61,41.9,22.77,35.2,Moderate
35.23,71.46,27.26,38.01,7.54,21.9,Low
35.31,74.65,10.37,31.82,9.39,13.8,Low
18.62,64.88,76.2,69.51,17.12,38.0,Moderate
30.75,48.18,23.47,60.26,18.43,33.4,Moderate
27.39,100.0,5.73,35.77,12.05,32.9,Moderate
22.83,73.56,42.19,45.71,27.22,35.0,Moderate
29.31,76.85,56.34,64.68,45.13,53.3,High
21.25,63.66,24.97,46.84,14.59,18.6,Low
25.67,46.57,28.4,47.32,26.38,31.3,Moderate
24.01,68.75,17.47,58.12,10.29,16.0,Low
25.5,65.15,10.82,22.79,27.23,28.0,Moderate
27.64,80.64,35.58,43.5,43.24,43.6,Moderate
22.92,83.59,7.16,22.79,11.6,16.3,Low
35.87,81.48,24.76,35.62,11.52,15.1,Low
30.47,84.82,86.36,46.1,21.04,48.0,Moderate
36.97,97.05,61.44,50.83,16.01,58.7,High
27.2,75.85,7.16,43.06,20.58,22.0,Low
25.26,86.49,54.38,14.57,20.71,35.6,Moderate
36.79,77.41,56.63,49.92,14.78,39.0,Moderate
25.11,41.5,13.5,38.38,14.86,29.5,Moderate
27.11,67.68,15.85,36.41,14.59,16.2,Low
31.6,56.98,61.85,31.51,15.6,35.4,Moderate
21.81,73.47,43.4,64.52,32.21,31.7,Moderate
31.56,58.13,17.64,55.31,18.38,13.9,Low
30.92,79.09,4.51,53.73,19.11,17.4,Low
34.35,84.72,46.13,42.77,25.37,38.4,Moderate
32.45,88.05,51.12,55.48,30.31,40.9,Moderate
34.5,94.29,37.51,37.19,43.91,61.9,High
27.45,44.86,48.32,35.83,23.19,32.7,Moderate
23.69,52.01,54.78,37.3,20.77,35.5,Moderate
38.55,100.0,51.57,56.06,36.76,61.7,High
20.37,85.14,36.25,60.23,19.73,35.0,Moderate
20.87,73.37,46.94,70.72,40.82,49.5,Moderate
30.83,70.48,9.79,37.68,8.84,24.3,Low
36.12,69.15,56.23,44.45,31.02,42.3,Moderate
28.95,40.99,26.26,42.74,12.32,22.5,Low
33.0,58.42,54.53,68.65,16.36,31.2,Moderate
18.02,68.32,20.58,66.54,13.23,22.1,Low
25.5,59.26,68.13,76.5,16.24,37.0,Moderate
18.63,61.22,77.9,78.45,16.92,45.1,Moderate
31.9,100.0,9.65,58.8,8.13,37.9,Moderate
20.26,66.23,17.53,42.24,10.58,11.9,Low
21.61,74.17,75.76,65.74,27.02,48.7,Moderate
30.57,73.64,36.11,63.54,14.39,32.9,Moderate
33.31,78.84,34.11,54.66,46.12,50.4,High
27.21,62.84,8.18,50.87,6.53,18.8,Low
30.85,88.7,18.67,32.42,27.39,39.2,Moderate
30.69,76.65,13.92,60.85,21.6,30.7,Moderate
26.92,50.69,37.4,40.61,13.37,19.7,Low
22.53,68.39,58.61,72.2,21.61,44.4,Moderate
30.82,67.42,65.0,56.41,43.73,60.0,High
31.07,66.73,27.1,36.48,15.64,29.2,Moderate
32.47,77.64,22.2,12.87,7.65,15.9,Low
29.56,79.52,68.78,55.81,17.42,37.7,Moderate
22.16,77.75,50.05,33.81,16.89,27.5,Moderate
31.45,75.08,51.99,39.35,47.65,42.8,Moderate
27.99,71.28,41.63,57.21,14.97,34.3,Moderate
25.59,37.73,56.39,31.97,34.46,34.5,Moderate
26.53,81.67,47.38,70.04,17.83,35.8,Moderate
24.55,77.33,7.16,75.31,11.64,22.4,Low
32.44,55.23,32.67,39.19,16.13,30.7,Moderate
20.91,74.21,55.15,72.37,13.81,37.9,Moderate
23.03,79.72,5.14,15.84,17.66,15.3,Low
26.36,87.57,65.45,63.91,22.9,47.9,Moderate
36.07,77.65,35.44,52.73,21.31,31.7,Moderate
33.27,74.82,31.15,92.03,38.45,50.9,High
19.8,84.2,55.97,49.01,18.85,34.5,Moderate
34.76,65.4,77.96,69.22,23.9,46.8,Moderate
34.75,76.18,9.18,35.44,21.72,23.4,Low
22.13,60.68,48.87,46.53,12.99,38.5,Moderate
15.39,86.65,60.63,54.15,13.1,35.8,Moderate
27.64,45.85,13.7,36.97,7.41,20.3,Low
33.61,82.25,29.12,35.69,10.12,21.8,Low
35.96,70.27,40.62,53.24,33.06,40.4,Moderate
23.65,84.48,62.29,43.36,20.29,45.6,Moderate
36.76,58.29,8.53,31.99,14.74,20.7,Low
16.86,71.35,6.02,65.93,18.64,25.8,Moderate
26.16,70.91,74.55,59.35,38.86,51.4,High
25.91,76.51,22.07,56.02,17.44,33.3,Moderate
33.76,54.29,44.65,49.48,12.26,26.1,Moderate
34.49,79.54,30.53,57.21,19.21,29.5,Moderate
32.77,42.31,40.15,46.43,45.71,43.6,Moderate
21.25,59.98,22.25,5.0,10.23,21.7,Low
32.31,46.56,26.95,43.97,34.88,31.4,Moderate
30.55,82.42,5.05,21.75,15.81,20.8,Low
19.64,76.0,11.52,34.53,32.64,32.7,Moderate
17.66,76.84,31.6,56.38,14.09,23.0,Low
33.19,92.1,22.51,70.13,13.19,36.6,Moderate
27.1,65.26,36.73,26.73,7.17,17.9,Low
21.57,79.14,15.37,36.8,12.33,17.7,Low
26.96,70.99,41.2,49.67,12.99,28.3,Moderate
29.82,68.71,45.12,51.52,15.83,32.0,Moderate
27.59,89.6,9.96,39.32,18.48,30.1,Moderate
20.24,100.0,50.02,60.96,11.48,55.9,High
37.43,63.53,32.41,39.78,22.13,27.1,Moderate
33.02,82.51,21.33,39.49,11.85,24.7,Low
26.32,74.79,30.19,51.48,30.36,37.2,Moderate
26.52,74.97,63.87,46.87,34.33,48.3,Moderate
29.8,73.71,36.36,38.86,15.36,27.5,Moderate
22.35,65.0,17.53,40.14,10.82,16.2,Low
29.61,25.0,11.42,30.13,14.55,20.0,Low
21.35,93.02,37.97,33.62,29.54,46.3,Moderate
27.65,59.58,24.49,27.15,23.55,30.6,Moderate
22.16,66.38,48.63,51.37,49.43,55.4,High
22.41,66.7,28.31,65.46,13.65,30.2,Moderate
36.23,58.24,21.87,48.54,12.18,26.2,Moderate
28.3,73.6,35.81,33.25,30.54,32.8,Moderate
29.04,69.34,26.57,67.52,16.58,30.1,Moderate
17.94,59.25,30.86,38.28,10.56,26.3,Moderate
25.01,72.24,3.56,60.05,10.74,20.9,Low
30.31,69.5,7.71,36.59,15.62,16.9,Low
28.97,83.92,31.7,50.09,43.57,44.4,Moderate
17.23,49.89,22.17,37.28,38.62,39.9,Moderate
29.04,57.92,29.02,40.68,28.56,30.7,Moderate
29.83,80.88,19.45,62.54,14.65,27.1,Moderate
34.42,60.4,4.94,34.04,10.34,21.0,Low
24.72,56.45,38.5,62.62,44.5,45.0,Moderate
16.79,61.15,39.74,49.62,14.96,33.1,Moderate
23.02,68.49,35.51,45.69,31.87,33.6,Moderate
22.51,68.54,18.55,50.85,20.22,32.3,Moderate
31.68,66.85,35.32,45.59,13.58,26.8,Moderate
15.0,54.57,29.41,33.48,22.65,21.2,Low
25.76,81.6,31.62,34.69,21.22,25.3,Moderate
35.13,89.89,15.82,49.22,6.95,23.7,Low
28.04,41.34,20.16,8.91,11.61,15.2,Low
32.48,46.7,31.76,51.76,19.49,33.7,Moderate
19.79,85.04,40.73,27.69,20.2,34.9,Moderate
19.99,93.55,58.53,58.11,17.02,43.9,Moderate
35.19,38.06,79.08,82.76,24.82,53.3,High
28.51,82.23,33.46,33.45,13.75,26.1,Moderate
28.52,94.57,32.53,54.24,15.7,37.3,Moderate
22.41,57.06,64.89,74.58,45.24,56.1,High
28.5,93.7,73.7,52.16,42.51,65.7,High
22.27,67.33,19.32,32.06,7.73,13.5,Low
33.93,74.72,15.27,45.97,15.59,27.2,Moderate
41.64,59.21,66.44,77.0,33.1,48.4,Moderate
30.42,85.02,35.78,81.76,15.9,34.9,Moderate
24.83,82.52,71.0,48.74,22.35,45.0,Moderate
15.33,95.87,41.54,59.25,13.28,45.0,Moderate
19.58,91.61,8.13,30.64,6.41,26.8,Moderate
35.77,69.86,27.42,27.66,15.95,26.2,Moderate
22.85,100.0,76.31,58.2,16.72,53.8,High
26.15,90.26,65.47,54.45,24.53,49.7,Moderate
31.28,78.11,81.25,64.73,26.07,38.5,Moderate
35.41,55.04,18.07,47.6,20.19,26.9,Moderate
27.0,47.05,24.16,46.95,9.34,21.5,Low
25.98,48.32,7.2,55.74,6.97,15.9,Low
28.36,56.0,24.1,71.61,51.61,47.2,Moderate
24.86,90.66,57.16,55.24,20.34,50.4,High
25.13,77.31,78.56,55.11,29.73,42.8,Moderate
30.06,60.8,20.33,39.12,16.29,29.3,Moderate
28.93,67.96,30.89,42.36,15.56,19.9,Low
38.66,66.13,20.81,33.41,16.19,21.5,Low
30.19,82.0,38.08,25.85,11.74,15.6,Low
33.76,56.82,30.27,25.38,15.54,19.6,Low
22.64,75.25,3.51,46.49,24.99,27.7,Moderate
30.63,74.5,55.51,65.68,20.47,39.6,Moderate
24.39,57.27,17.75,46.09,39.48,37.1,Moderate
29.98,93.82,60.52,52.55,26.06,50.7,High
31.44,65.57,58.69,47.97,15.02,42.0,Moderate
28.25,55.11,12.43,18.76,19.31,19.6,Low
40.04,82.79,72.93,50.75,35.74,63.2,High
35.14,70.82,58.32,44.43,17.49,39.7,Moderate
33.89,76.13,81.68,42.37,25.9,41.2,Moderate
31.82,52.23,23.99,46.66,9.3,18.7,Low
36.82,82.19,4.63,25.54,14.42,25.6,Moderate
20.82,100.0,56.95,55.54,17.92,47.0,Moderate
34.85,51.06,56.89,32.72,12.41,33.1,Moderate
23.04,75.31,57.92,64.08,19.1,37.4,Moderate
25.18,58.22,73.72,67.24,26.59,35.9,Moderate
30.81,100.0,11.07,31.17,42.67,49.3,Moderate
34.17,88.59,16.49,61.37,26.94,39.6,Moderate
22.23,74.23,6.05,35.9,31.69,27.6,Moderate
25.44,51.58,50.56,54.73,33.71,40.0,Moderate
28.49,55.21,66.16,34.73,28.08,33.8,Moderate
27.07,81.19,34.45,35.32,14.74,26.4,Moderate
32.27,49.56,52.15,43.49,23.0,40.8,Moderate
42.0,50.03,47.89,63.49,14.74,37.8,Moderate
30.1,70.13,12.37,53.79,18.8,30.6,Moderate
24.32,72.0,19.12,33.14,18.09,22.9,Low
21.52,75.7,3.46,38.76,12.6,22.7,Low
26.37,63.41,87.22,78.38,25.9,44.0,Moderate
23.3,83.8,19.54,36.74,13.66,27.5,Moderate
30.34,57.07,14.0,17.97,18.74,26.2,Moderate
30.26,79.4,48.75,62.73,24.01,41.8,Moderate
25.68,73.21,69.7,65.77,39.57,46.8,Moderate
37.92,79.01,13.53,44.1,35.08,31.4,Moderate
24.32,87.73,67.37,72.97,25.55,49.4,Moderate
27.4,63.17,51.47,68.64,19.19,32.4,Moderate
31.2,60.08,16.16,49.97,13.8,21.2,Low
32.46,44.67,46.97,33.87,12.11,24.6,Low
34.39,39.71,38.3,25.71,12.73,21.1,Low
30.14,67.36,53.34,58.93,30.29,39.0,Moderate
33.25,68.39,8.95,39.11,20.39,28.0,Moderate
24.67,53.71,29.65,47.48,16.09,25.5,Moderate
32.59,56.93,39.47,74.18,35.55,39.2,Moderate
32.52,92.85,40.09,62.79,20.2,43.6,Moderate
35.56,83.14,20.35,39.36,20.58,27.1,Moderate
19.66,51.08,20.35,31.08,9.97,10.4,Low
23.46,63.36,73.58,70.43,31.64,48.1,Moderate
32.12,76.09,51.61,60.0,12.88,37.1,Moderate
15.0,60.6,60.36,52.9,21.14,36.3,Moderate
30.46,57.87,10.05,5.0,9.93,10.7,Low
33.3,64.93,33.2,32.24,18.78,28.9,Moderate
25.12,86.36,58.14,68.06,50.67,61.3,High
25.85,87.72,7.27,18.16,8.61,15.2,Low
22.63,58.97,60.78,64.96,27.46,45.9,Moderate
25.39,76.91,61.11,63.04,29.33,44.7,Moderate
25.54,69.9,24.2,28.6,22.87,20.0,Low
24.59,54.88,12.31,52.81,14.37,23.9,Low
24.31,65.54,74.63,59.93,17.09,40.5,Moderate
26.64,51.04,13.76,37.59,17.46,14.9,Low
26.58,87.45,30.86,28.56,13.48,19.6,Low
37.37,93.29,38.49,67.94,23.57,45.6,Moderate
26.03,63.84,37.25,30.15,12.98,33.8,Moderate
29.72,60.26,49.81,34.38,23.61,43.0,Moderate
25.12,85.82,76.32,63.83,42.26,67.3,High
25.05,88.24,65.28,43.14,16.65,38.7,Moderate
19.48,53.28,18.11,72.36,22.46,28.3,Moderate
20.14,67.78,42.73,35.14,17.94,23.7,Low
21.97,69.12,50.15,64.45,28.67,36.9,Moderate
28.92,58.44,76.42,86.39,20.67,48.3,Moderate
33.38,75.79,4.74,47.4,5.93,22.3,Low
19.07,59.5,11.06,27.54,11.21,15.2,Low
25.25,61.9,24.27,48.64,23.21,27.8,Moderate
21.17,68.48,59.61,76.19,21.94,37.9,Moderate
26.68,47.66,85.15,42.32,16.73,36.9,Moderate
33.38,39.15,44.82,67.15,24.19,33.7,Moderate
25.77,83.77,35.86,54.92,16.62,27.7,Moderate
27.76,58.9,12.21,67.62,14.53,25.6,Moderate
35.28,100.0,48.82,58.51,22.3,50.7,High
30.29,99.58,34.73,49.44,35.77,55.3,High
24.2,62.4,1.03,45.62,7.05,14.5,Low
28.79,100.0,9.81,19.83,12.24,24.6,Low
23.86,84.06,80.69,51.01,34.44,47.8,Moderate
30.1,60.32,55.63,55.51,39.93,48.8,Moderate
30.58,31.27,44.68,42.78,32.82,33.6,Moderate
21.16,80.32,26.16,34.98,10.01,21.2,Low
28.88,70.47,29.69,75.96,18.2,29.9,Moderate
27.41,76.47,70.03,86.42,22.95,47.6,Moderate
30.72,66.57,28.11,6.72,7.47,8.1,Low
32.16,52.84,23.05,43.67,17.27,21.6,Low
30.39,63.59,42.95,32.16,13.39,31.9,Moderate
26.48,80.6,17.05,58.23,12.52,26.0,Moderate
32.67,64.68,60.71,59.59,74.77,75.5,Critical
23.63,64.59,9.04,60.14,13.32,22.5,Low
21.4,47.21,73.86,47.93,28.42,38.3,Moderate
15.0,71.37,50.89,38.56,15.06,26.6,Moderate
27.65,53.32,88.26,62.61,20.1,41.4,Moderate
23.89,83.78,14.71,31.19,10.69,18.6,Low
29.99,58.99,23.98,42.01,14.6,28.6,Moderate
18.14,65.56,84.44,82.36,29.58,51.8,High
24.76,100.0,31.11,52.9,20.98,42.7,Moderate
30.35,65.4,12.92,35.08,13.66,16.8,Low
22.85,63.39,13.16,40.41,6.11,17.3,Low
30.05,78.78,30.29,21.86,27.64,24.4,Low
25.21,43.22,64.8,28.39,13.01,32.9,Moderate
27.84,88.76,32.05,64.38,28.28,51.3,High
30.98,84.91,48.39,40.52,20.72,33.9,Moderate
32.76,77.87,12.11,60.75,23.41,32.1,Moderate
28.46,25.0,29.57,40.75,34.05,38.9,Moderate
23.93,66.11,58.77,57.58,37.1,43.7,Moderate
25.71,50.91,4.65,49.09,15.77,19.0,Low
31.18,86.86,43.68,64.5,28.42,45.4,Moderate
22.89,85.79,18.19,33.65,14.65,28.0,Moderate
27.11,75.82,91.64,68.14,26.12,56.1,High
26.07,51.95,33.24,46.36,16.24,25.8,Moderate
27.48,92.41,73.73,66.48,36.47,57.0,High
22.95,66.07,38.19,51.26,24.64,27.4,Moderate
18.74,97.08,67.92,47.82,28.21,54.5,High
30.6,73.98,42.2,52.01,16.97,29.9,Moderate
32.82,77.6,26.86,22.45,25.47,33.1,Moderate
19.04,63.1,70.71,59.79,34.04,41.7,Moderate
29.84,91.1,13.57,41.53,7.43,26.0,Moderate
33.42,79.13,52.58,38.69,46.96,55.9,High
30.98,91.64,9.5,34.09,11.2,29.0,Moderate
25.92,72.66,21.03,34.66,21.69,21.5,Low
23.28,69.29,22.39,35.42,10.49,20.5,Low
28.4,78.93,41.65,60.94,17.76,32.8,Moderate
29.24,91.64,10.17,45.5,31.78,47.1,Moderate
28.48,85.25,20.59,56.63,11.72,31.2,Moderate
27.1,72.07,58.48,86.64,28.11,48.0,Moderate
22.59,42.14,53.38,70.14,21.4,40.0,Moderate
30.11,82.16,15.86,17.51,5.22,14.5,Low
30.35,48.42,53.54,43.91,27.66,34.6,Moderate
29.0,70.53,39.66,69.01,32.82,45.6,Moderate
28.55,68.26,58.67,49.61,22.03,34.3,Moderate
36.4,48.73,25.86,37.13,26.63,31.3,Moderate
24.88,75.59,61.46,61.52,20.6,41.7,Moderate
34.41,100.0,16.29,36.43,12.86,32.2,Moderate
24.33,65.31,54.8,79.82,34.44,47.7,Moderate
33.54,81.49,17.11,38.57,13.36,28.7,Moderate
34.17,100.0,11.45,75.18,33.39,60.4,High
26.53,82.94,10.35,30.22,37.22,37.4,Moderate
36.3,60.33,37.75,38.36,17.89,27.0,Moderate
30.35,73.56,1.39,22.96,20.42,18.3,Low
23.61,77.21,14.51,28.27,32.12,27.8,Moderate
26.13,91.51,33.84,57.7,11.31,36.0,Moderate
33.66,88.21,56.51,34.62,16.89,43.5,Moderate
32.62,28.45,87.57,50.58,30.0,44.3,Moderate
22.71,57.16,20.56,49.99,21.23,22.6,Low
27.3,68.95,51.3,20.41,24.49,36.2,Moderate
29.02,54.77,58.0,33.21,19.86,30.9,Moderate
25.46,25.0,22.51,42.1,16.4,18.7,Low
39.79,59.12,22.7,49.07,27.55,32.2,Moderate
29.17,69.95,4.72,31.61,20.75,20.2,Low
27.69,62.12,23.78,49.86,7.39,20.2,Low
33.95,55.05,22.01,29.79,24.09,28.4,Moderate
26.17,70.62,36.23,70.39,20.31,35.8,Moderate
33.04,75.15,67.28,72.21,27.93,48.2,Moderate
19.66,62.97,6.01,24.89,4.19,10.7,Low
25.73,90.58,31.52,43.21,23.78,33.2,Moderate
33.25,70.87,34.48,17.6,7.08,17.6,Low
35.85,56.93,52.04,67.16,33.6,39.8,Moderate
24.13,53.13,39.25,29.55,26.38,28.6,Moderate
23.55,66.81,70.24,51.51,17.18,33.9,Moderate
30.84,86.7,67.68,54.29,18.69,45.9,Moderate
24.88,57.64,37.9,27.62,15.82,17.4,Low
26.66,78.94,51.12,40.4,19.45,31.8,Moderate
32.38,71.42,17.29,46.64,21.69,26.8,Moderate
25.28,99.9,14.15,32.48,8.81,36.4,Moderate
18.17,75.85,4.32,49.59,13.17,20.1,Low
21.49,59.53,40.54,60.31,29.87,41.3,Moderate
28.05,81.05,35.69,34.76,8.51,22.9,Low
18.68,81.55,65.94,51.28,32.23,53.7,High
26.51,64.04,46.91,44.62,13.9,26.6,Moderate
21.04,52.54,56.06,48.56,33.07,51.7,High
36.2,78.04,46.52,73.41,16.66,32.9,Moderate
38.83,70.95,5.09,39.65,9.12,18.7,Low
22.71,47.25,15.5,15.53,13.32,21.8,Low
29.28,73.82,19.09,31.86,17.21,21.9,Low
23.2,60.45,58.03,48.38,20.25,34.9,Moderate
26.45,47.27,49.07,58.53,17.52,27.2,Moderate
37.02,64.72,23.1,70.12,26.52,48.6,Moderate
25.67,89.24,54.47,65.87,16.52,42.6,Moderate
26.57,88.12,68.91,57.59,30.44,58.7,High
23.29,84.2,17.4,28.33,11.88,19.4,Low
33.73,74.04,58.19,76.68,29.87,40.7,Moderate
15.0,78.94,58.35,50.97,15.34,30.9,Moderate
25.79,71.48,56.13,33.34,21.34,34.3,Moderate
27.77,53.42,54.16,59.32,14.93,33.1,Moderate
24.69,56.42,12.55,20.86,10.84,12.3,Low
32.32,60.89,36.22,57.57,23.96,32.5,Moderate
34.01,91.02,74.3,55.1,22.4,51.9,High
20.94,86.15,19.1,37.1,34.37,36.5,Moderate
38.47,53.8,23.31,5.0,10.37,12.5,Low
20.88,70.8,73.6,76.92,31.49,46.4,Moderate
34.44,63.96,46.36,33.54,13.22,29.3,Moderate
28.75,67.67,69.64,48.54,41.15,45.9,Moderate
25.48,61.96,53.48,56.58,34.11,43.1,Moderate
25.95,91.09,56.53,52.6,23.64,50.1,High
27.83,69.72,60.88,90.75,25.77,49.0,Moderate
29.04,73.24,29.7,19.52,14.46,16.9,Low
23.4,73.36,68.95,53.39,28.33,47.3,Moderate
26.83,54.58,73.64,72.57,35.2,53.6,High
24.15,71.63,69.99,52.85,15.28,38.8,Moderate
21.92,85.93,28.37,44.88,20.26,33.7,Moderate
23.91,92.09,39.19,87.49,12.9,45.7,Moderate
22.25,52.78,55.1,55.27,26.11,41.6,Moderate
25.9,47.22,1.76,56.63,18.63,32.8,Moderate
30.16,70.93,41.97,59.43,12.63,22.5,Low
28.6,86.64,48.98,63.2,15.16,40.7,Moderate
37.87,75.39,38.92,45.65,16.48,32.0,Moderate
16.95,80.2,32.11,21.8,10.59,21.7,Low
30.35,49.6,35.7,63.81,11.53,31.2,Moderate
28.03,61.42,34.22,55.33,13.13,30.8,Moderate
32.08,37.06,45.82,59.07,30.17,41.2,Moderate
31.58,67.86,6.15,34.9,17.83,20.3,Low
27.18,37.54,3.16,26.38,14.92,7.4,Low
28.86,89.99,25.09,63.62,19.96,48.4,Moderate
24.28,93.32,88.74,70.96,24.45,51.2,High
31.07,72.11,31.12,18.46,8.06,20.4,Low
18.61,47.31,70.63,58.92,23.35,42.9,Moderate
31.88,75.64,34.64,42.57,8.86,17.9,Low
27.88,97.89,50.9,13.42,16.0,50.8,High
25.56,77.14,29.02,33.94,11.51,25.9,Moderate
26.84,87.77,46.79,90.32,17.22,46.6,Moderate
27.2,62.72,47.33,16.17,23.57,25.2,Moderate
34.49,56.93,10.17,21.25,11.06,21.2,Low
42.0,68.94,33.74,10.31,52.64,51.2,High
34.1,41.1,19.95,18.24,19.26,21.8,Low
25.17,100.0,28.71,17.47,27.33,53.7,High
31.15,72.09,7.38,19.82,23.83,23.6,Low
31.37,83.0,32.93,72.26,18.17,37.6,Moderate
23.37,63.08,48.57,65.59,22.75,37.8,Moderate
21.7,46.85,52.74,49.57,20.84,37.6,Moderate
27.68,91.39,44.13,75.55,14.56,46.1,Moderate
32.04,53.14,43.29,43.01,30.2,35.3,Moderate
19.94,75.23,51.35,38.64,17.67,27.1,Moderate
24.4,76.65,31.04,39.37,13.65,24.0,Low
30.86,71.11,45.24,27.08,11.83,27.5,Moderate
28.21,58.23,24.39,15.25,36.74,32.3,Moderate
35.08,67.76,97.75,79.11,28.45,50.9,High
20.94,55.75,32.09,51.21,22.04,31.0,Moderate
39.76,82.14,48.14,32.54,17.06,26.8,Moderate
20.31,78.57,33.9,53.87,18.85,28.8,Moderate
17.85,69.68,50.02,60.12,15.94,26.1,Moderate
27.71,61.47,18.13,32.28,10.25,18.5,Low
22.33,100.0,8.94,23.84,9.3,34.8,Moderate
27.81,50.47,74.81,73.06,42.59,56.8,High
27.63,46.83,39.5,55.54,38.86,45.2,Moderate
27.02,68.77,12.1,65.33,20.72,29.4,Moderate
23.79,66.13,27.96,51.33,21.16,32.1,Moderate
30.16,86.46,35.59,20.87,12.27,29.9,Moderate
26.41,79.69,6.95,14.45,18.74,21.2,Low
33.52,70.44,12.47,36.1,18.53,27.5,Moderate
27.1,77.51,5.12,48.93,19.04,17.4,Low
23.18,77.23,28.28,49.71,10.25,26.8,Moderate
19.56,100.0,65.4,48.64,46.11,69.9,High
27.14,73.8,12.42,14.11,11.78,13.3,Low
21.65,59.78,5.35,58.91,12.12,12.8,Low
21.25,72.98,3.87,57.67,14.79,15.8,Low
30.64,30.72,50.06,31.41,14.62,24.3,Low
19.11,69.51,12.24,49.25,15.97,19.9,Low
35.06,86.39,29.58,49.18,19.51,39.0,Moderate
28.8,79.03,69.39,69.55,30.98,51.7,High
27.78,74.48,34.47,69.83,14.78,36.9,Moderate
22.83,79.74,45.24,72.21,18.18,35.4,Moderate
31.82,86.55,14.52,47.68,13.79,30.7,Moderate
27.99,91.38,42.61,46.26,15.28,32.7,Moderate
24.57,76.71,8.64,33.53,32.85,40.3,Moderate
29.0,65.26,52.54,50.11,19.05,41.2,Moderate
19.59,35.3,41.44,90.45,35.62,43.8,Moderate
19.82,84.67,79.1,63.36,28.77,58.9,High
22.4,77.73,78.49,74.17,32.36,47.7,Moderate
29.75,72.29,18.34,47.66,11.51,19.0,Low
27.98,59.68,1.7,20.75,21.91,19.7,Low
33.24,84.48,24.02,50.57,18.01,28.0,Moderate
23.4,66.14,29.11,35.26,10.51,23.6,Low
30.87,69.48,10.07,24.33,7.48,18.1,Low
27.43,69.16,66.7,67.26,15.27,32.0,Moderate
23.28,76.75,40.36,30.16,23.17,31.6,Moderate
29.93,52.77,21.39,55.65,15.36,21.3,Low
27.67,78.44,21.09,50.94,21.18,30.2,Moderate
24.85,59.19,11.93,58.15,28.71,33.3,Moderate
28.21,59.71,4.68,43.84,6.3,11.8,Low
27.35,83.28,48.85,37.76,16.97,32.6,Moderate
27.23,55.07,36.07,64.34,12.28,28.5,Moderate
25.94,83.25,26.79,61.86,14.87,28.2,Moderate
21.48,71.52,71.99,73.6,17.93,34.9,Moderate
28.37,45.28,29.94,56.48,37.48,43.8,Moderate
23.99,90.47,19.7,19.72,11.67,29.8,Moderate
22.9,74.65,65.31,70.7,47.89,61.2,High
26.8,75.91,32.12,27.5,20.7,23.4,Low
31.67,85.11,66.55,48.97,26.87,45.7,Moderate
28.93,92.49,79.17,50.24,18.56,44.1,Moderate
25.34,73.02,28.59,21.48,11.5,28.1,Moderate
25.14,79.26,32.92,49.18,16.02,22.9,Low
31.18,75.57,54.73,53.69,26.08,44.8,Moderate
16.02,64.86,28.57,64.92,9.84,22.3,Low
31.99,46.25,33.48,64.8,11.94,28.2,Moderate
18.63,73.22,26.93,47.08,20.75,28.2,Moderate
20.92,90.68,33.63,58.59,11.28,34.4,Moderate
25.43,78.75,65.19,56.25,25.29,43.8,Moderate
38.85,53.99,22.96,41.38,34.6,33.1,Moderate
36.39,86.46,17.29,42.94,11.21,19.8,Low
31.53,65.36,15.06,38.01,23.48,25.9,Moderate
29.78,38.62,23.29,46.33,19.01,30.3,Moderate
18.69,85.27,10.6,48.66,8.78,23.3,Low
28.78,55.82,58.39,37.14,10.94,24.0,Low
25.25,96.71,38.97,42.52,17.67,54.6,High
23.92,87.22,26.71,55.99,37.75,47.5,Moderate
28.77,66.58,33.29,38.34,18.52,24.2,Low
25.64,76.89,2.08,27.73,27.76,33.8,Moderate
32.35,100.0,54.47,69.3,48.21,66.0,High
18.32,85.0,20.65,31.13,18.1,24.4,Low
28.38,73.57,54.79,60.68,30.9,48.0,Moderate
23.6,100.0,53.94,56.13,14.09,45.8,Moderate
25.95,71.76,6.52,50.6,22.16,29.1,Moderate
29.52,78.73,33.54,45.75,30.1,39.9,Moderate
22.41,55.96,69.32,47.4,20.38,46.0,Moderate
28.82,44.88,12.2,29.49,13.04,21.5,Low
26.94,65.68,27.85,69.59,33.66,38.9,Moderate
24.7,70.58,27.52,36.63,13.05,19.9,Low
25.65,74.94,59.02,46.67,24.19,34.2,Moderate
27.23,48.7,70.59,52.78,23.78,36.2,Moderate
24.16,79.91,12.96,35.48,37.78,36.7,Moderate
28.04,57.54,2.45,29.74,20.29,13.1,Low
26.61,79.13,40.58,57.67,18.63,33.5,Moderate
24.94,84.02,33.03,48.08,19.08,25.7,Moderate
35.95,64.07,20.11,33.19,6.21,17.2,Low
30.08,55.54,58.88,66.45,37.35,46.8,Moderate
26.09,93.15,15.93,44.8,20.39,40.1,Moderate
28.73,83.09,29.7,65.3,16.53,22.2,Low
22.87,72.28,55.5,59.17,26.57,44.8,Moderate
25.82,92.03,26.08,42.21,24.11,40.8,Moderate
26.4,71.25,34.58,44.05,19.88,28.0,Moderate
21.77,60.69,68.75,61.24,25.79,45.4,Moderate
29.94,54.97,58.94,61.13,14.02,35.4,Moderate
25.47,68.38,4.38,36.5,19.01,15.8,Low
26.22,81.58,12.69,32.83,19.91,25.5,Moderate
25.16,90.85,6.17,46.56,27.69,41.2,Moderate
42.0,70.35,32.7,52.94,28.33,29.7,Moderate
24.69,88.2,32.72,46.73,15.39,35.1,Moderate
17.66,66.79,21.92,52.7,20.6,33.5,Moderate
20.0,58.28,75.17,60.17,27.57,46.3,Moderate
31.8,50.41,26.12,44.32,24.78,28.3,Moderate
34.68,62.41,60.25,65.56,20.6,33.5,Moderate
24.59,50.97,22.84,55.01,22.32,25.3,Moderate
34.39,100.0,60.54,65.99,35.85,64.5,High
31.71,76.59,45.72,39.54,20.31,35.1,Moderate
27.05,68.57,21.87,48.29,17.89,28.7,Moderate
26.7,95.83,37.46,48.76,12.94,39.0,Moderate
28.9,50.47,27.9,50.64,26.3,29.3,Moderate
32.39,67.94,14.63,67.47,16.89,24.8,Low
29.99,100.0,41.91,46.51,17.03,51.8,High
24.62,67.84,46.25,51.52,20.95,28.0,Moderate
27.13,100.0,18.91,33.18,10.35,36.0,Moderate
37.91,81.78,49.31,49.38,29.8,39.7,Moderate
29.26,89.59,69.5,49.16,28.93,54.9,High
32.35,90.02,20.82,26.19,16.59,29.7,Moderate
30.7,70.02,21.73,13.27,11.38,11.6,Low
29.37,62.68,84.45,54.13,27.19,52.8,High
28.54,68.27,55.66,45.08,23.26,37.3,Moderate
32.49,55.2,43.07,49.19,38.53,43.9,Moderate
31.59,69.01,19.11,33.6,35.44,28.5,Moderate
29.32,69.93,23.26,58.63,14.08,24.5,Low
24.53,95.34,34.86,50.6,15.4,38.3,Moderate
29.93,78.9,77.96,73.42,37.8,54.9,High
27.66,100.0,17.88,56.0,13.42,33.5,Moderate
26.46,37.61,53.46,74.52,30.64,44.5,Moderate
41.39,51.74,30.29,60.2,25.52,37.3,Moderate
20.3,64.67,91.73,53.85,22.28,42.8,Moderate
32.79,92.39,18.87,54.49,19.3,39.3,Moderate
23.69,68.36,33.82,51.64,11.33,21.1,Low
28.66,47.98,41.38,69.68,25.65,44.6,Moderate
40.84,66.32,26.65,44.72,21.15,24.5,Low
23.19,52.04,72.2,77.44,26.76,46.0,Moderate
24.38,49.1,0.86,36.8,11.26,11.6,Low
27.91,99.98,8.65,40.13,28.9,42.3,Moderate
23.76,64.73,30.86,55.79,13.16,32.6,Moderate
32.42,72.6,6.02,32.39,17.21,25.8,Moderate
25.33,68.61,50.9,61.1,19.51,33.7,Moderate
31.27,66.23,27.91,21.99,13.59,34.3,Moderate
21.35,57.39,54.47,61.32,27.83,45.7,Moderate
18.97,65.34,24.0,24.32,35.45,37.7,Moderate
26.86,75.06,35.81,55.85,9.87,25.9,Moderate
20.16,91.28,7.26,5.0,12.48,27.5,Moderate
35.59,84.21,13.47,12.49,24.68,27.4,Moderate
20.35,51.71,20.3,42.9,10.42,15.8,Low
22.81,84.83,78.4,63.5,43.78,61.6,High
30.07,77.13,4.66,32.84,5.95,11.2,Low
25.07,60.63,18.68,52.38,14.28,18.8,Low
20.41,72.73,65.4,71.88,17.69,43.7,Moderate
38.2,78.58,32.28,84.26,16.71,34.7,Moderate
22.99,70.71,63.99,58.06,38.82,49.9,Moderate
27.02,77.2,68.73,74.57,18.35,48.5,Moderate
26.95,57.06,1.19,22.99,13.83,15.4,Low
31.55,99.89,49.97,44.29,15.96,52.8,High
30.31,41.06,64.19,45.15,27.33,35.7,Moderate
23.87,78.67,17.85,39.59,15.5,19.9,Low
26.37,75.5,69.93,62.82,23.65,43.1,Moderate
26.87,79.64,27.74,60.34,13.83,27.9,Moderate
31.74,59.37,31.76,51.3,34.67,40.3,Moderate
22.16,87.54,57.77,75.27,27.2,55.2,High
38.09,68.38,13.38,59.98,19.84,42.1,Moderate
24.2,52.21,62.4,57.44,28.95,36.5,Moderate
27.96,53.58,11.43,37.44,10.76,14.9,Low
22.2,71.87,65.13,34.92,31.3,43.8,Moderate
21.51,46.05,62.22,48.63,26.13,47.3,Moderate
23.63,97.01,11.28,26.81,19.43,35.4,Moderate
23.15,85.73,20.02,30.52,4.99,20.3,Low
25.93,97.4,32.76,40.11,16.63,40.1,Moderate
23.11,95.82,68.13,66.74,21.85,57.8,High
31.48,64.72,79.86,67.3,28.1,48.2,Moderate
24.09,56.96,5.7,51.82,30.14,33.8,Moderate
23.53,29.83,42.39,55.61,16.09,34.3,Moderate
26.04,63.91,63.89,48.49,24.59,38.1,Moderate
32.96,96.48,12.64,50.78,21.21,44.9,Moderate
29.07,57.58,55.81,33.97,21.18,30.1,Moderate
27.5,66.85,63.84,72.0,20.81,42.0,Moderate
20.83,61.68,15.97,29.1,7.45,12.6,Low
22.29,75.62,66.65,23.89,17.74,25.8,Moderate
21.61,89.29,6.46,45.43,11.75,30.6,Moderate
34.53,46.91,41.19,44.78,20.43,26.7,Moderate
30.65,49.78,40.71,66.87,36.37,41.2,Moderate
23.69,92.3,31.77,60.56,17.5,39.6,Moderate
25.18,81.0,39.22,33.93,9.61,31.6,Moderate
23.87,66.11,6.61,60.16,17.42,31.0,Moderate
23.57,95.61,69.26,30.98,11.93,37.2,Moderate
30.3,49.52,32.27,53.27,9.6,18.6,Low
26.56,83.97,35.0,68.62,14.08,41.4,Moderate
38.41,68.98,35.62,32.23,11.69,31.7,Moderate
34.25,79.1,10.81,70.46,15.17,28.1,Moderate
34.55,34.19,67.63,61.1,30.2,45.3,Moderate
31.36,66.09,12.31,44.9,11.8,19.6,Low
25.89,81.05,37.67,65.8,21.1,35.1,Moderate
30.99,69.05,31.24,52.21,27.85,30.3,Moderate
26.26,88.83,49.15,32.33,47.43,59.3,High
36.15,88.33,36.62,5.0,10.52,21.8,Low
30.02,55.62,18.05,26.68,11.66,20.3,Low
29.31,82.36,7.79,24.42,14.79,20.1,Low
28.64,55.11,1.8,21.4,12.89,18.4,Low
36.7,70.81,5.25,27.35,12.56,13.4,Low
20.83,79.84,51.73,10.39,14.06,19.9,Low
37.19,57.47,65.18,39.94,13.4,27.3,Moderate
27.07,81.8,10.35,46.82,14.84,23.6,Low
20.97,62.42,10.19,54.2,12.3,20.4,Low
24.24,61.29,43.18,39.18,16.16,23.1,Low
19.75,80.6,45.97,61.45,22.27,35.3,Moderate
31.27,57.46,39.6,10.02,31.58,32.5,Moderate
22.81,56.7,41.51,53.58,12.63,30.6,Moderate
28.84,85.62,36.01,65.38,18.33,37.6,Moderate
33.67,71.63,56.61,62.55,14.98,37.4,Moderate
24.64,48.19,56.56,54.4,31.98,43.1,Moderate
26.66,82.83,85.66,26.72,31.73,48.6,Moderate
21.48,63.9,20.4,70.5,34.91,42.0,Moderate
26.06,48.95,6.42,66.36,20.15,21.7,Low
40.87,32.39,13.2,50.13,5.93,23.4,Low
31.89,83.55,21.42,62.48,20.63,34.0,Moderate
26.68,57.1,55.79,54.56,50.76,54.4,High
24.94,51.34,47.8,63.15,18.2,35.0,Moderate
27.79,79.59,18.66,54.12,12.36,28.2,Moderate
28.65,82.09,1.99,34.75,9.93,18.8,Low
25.9,58.19,46.27,38.79,24.35,36.4,Moderate
30.65,83.69,8.16,50.98,9.89,22.7,Low
23.23,100.0,61.15,84.58,34.09,63.8,High
23.21,90.2,49.49,70.95,12.71,31.5,Moderate
29.85,87.87,37.64,53.29,36.05,52.3,High
22.16,74.71,4.79,40.64,11.42,21.7,Low
31.65,63.34,40.71,54.07,27.81,32.6,Moderate
27.93,69.16,16.56,6.52,9.51,8.1,Low
18.86,76.61,54.59,52.51,17.02,29.3,Moderate
28.55,51.14,19.59,38.62,14.23,18.8,Low
19.57,58.46,0.21,16.96,19.46,13.3,Low
31.47,48.58,17.68,57.0,13.21,23.4,Low
26.76,73.53,13.89,44.09,21.35,26.7,Moderate
37.26,71.25,33.34,7.41,17.57,22.2,Low
33.36,60.21,38.51,52.0,35.99,39.2,Moderate
22.7,82.31,35.95,66.73,27.66,37.0,Moderate
17.9,54.33,26.12,35.2,8.74,12.8,Low
24.22,59.65,65.83,42.67,20.82,34.0,Moderate
21.89,81.71,2.17,16.42,17.41,20.8,Low
37.13,83.93,9.91,39.97,8.77,13.7,Low
27.95,58.06,56.48,43.88,24.77,36.5,Moderate
32.67,73.48,38.42,26.39,29.25,29.2,Moderate
26.57,58.32,32.1,70.54,15.34,24.7,Low
27.1,67.04,93.96,70.94,32.33,58.3,High
27.84,72.16,37.92,40.41,73.95,68.2,High
33.53,78.41,50.55,77.8,23.31,42.8,Moderate
29.56,74.76,25.52,48.05,21.4,24.5,Low
22.71,74.1,17.51,39.11,17.6,27.0,Moderate
36.11,53.82,11.28,42.22,12.24,21.6,Low
26.54,75.82,34.19,39.04,13.99,33.2,Moderate
25.72,78.27,35.18,45.22,13.82,24.2,Low
15.0,80.33,32.48,55.13,11.46,27.8,Moderate
31.17,59.21,2.97,61.26,10.13,15.3,Low
28.51,83.73,12.08,30.99,26.72,22.6,Low
28.5,50.24,15.59,49.87,31.25,25.2,Moderate
25.99,63.54,58.71,33.43,22.93,35.0,Moderate
25.12,65.87,18.41,49.03,14.62,20.3,Low
26.15,51.06,18.85,68.65,11.14,25.9,Moderate
30.32,65.64,20.9,42.67,19.39,28.4,Moderate
31.2,73.32,6.63,28.66,24.51,24.0,Low
26.84,42.61,26.31,36.23,32.33,26.9,Moderate
32.74,64.08,62.13,64.01,46.85,51.3,High
27.61,43.77,10.09,39.43,9.74,17.0,Low
25.48,100.0,26.73,38.29,36.63,55.8,High
28.99,73.19,19.4,51.59,17.58,27.5,Moderate
21.2,71.89,50.69,39.57,23.31,38.0,Moderate
29.16,73.48,54.8,67.16,24.85,39.9,Moderate
20.29,79.07,58.53,50.76,18.26,36.1,Moderate
22.86,84.67,68.38,68.82,29.36,53.4,High
17.91,46.55,59.97,68.59,16.41,39.8,Moderate
27.12,89.65,42.69,20.8,34.87,45.3,Moderate
36.05,88.69,49.35,51.21,21.59,42.5,Moderate
27.41,69.0,36.01,24.67,6.76,19.8,Low
31.22,68.22,74.61,35.15,61.76,63.0,High
39.76,25.0,63.13,53.58,24.69,37.4,Moderate
30.02,51.34,11.41,43.6,8.97,14.3,Low
24.17,77.78,26.04,20.94,24.7,20.4,Low
24.86,88.01,2.29,39.87,7.97,23.6,Low
28.0,80.93,42.04,36.6,13.87,29.3,Moderate
24.84,68.86,60.91,57.34,20.57,38.9,Moderate
25.21,98.89,44.05,88.36,15.94,54.2,High
32.93,85.08,20.05,37.26,18.41,28.3,Moderate
33.13,64.09,6.2,20.1,7.24,18.9,Low
19.77,100.0,8.27,37.63,9.78,37.2,Moderate
23.91,53.56,89.61,63.51,17.45,50.4,High
25.68,47.92,41.56,44.36,19.98,27.7,Moderate
31.0,63.68,56.89,55.43,18.77,35.1,Moderate
33.72,58.62,16.67,38.06,18.28,23.0,Low
41.51,64.53,20.34,23.55,26.19,32.6,Moderate
25.67,81.97,71.76,72.48,18.01,34.9,Moderate
25.92,69.49,5.81,56.74,36.2,37.8,Moderate
30.94,69.88,16.09,35.05,23.48,27.1,Moderate
24.59,70.88,53.82,59.1,14.83,37.5,Moderate
27.3,35.32,34.02,16.22,8.28,14.4,Low
25.92,47.27,33.89,46.59,27.01,26.6,Moderate
15.0,64.22,33.34,75.52,39.99,54.4,High
28.62,57.36,10.65,50.73,14.0,21.4,Low
27.09,66.52,2.39,38.15,4.39,15.8,Low
34.36,91.06,21.26,41.78,24.24,37.7,Moderate
28.03,68.88,10.14,34.06,32.32,35.0,Moderate
21.73,50.17,35.42,53.69,11.65,28.7,Moderate
26.71,58.1,21.57,57.97,12.01,28.7,Moderate
17.54,95.66,18.9,34.09,16.64,35.0,Moderate
21.95,92.99,2.86,47.27,20.69,40.5,Moderate
31.18,78.94,42.14,37.62,22.17,34.3,Moderate
26.76,46.56,19.77,35.36,7.63,9.4,Low
32.61,74.6,32.79,29.8,15.81,30.2,Moderate
18.17,75.76,45.32,53.27,15.65,33.6,Moderate
26.79,70.38,17.69,42.44,36.88,35.2,Moderate
25.62,61.45,14.15,45.9,18.69,24.0,Low
32.78,64.56,19.62,46.5,10.84,17.0,Low
31.36,60.4,21.78,53.47,12.84,24.3,Low
31.21,52.82,29.48,76.59,14.65,32.2,Moderate
35.71,90.49,75.47,72.41,16.84,51.1,High
26.16,83.23,18.71,11.95,6.84,17.1,Low
34.68,65.73,27.53,40.92,13.65,21.5,Low
22.78,75.28,66.56,57.77,20.34,35.8,Moderate
22.6,75.85,29.56,21.58,18.88,24.8,Low
31.76,100.0,66.8,70.83,22.25,60.9,High
20.48,83.09,92.16,94.09,36.42,62.1,High
30.86,82.52,18.78,28.57,13.04,24.0,Low
28.51,70.57,13.64,58.72,21.21,31.8,Moderate
33.36,63.48,27.13,60.59,13.39,30.4,Moderate
27.7,90.74,36.48,51.88,30.17,45.3,Moderate
28.28,79.78,17.62,53.63,21.3,22.2,Low
30.55,57.56,67.92,47.3,18.23,37.9,Moderate
24.69,76.81,41.79,66.89,20.79,34.7,Moderate
24.47,82.56,31.07,64.86,15.03,32.0,Moderate
30.37,38.56,29.2,52.38,16.71,24.8,Low
27.85,56.16,32.58,50.98,12.85,32.1,Moderate
25.96,75.44,28.39,33.04,30.54,31.8,Moderate
27.59,41.13,33.4,60.88,36.62,48.9,Moderate
35.97,43.51,78.71,62.76,34.66,53.7,High
25.78,65.94,30.47,43.62,13.84,29.1,Moderate
25.64,77.37,31.06,60.03,16.02,29.0,Moderate
19.46,78.07,67.43,54.27,13.72,31.8,Moderate
27.79,93.74,43.83,39.76,12.23,41.1,Moderate
31.28,71.23,6.85,53.71,38.33,38.1,Moderate
32.18,64.41,3.69,13.65,32.84,23.9,Low
28.54,50.39,23.95,54.3,32.18,38.8,Moderate
32.78,64.23,51.05,34.4,35.23,43.5,Moderate
31.66,80.61,15.97,13.43,6.24,6.4,Low
33.56,81.29,13.31,49.51,24.33,32.7,Moderate
32.92,73.97,6.57,42.17,21.29,28.2,Moderate
35.85,78.21,33.7,37.31,26.78,27.0,Moderate
27.15,89.15,75.77,44.18,50.1,73.5,High
21.36,71.13,63.25,62.21,13.88,40.9,Moderate
31.32,90.51,36.89,40.89,9.16,25.5,Moderate
31.9,59.1,67.26,70.41,17.82,38.0,Moderate
35.85,68.9,26.1,35.5,8.87,16.1,Low
34.41,62.79,50.4,46.26,18.51,27.7,Moderate
37.73,81.89,63.53,73.87,27.15,48.7,Moderate
31.1,54.78,43.76,34.9,24.51,33.2,Moderate
29.14,65.17,59.27,33.91,11.76,24.7,Low
21.08,42.1,40.86,35.28,13.57,21.6,Low
29.54,78.92,21.22,46.05,19.53,27.3,Moderate
25.24,88.7,84.23,93.15,27.55,62.7,High
29.06,83.66,16.78,43.16,13.57,22.0,Low
28.27,82.19,52.07,40.15,32.84,43.6,Moderate
30.36,82.59,17.59,28.72,10.62,22.6,Low
27.51,80.5,43.23,56.29,41.7,51.7,High
32.68,79.22,77.23,36.03,16.53,37.4,Moderate
15.0,80.18,65.61,29.74,15.03,32.5,Moderate
28.95,60.16,55.71,57.44,25.58,38.8,Moderate
34.01,67.0,31.89,59.43,15.57,27.2,Moderate
37.35,71.05,22.22,56.42,14.42,26.4,Moderate
31.66,64.96,86.38,70.43,21.86,46.8,Moderate
36.42,46.51,13.13,57.55,19.3,27.6,Moderate
28.84,51.47,35.16,44.47,9.31,19.6,Low
28.01,73.45,10.5,33.0,8.31,18.2,Low
30.65,83.59,8.16,37.08,11.54,15.0,Low
27.98,70.14,55.57,58.88,26.5,43.6,Moderate
24.09,100.0,67.76,100.0,22.54,64.0,High
25.42,56.2,16.18,37.71,43.38,34.2,Moderate
22.44,76.67,21.91,45.36,23.3,25.1,Moderate
30.64,89.37,16.93,66.99,22.22,41.5,Moderate
28.06,85.99,26.22,52.49,17.61,33.8,Moderate
26.2,79.83,35.95,22.39,18.38,26.9,Moderate
25.17,86.05,70.88,85.59,23.88,51.6,High
30.53,70.83,8.13,42.71,21.01,22.9,Low
31.9,94.94,24.44,5.0,23.98,37.3,Moderate
22.35,89.25,26.62,38.21,17.38,33.6,Moderate
21.56,57.22,5.65,26.17,41.28,30.3,Moderate
32.77,74.82,87.98,58.68,21.52,38.4,Moderate
21.12,46.79,33.12,46.06,39.26,38.1,Moderate
30.74,92.83,26.71,55.19,24.47,44.5,Moderate
36.08,73.36,14.54,59.1,14.98,28.2,Moderate
36.1,90.23,35.8,67.08,16.77,32.8,Moderate
31.69,68.36,40.5,73.22,12.31,29.0,Moderate
31.54,42.16,51.9,50.17,33.48,42.7,Moderate
39.26,100.0,51.38,21.64,38.76,59.3,High
16.33,71.97,43.83,12.8,20.0,27.2,Moderate
25.68,55.0,5.67,48.59,10.53,15.6,Low
32.24,87.19,57.68,54.29,15.07,36.8,Moderate
26.31,100.0,24.29,65.96,22.63,51.7,High
34.2,66.96,43.26,57.1,23.4,36.7,Moderate
27.8,68.51,19.92,15.66,13.27,17.5,Low
28.66,73.57,38.93,39.56,18.62,37.4,Moderate
26.63,53.34,12.94,45.95,23.05,31.5,Moderate
25.39,59.64,80.7,46.54,25.56,45.4,Moderate
25.26,96.73,39.97,71.57,21.73,54.7,High
29.36,68.02,36.05,41.01,23.14,34.1,Moderate
24.13,57.44,30.96,41.01,41.05,40.0,Moderate
32.77,63.22,19.96,17.92,7.01,9.7,Low
31.27,86.09,62.45,87.42,24.42,55.0,High
33.5,40.36,29.66,42.45,10.15,21.2,Low
22.36,73.82,27.48,48.98,9.37,26.2,Moderate
19.5,100.0,43.04,38.47,21.33,52.1,High
27.98,100.0,40.63,43.3,27.9,47.2,Moderate
42.0,78.6,56.36,59.34,17.85,38.6,Moderate
34.33,89.75,4.68,43.14,14.84,35.5,Moderate
25.23,89.6,25.2,52.46,21.74,38.0,Moderate
30.12,68.11,60.86,71.47,41.48,54.7,High
31.64,83.87,56.38,65.13,13.83,42.0,Moderate
21.16,96.83,68.11,67.02,27.05,54.0,High
34.85,51.04,22.76,33.1,28.43,21.8,Low
27.16,78.65,47.91,48.38,24.26,35.8,Moderate
27.55,75.42,32.93,28.11,10.06,14.7,Low
28.12,71.55,33.13,39.1,13.54,30.2,Moderate
33.72,70.22,75.99,68.0,24.0,48.7,Moderate
24.22,73.48,8.37,43.95,5.25,20.3,Low
19.47,74.73,59.69,65.83,41.87,52.4,High
29.61,86.78,63.8,79.4,16.28,50.2,High
17.78,77.15,17.95,21.58,9.66,16.9,Low
26.49,67.33,11.47,11.01,14.19,17.4,Low
33.93,57.4,4.43,32.61,7.19,21.5,Low
30.9,62.91,27.33,66.68,15.87,24.0,Low
33.21,73.92,27.03,66.09,34.17,47.6,Moderate
31.1,59.41,11.16,41.88,36.83,26.9,Moderate
40.05,84.19,60.6,51.93,18.39,39.7,Moderate
25.06,76.45,66.42,62.17,21.82,43.4,Moderate
29.99,87.15,7.05,54.27,7.57,22.2,Low
25.81,60.42,13.28,27.96,8.48,16.2,Low
32.78,57.53,75.31,52.8,27.18,45.6,Moderate
27.69,87.04,33.66,48.22,19.66,38.9,Moderate
36.59,71.95,23.4,59.98,25.06,32.4,Moderate
25.35,66.96,32.19,58.8,16.89,26.9,Moderate
35.04,80.48,32.38,16.78,24.02,29.1,Moderate
30.97,79.92,71.87,72.72,28.23,46.9,Moderate
27.84,51.16,1.28,35.23,6.61,12.2,Low
30.71,90.77,63.61,66.81,25.13,51.3,High
29.31,63.84,72.68,57.2,36.72,51.3,High
29.78,95.5,28.61,52.5,8.42,33.7,Moderate
26.97,50.0,60.59,56.91,20.68,35.3,Moderate
24.49,74.76,57.01,46.79,14.99,27.9,Moderate
26.32,67.22,24.58,32.22,18.64,25.4,Moderate
19.58,40.37,85.69,62.12,22.42,40.7,Moderate
32.21,79.87,44.09,31.01,22.23,32.9,Moderate
21.82,41.14,17.84,34.6,24.18,30.2,Moderate
26.91,65.62,7.94,32.95,11.54,23.1,Low
31.24,86.56,76.03,77.16,28.2,54.8,High
32.2,62.05,55.14,64.25,36.82,58.8,High
19.13,56.44,59.43,85.99,26.69,48.1,Moderate
27.54,82.01,39.65,23.71,9.46,23.8,Low
30.3,66.26,46.75,47.51,12.55,36.1,Moderate
28.26,63.92,34.22,65.47,16.61,27.3,Moderate
34.72,89.12,1.45,39.62,13.47,25.8,Moderate
23.89,52.49,48.8,48.81,25.91,35.5,Moderate
17.75,63.11,47.15,37.52,16.83,24.2,Low
32.05,83.0,54.14,64.36,14.61,40.9,Moderate
25.31,51.52,12.69,42.24,25.87,28.8,Moderate
19.21,96.63,3.62,31.2,16.1,35.6,Moderate
27.21,66.75,42.16,64.88,13.79,33.5,Moderate
34.15,83.12,6.3,70.78,7.42,16.4,Low
21.68,83.09,22.76,29.64,18.96,32.1,Moderate
39.68,67.72,56.24,63.43,21.1,35.3,Moderate
23.81,62.81,41.83,51.72,22.81,38.0,Moderate
28.44,69.36,5.31,46.6,9.9,12.5,Low
21.9,80.69,2.52,55.69,23.05,29.0,Moderate
28.21,55.2,26.36,65.56,12.71,23.9,Low
27.33,51.95,70.74,52.28,23.74,41.6,Moderate
20.55,92.26,46.89,26.53,29.2,45.5,Moderate
42.0,58.98,22.72,41.55,19.75,27.4,Moderate
25.52,75.31,32.6,45.1,9.82,22.6,Low
25.53,66.97,16.69,5.0,22.93,19.5,Low
32.85,67.63,25.2,59.02,20.37,35.3,Moderate
37.07,91.46,20.99,34.47,22.08,41.7,Moderate
33.63,68.72,31.92,45.4,10.03,30.9,Moderate
21.99,64.65,43.54,41.68,24.32,34.1,Moderate
29.07,65.95,57.12,51.88,13.89,31.8,Moderate
18.59,62.45,44.05,69.56,26.86,40.4,Moderate
32.51,59.95,41.51,50.79,20.47,29.8,Moderate
19.82,62.51,16.42,72.57,13.51,21.3,Low
23.98,94.95,29.68,54.82,18.45,40.5,Moderate
27.98,80.67,44.61,61.13,14.33,29.5,Moderate
30.23,64.82,33.04,43.5,12.94,27.3,Moderate
26.7,84.72,46.45,50.36,17.78,39.8,Moderate
35.6,46.19,39.79,64.41,23.46,27.8,Moderate
31.62,90.64,53.33,71.47,17.28,43.0,Moderate
31.22,89.43,29.48,49.31,16.88,37.7,Moderate
21.85,100.0,43.16,58.46,29.66,58.0,High
36.5,85.17,44.65,48.53,18.05,35.7,Moderate
23.98,76.56,22.61,46.21,14.87,23.9,Low
36.69,89.37,66.88,59.72,33.8,57.8,High
38.11,60.61,60.81,56.88,18.42,38.1,Moderate
30.56,64.07,68.4,73.97,20.28,37.0,Moderate
33.16,69.04,42.44,49.1,31.26,32.4,Moderate
15.0,90.53,56.73,45.42,22.7,45.7,Moderate
27.02,57.16,49.07,48.13,17.78,34.9,Moderate
33.51,55.57,66.3,53.91,23.35,38.3,Moderate
32.62,73.55,30.25,52.2,15.51,36.4,Moderate
21.9,80.76,4.3,28.13,9.35,18.6,Low
26.53,59.45,14.21,56.85,7.43,17.5,Low
15.32,80.06,34.49,43.03,20.28,23.5,Low
30.06,90.53,73.27,84.18,35.93,67.0,High
18.58,88.01,67.85,59.14,22.74,45.2,Moderate
33.65,75.3,70.61,67.64,43.36,54.1,High
33.91,68.64,8.58,52.91,15.05,19.5,Low
25.63,96.03,33.99,65.25,13.85,38.2,Moderate
30.61,70.23,8.83,47.5,8.33,15.5,Low
26.91,84.11,38.18,87.69,28.89,45.0,Moderate
29.21,99.37,12.12,39.3,12.82,33.1,Moderate
22.26,82.53,83.58,41.62,15.78,37.7,Moderate
31.11,55.04,90.03,65.99,19.68,52.0,High
19.79,51.41,43.25,62.06,20.92,37.4,Moderate
18.85,65.54,26.06,50.94,27.11,32.8,Moderate
27.39,80.64,37.23,32.76,12.59,18.2,Low
26.94,76.67,34.72,42.08,18.34,31.0,Moderate
29.36,100.0,44.31,38.36,29.23,61.3,High
24.75,76.53,21.94,32.72,44.17,47.4,Moderate
37.43,65.09,43.47,48.81,16.38,29.6,Moderate
28.8,53.0,18.5,48.48,12.69,23.2,Low
29.16,87.71,52.87,42.57,20.32,36.3,Moderate
28.99,69.91,37.45,38.59,18.06,29.5,Moderate
33.01,47.41,27.06,55.13,25.96,35.5,Moderate
30.88,70.33,34.0,34.06,18.54,29.3,Moderate
30.21,55.06,32.63,32.9,12.7,27.2,Moderate
31.68,63.62,77.53,95.11,22.94,51.7,High
18.88,70.09,74.0,53.0,20.83,33.9,Moderate
19.07,56.42,40.12,21.66,20.88,26.0,Moderate
27.62,62.69,52.79,34.88,11.45,30.8,Moderate
27.01,58.84,59.74,26.01,24.84,28.5,Moderate
30.9,59.24,13.17,64.35,9.0,21.4,Low
28.1,54.88,41.44,48.42,12.45,25.1,Moderate
30.91,62.76,71.6,44.44,13.19,28.6,Moderate
21.77,56.58,3.52,44.65,29.81,32.4,Moderate
27.95,78.8,42.77,75.65,22.26,35.3,Moderate
21.29,73.01,18.23,38.82,18.72,33.2,Moderate
29.93,87.92,30.01,70.0,12.21,34.4,Moderate
18.61,98.3,46.22,46.13,20.5,53.1,High
29.74,80.16,16.47,23.12,14.94,26.6,Moderate
20.66,76.74,35.91,74.72,17.78,35.3,Moderate
26.08,81.11,18.3,30.59,19.74,25.6,Moderate
32.47,77.0,29.98,37.01,19.45,30.7,Moderate
29.14,70.75,16.31,56.3,15.32,31.5,Moderate
19.77,69.56,39.57,49.38,21.62,34.1,Moderate
24.64,54.67,53.63,52.12,21.71,33.0,Moderate
20.49,82.58,30.97,42.02,27.02,29.9,Moderate
19.53,69.53,3.79,26.34,5.84,12.8,Low
28.59,91.74,37.73,50.92,34.34,46.8,Moderate
30.8,83.73,43.51,57.54,18.25,40.1,Moderate
30.2,60.61,62.88,53.66,22.44,43.8,Moderate
31.01,88.7,85.95,73.58,18.82,55.2,High
27.94,31.59,20.61,48.4,10.86,20.0,Low
26.63,98.95,11.9,44.98,14.77,40.6,Moderate
22.63,49.92,40.48,44.91,21.4,31.5,Moderate
25.8,77.43,31.83,40.57,25.67,31.5,Moderate
21.39,76.41,2.77,41.53,5.8,12.2,Low
23.77,86.86,26.75,26.37,10.78,26.2,Moderate
28.44,65.07,26.38,87.73,14.3,31.4,Moderate
27.41,37.82,33.88,9.13,12.0,22.8,Low
42.0,65.09,47.32,43.15,20.49,34.9,Moderate
21.27,66.71,75.32,69.07,30.64,44.0,Moderate
27.37,39.26,24.3,54.46,41.4,43.3,Moderate
20.88,70.68,57.66,42.51,17.08,33.3,Moderate
26.06,53.86,38.66,38.78,17.02,28.6,Moderate
26.26,79.74,51.49,53.77,30.46,41.0,Moderate
32.22,66.31,1.82,15.26,8.76,11.1,Low
25.75,99.42,5.4,18.86,31.79,50.0,High
27.04,66.16,47.24,64.68,16.22,32.0,Moderate
25.85,76.46,40.38,61.39,16.73,29.6,Moderate
20.99,66.8,32.81,46.66,21.53,27.9,Moderate
24.74,45.65,45.84,62.59,26.85,34.3,Moderate
26.09,66.93,22.89,44.41,15.62,26.9,Moderate
28.37,81.3,65.5,46.31,58.12,66.9,High
30.79,79.03,13.96,22.51,16.05,17.4,Low
26.83,65.6,19.18,51.08,12.29,24.8,Low
26.74,48.15,18.48,31.35,13.6,23.6,Low
19.4,79.67,74.94,73.37,17.55,43.2,Moderate
30.7,76.29,68.29,54.32,17.38,37.6,Moderate
24.52,82.65,64.51,77.07,18.53,40.8,Moderate
31.74,65.89,55.18,39.97,18.69,35.3,Moderate
34.58,44.73,28.46,27.88,13.3,19.8,Low
27.06,78.01,32.02,49.3,23.83,35.2,Moderate
22.88,69.86,10.72,33.53,9.06,14.1,Low
27.92,90.88,5.61,39.18,17.65,32.1,Moderate
29.74,70.43,36.43,46.65,32.73,43.0,Moderate
26.42,69.32,43.77,42.59,28.06,38.5,Moderate
25.18,76.26,77.07,57.95,19.89,39.1,Moderate
30.82,61.05,5.12,5.0,27.12,16.8,Low
30.49,60.32,35.03,69.61,14.71,30.7,Moderate
26.27,68.53,12.17,29.64,20.13,28.2,Moderate
19.73,56.19,23.97,49.92,17.1,29.3,Moderate
30.28,66.56,37.42,16.89,13.38,29.8,Moderate
24.16,99.09,46.04,37.81,15.68,56.1,High
29.07,85.64,15.21,44.07,21.83,31.5,Moderate
28.76,74.62,47.16,78.6,16.94,39.0,Moderate
18.56,93.28,39.21,55.34,46.48,60.6,High
28.41,57.63,35.97,55.82,21.0,30.0,Moderate
30.57,100.0,16.41,33.26,29.28,48.9,Moderate
31.19,63.09,18.44,41.13,15.09,23.5,Low
28.59,100.0,35.25,44.23,16.86,45.1,Moderate
18.11,99.99,28.57,49.46,33.63,53.6,High
34.39,43.7,30.69,64.2,19.79,31.6,Moderate
30.06,92.01,33.6,41.34,33.18,46.4,Moderate
21.98,65.74,22.15,42.98,11.69,21.1,Low
24.06,61.48,43.22,44.06,18.96,26.4,Moderate
29.16,77.87,32.16,42.2,8.24,18.8,Low
31.4,54.88,35.69,64.34,23.21,32.6,Moderate
25.56,77.53,21.26,49.0,16.97,26.9,Moderate
32.13,55.89,18.25,46.01,10.82,20.6,Low
19.04,72.66,62.52,54.84,18.49,34.5,Moderate
22.79,90.03,67.54,45.54,26.39,48.1,Moderate
17.68,75.8,15.91,50.87,18.83,27.2,Moderate
23.51,64.6,22.27,55.24,9.57,20.3,Low
35.54,78.12,66.13,71.23,31.53,44.8,Moderate
38.29,48.9,37.04,47.6,18.15,31.7,Moderate
29.17,57.42,64.81,45.89,42.95,45.1,Moderate
24.81,63.55,26.94,53.91,32.57,33.1,Moderate
26.89,81.8,61.96,72.76,19.91,46.8,Moderate
30.37,76.09,25.7,56.46,21.78,26.6,Moderate
20.19,78.03,45.99,39.27,30.78,44.6,Moderate
25.14,69.59,41.93,55.21,14.42,25.2,Moderate
35.17,58.18,69.2,29.92,27.05,35.3,Moderate
22.77,92.32,74.18,80.95,37.27,61.7,High
24.25,59.53,35.19,49.77,27.74,30.0,Moderate
28.07,76.29,12.5,42.26,11.22,25.1,Moderate
29.42,68.32,79.93,86.1,23.34,53.4,High
24.87,78.44,5.54,28.04,5.06,6.4,Low
28.38,60.92,42.92,51.76,36.13,48.9,Moderate
31.04,85.79,27.25,31.6,16.64,24.5,Low
37.81,90.67,37.53,25.68,14.09,45.1,Moderate
27.37,84.87,18.12,45.52,14.35,26.9,Moderate
27.79,72.36,39.02,52.15,16.26,27.5,Moderate
35.64,63.47,44.9,18.86,8.87,22.9,Low
25.25,100.0,50.53,63.63,25.7,53.7,High
21.38,55.13,60.51,55.55,18.45,30.2,Moderate
29.25,83.22,21.18,53.7,11.96,24.8,Low
33.38,74.99,87.83,69.27,20.41,46.4,Moderate
29.81,69.06,53.4,69.37,13.15,25.1,Moderate
27.51,72.78,21.95,60.09,11.89,21.1,Low
20.76,62.35,54.88,57.2,20.04,44.0,Moderate
27.71,76.41,3.54,50.08,10.27,18.2,Low
34.17,74.75,40.25,62.32,12.74,20.1,Low
21.83,100.0,74.53,43.36,16.4,53.5,High
26.78,86.06,7.7,24.45,13.93,24.0,Low
26.06,77.74,35.29,32.2,10.48,22.5,Low
24.51,78.63,55.86,64.51,14.04,37.6,Moderate
29.24,97.59,11.44,28.39,36.81,46.7,Moderate
30.22,55.44,17.87,10.77,8.61,17.3,Low
30.16,67.26,24.26,28.36,7.09,16.9,Low
23.12,41.39,7.59,31.92,8.05,13.9,Low
19.77,78.38,55.05,61.16,30.88,45.6,Moderate
29.31,82.72,18.92,61.01,26.61,38.7,Moderate
25.47,55.07,37.55,62.43,19.84,34.2,Moderate
37.19,91.53,5.42,39.57,17.84,28.5,Moderate
37.42,59.22,43.33,37.76,11.31,31.4,Moderate
37.95,64.86,11.59,8.99,11.93,10.9,Low
23.3,71.79,84.84,57.39,16.68,37.6,Moderate
30.85,93.91,19.29,37.46,30.85,36.5,Moderate
32.35,57.13,54.42,55.55,14.28,31.0,Moderate
31.79,74.37,28.84,58.52,18.65,28.3,Moderate
26.23,81.62,54.84,64.27,13.48,35.5,Moderate
34.4,78.53,63.06,58.47,37.02,46.0,Moderate
28.0,79.08,8.07,31.85,29.4,34.9,Moderate
28.64,81.42,15.43,17.56,20.97,21.3,Low
20.31,61.68,17.7,29.19,20.92,21.7,Low
31.22,95.32,22.52,28.41,28.85,43.2,Moderate
26.7,68.33,36.71,86.74,12.55,34.0,Moderate
30.32,66.34,41.24,79.36,25.97,45.4,Moderate
29.18,90.21,55.71,35.62,17.29,42.6,Moderate
28.9,60.54,73.01,66.44,29.59,49.5,Moderate
27.77,74.8,34.5,26.81,17.0,25.9,Moderate
31.93,59.16,50.8,56.14,26.08,35.4,Moderate
27.01,100.0,21.15,35.04,18.08,39.0,Moderate
20.72,100.0,51.61,50.94,11.09,37.5,Moderate
30.84,68.35,50.47,68.44,21.93,37.1,Moderate
23.95,77.8,36.35,53.31,45.15,50.2,High
21.38,70.08,44.51,63.63,19.05,33.5,Moderate
22.89,64.77,30.63,53.26,19.17,31.5,Moderate
29.42,71.79,11.51,28.04,29.78,36.0,Moderate
27.52,69.39,23.23,23.46,7.21,16.5,Low
17.34,47.19,30.72,41.26,16.53,27.8,Moderate
26.08,73.95,39.94,44.46,21.27,32.5,Moderate
33.85,69.37,31.46,38.17,13.11,20.7,Low
25.74,74.68,68.68,48.47,16.78,35.4,Moderate
27.17,68.84,51.71,54.1,29.1,36.5,Moderate
33.21,64.59,80.59,83.02,39.06,61.2,High
31.98,83.12,61.43,25.0,32.6,47.3,Moderate
33.11,78.0,17.44,22.46,8.1,15.2,Low
15.0,90.94,12.0,43.12,20.49,41.7,Moderate
36.67,77.42,25.87,16.19,14.18,19.3,Low
31.18,67.04,50.61,31.06,18.93,34.0,Moderate
40.31,79.25,29.01,76.89,15.35,30.4,Moderate
24.09,40.29,15.52,48.87,23.2,29.0,Moderate
19.18,100.0,44.09,90.47,13.56,47.0,Moderate
28.04,74.12,11.18,13.29,20.01,18.0,Low
26.62,100.0,59.68,87.16,30.7,66.4,High
31.27,56.96,24.66,23.96,11.05,21.8,Low
33.37,53.24,25.78,57.45,11.31,24.2,Low
27.56,75.49,76.18,29.01,15.49,39.5,Moderate
26.8,75.44,10.88,43.16,13.15,19.0,Low
30.61,75.07,33.56,52.16,12.55,22.8,Low
26.72,72.79,33.23,39.9,29.98,42.7,Moderate
26.3,60.58,30.25,24.7,19.78,19.2,Low
33.19,47.72,68.01,54.59,37.69,46.0,Moderate
34.3,74.25,11.72,42.7,9.09,18.0,Low
33.42,50.76,43.29,32.88,36.72,38.4,Moderate
27.16,49.34,50.44,49.55,15.6,31.2,Moderate
17.3,64.29,66.04,57.16,18.59,38.2,Moderate
27.26,76.46,29.09,51.96,25.98,42.7,Moderate
24.21,99.82,28.56,21.11,17.04,39.1,Moderate
27.35,84.69,34.1,38.01,17.38,32.9,Moderate
24.64,91.5,23.75,45.95,26.27,41.9,Moderate
27.9,79.8,11.51,33.07,4.72,4.2,Low
22.8,75.5,46.96,34.96,14.23,23.0,Low
21.6,100.0,0.24,49.12,5.96,22.8,Low
34.11,50.16,46.74,65.89,19.49,30.4,Moderate
23.15,63.8,29.36,56.57,36.18,39.7,Moderate
28.0,64.97,21.86,37.16,32.22,36.7,Moderate
32.77,83.4,27.74,41.62,9.51,30.0,Moderate
32.57,55.32,7.05,56.2,14.29,31.6,Moderate
31.97,81.45,11.6,51.09,28.24,32.9,Moderate
29.51,78.69,68.14,77.81,21.04,43.6,Moderate
31.62,82.2,4.53,37.84,11.28,13.2,Low
34.87,81.93,92.66,76.57,20.53,46.0,Moderate
30.13,93.07,62.17,66.72,17.91,52.7,High
18.81,69.26,23.15,64.75,15.37,35.3,Moderate
25.36,77.95,60.9,22.12,16.12,35.5,Moderate
31.48,58.95,48.59,53.85,20.98,32.1,Moderate
24.86,55.53,19.55,56.14,20.1,23.2,Low
36.1,96.47,31.54,63.69,36.51,49.4,Moderate
27.68,57.82,25.03,36.97,14.64,22.4,Low
28.43,79.62,11.43,44.85,15.65,30.3,Moderate
33.62,77.97,41.37,60.51,18.04,30.9,Moderate
27.09,87.62,28.46,63.78,16.02,33.3,Moderate
