temperature_C,humidity_percent,rain_mm,MQ2_raw,MQ135_raw,AQI,AQI_category
29.83,61.17,1.63,626.71,579.46,93.0,Satisfactory
21.76,74.18,1.31,307.12,263.67,26.7,Good
32.5,31.5,3.48,207.87,731.37,76.3,Satisfactory
33.64,52.86,0.36,841.91,823.96,131.8,Moderate
16.29,72.92,3.55,860.83,856.95,192.8,Moderate
20.19,59.18,1.52,657.7,714.46,114.0,Moderate
28.77,84.41,2.74,907.01,1032.61,194.6,Moderate
26.1,29.63,0.41,168.62,254.31,10.0,Good
27.9,27.58,3.68,238.25,436.3,25.2,Good
22.88,71.85,4.97,500.3,429.95,73.7,Satisfactory
33.28,73.58,20.37,956.62,1146.75,224.1,Poor
32.67,54.52,2.56,478.84,669.45,71.3,Satisfactory
28.4,65.21,4.81,626.38,653.06,91.1,Satisfactory
34.76,71.41,0.57,927.08,1042.55,198.2,Moderate
30.81,43.35,6.17,490.66,679.64,88.2,Satisfactory
22.84,45.28,0.26,247.14,424.57,34.7,Good
30.21,61.42,8.34,522.59,403.91,81.9,Satisfactory
22.25,74.27,2.32,141.74,169.58,28.8,Good
33.27,37.01,0.3,177.54,225.27,10.0,Good
27.7,54.44,1.35,358.86,269.83,37.2,Good
26.89,53.6,4.77,455.02,520.13,64.9,Satisfactory
23.91,65.52,1.66,404.79,547.7,63.3,Satisfactory
35.34,57.84,1.64,838.02,843.19,223.1,Poor
27.07,48.17,4.38,392.85,243.41,20.1,Good
25.43,80.47,1.82,218.37,347.95,58.1,Satisfactory
25.89,48.29,5.84,470.02,440.39,42.2,Good
31.19,52.74,1.03,283.94,549.08,34.9,Good
30.19,29.35,0.14,543.47,597.96,98.4,Satisfactory
30.48,45.15,1.93,633.18,738.63,105.4,Moderate
30.58,67.29,2.18,608.5,371.58,81.2,Satisfactory
40.85,63.77,0.98,533.42,649.32,93.9,Satisfactory
25.56,68.79,2.66,574.27,651.32,113.0,Moderate
24.93,67.92,0.19,798.07,1010.4,182.8,Moderate
23.12,95.0,2.74,593.18,827.24,165.3,Moderate
31.7,44.54,0.45,577.81,818.15,118.6,Moderate
34.77,28.85,0.3,269.46,402.08,62.7,Satisfactory
27.32,39.09,2.12,437.32,439.69,52.7,Satisfactory
22.96,45.33,0.26,409.96,473.25,74.7,Satisfactory
23.05,40.46,3.1,193.97,100.0,11.0,Good
31.9,59.69,0.53,425.58,500.54,102.5,Moderate
32.46,80.55,3.41,986.78,1508.13,329.2,Very Poor
31.26,85.71,1.46,1000.11,1235.24,340.8,Very Poor
24.01,67.08,2.12,551.7,705.78,105.5,Moderate
29.39,95.0,4.83,694.46,657.76,167.8,Moderate
28.7,51.59,2.94,455.06,513.16,92.1,Satisfactory
29.31,28.61,3.48,954.83,1007.35,245.2,Poor
33.23,76.96,3.36,731.74,840.28,168.2,Moderate
29.34,24.91,0.87,483.61,564.18,93.4,Satisfactory
32.07,44.41,2.82,273.46,418.1,10.0,Good
28.41,67.36,0.63,308.56,348.82,42.0,Good
29.73,56.16,2.82,414.11,380.73,64.3,Satisfactory
31.79,54.56,1.38,1004.16,1101.62,240.1,Poor
19.26,36.75,1.72,375.82,549.89,65.7,Satisfactory
26.08,57.81,7.58,957.93,1279.15,248.4,Poor
25.18,76.07,3.23,597.23,219.67,27.7,Good
24.17,58.36,0.96,413.98,296.43,14.2,Good
26.35,43.06,0.19,630.05,707.33,125.9,Moderate
36.97,35.54,2.19,1060.63,1157.05,234.9,Poor
22.81,43.43,0.24,404.35,574.33,26.7,Good
33.81,65.06,1.77,597.69,596.68,85.0,Satisfactory
17.9,64.18,4.42,627.25,758.54,159.4,Moderate
25.99,43.59,0.33,588.85,727.53,79.5,Satisfactory
28.98,20.0,3.15,549.48,536.57,133.6,Moderate
31.52,65.56,5.26,545.98,645.25,115.4,Moderate
32.27,41.84,3.4,803.09,1044.97,210.6,Poor
32.76,70.4,4.13,887.83,921.45,238.3,Poor
25.91,44.39,2.89,564.1,665.64,126.4,Moderate
25.23,40.22,1.24,536.22,581.68,107.6,Moderate
33.15,60.76,0.67,685.07,843.51,126.4,Moderate
26.85,95.0,0.82,920.67,1121.77,220.9,Poor
20.35,71.48,8.55,421.72,402.83,64.9,Satisfactory
21.2,60.45,2.42,230.23,178.65,10.0,Good
22.48,64.46,5.69,444.96,447.6,47.8,Good
30.98,26.48,1.03,333.44,412.76,41.0,Good
28.85,37.8,3.91,728.77,679.27,158.9,Moderate
32.14,20.0,0.61,381.13,369.37,15.4,Good
25.44,89.14,1.5,191.44,418.26,62.3,Satisfactory
28.95,85.49,1.18,358.94,459.71,27.9,Good
31.75,65.07,7.77,381.13,399.89,10.3,Good
26.14,60.43,0.76,706.15,780.37,140.0,Moderate
30.74,30.07,3.52,759.32,961.87,201.6,Poor
24.03,54.05,2.96,453.5,563.35,75.5,Satisfactory
25.82,90.26,0.39,430.18,600.64,52.6,Satisfactory
25.71,60.37,5.74,852.02,1205.68,246.7,Poor
20.82,47.84,6.32,1082.54,1561.44,368.9,Very Poor
30.92,26.35,2.43,805.93,1080.45,216.4,Poor
25.18,82.85,2.05,802.82,838.34,173.6,Moderate
28.07,56.74,0.13,209.98,295.82,60.7,Satisfactory
30.88,26.38,0.3,979.44,958.03,214.1,Poor
30.68,41.36,1.46,513.46,534.58,76.9,Satisfactory
31.99,35.0,0.63,757.07,991.88,161.8,Moderate
27.41,55.63,4.42,453.77,648.59,94.5,Satisfactory
25.46,61.73,0.28,761.69,1022.48,189.5,Moderate
27.52,48.94,0.24,880.36,1130.26,173.8,Moderate
17.88,71.99,3.24,685.26,923.91,172.4,Moderate
19.32,59.42,2.77,167.94,334.33,22.5,Good
20.06,77.12,2.26,518.37,680.45,87.5,Satisfactory
22.02,51.57,3.92,249.57,440.83,50.6,Satisfactory
30.4,95.0,0.93,737.76,1033.03,202.6,Poor
22.57,47.84,1.24,669.02,636.78,148.9,Moderate
25.73,41.74,2.69,387.86,367.85,82.1,Satisfactory
35.8,39.53,2.42,332.65,340.52,44.4,Good
25.86,54.2,0.71,452.83,573.42,86.5,Satisfactory
32.43,27.05,5.07,874.67,956.83,208.6,Poor
22.4,63.3,0.4,846.01,1079.99,170.0,Moderate
26.77,23.7,1.36,895.72,867.85,200.1,Poor
22.3,60.91,0.45,528.03,612.48,88.0,Satisfactory
25.97,33.68,11.6,766.57,815.0,163.0,Moderate
33.04,51.14,2.1,199.27,388.21,34.1,Good
17.64,68.88,0.58,133.61,221.27,18.0,Good
30.61,95.0,1.19,578.54,556.0,62.1,Satisfactory
29.43,38.6,2.65,328.18,271.81,10.0,Good
24.44,55.29,4.39,801.8,883.24,213.9,Poor
19.32,44.97,0.66,694.05,903.96,201.5,Poor
28.43,42.34,6.59,758.55,885.7,171.3,Moderate
24.82,45.13,2.02,599.3,637.97,108.0,Moderate
29.4,72.83,3.27,629.25,598.93,112.1,Moderate
28.13,49.21,1.08,643.85,939.51,153.1,Moderate
37.61,95.0,2.85,1082.31,1349.44,268.8,Poor
26.56,65.49,0.99,677.93,883.98,171.4,Moderate
21.86,39.82,1.27,265.85,310.18,48.9,Good
29.08,51.4,4.54,678.86,853.03,152.0,Moderate
29.32,43.57,3.1,497.61,380.93,72.0,Satisfactory
36.16,72.4,1.42,668.14,865.72,107.8,Moderate
33.01,28.5,4.33,968.49,1154.1,274.4,Poor
30.14,33.86,2.57,793.38,908.43,219.5,Poor
36.78,47.35,0.09,1207.41,1316.04,333.6,Very Poor
20.87,70.29,1.73,626.45,590.88,122.9,Moderate
24.16,80.2,4.46,145.21,375.63,26.1,Good
22.44,82.85,8.34,319.41,299.2,37.4,Good
25.66,67.54,0.5,568.38,848.75,131.7,Moderate
19.74,56.51,4.2,496.43,620.28,90.4,Satisfactory
31.81,72.3,2.01,987.38,1072.28,244.0,Poor
26.67,37.4,0.39,608.12,570.34,74.6,Satisfactory
19.18,24.8,0.44,397.18,569.76,49.4,Good
21.91,65.86,0.53,850.05,1130.7,236.4,Poor
29.88,39.9,0.22,386.27,531.37,61.2,Satisfactory
33.03,56.82,0.33,830.98,1032.15,218.3,Poor
39.98,60.15,2.09,387.86,505.0,55.3,Satisfactory
45.0,62.47,0.08,1105.38,1447.69,279.5,Poor
30.49,74.88,0.68,457.19,591.21,103.4,Moderate
22.06,72.98,1.28,656.72,636.7,118.2,Moderate
15.21,61.51,0.68,473.94,716.42,144.1,Moderate
29.61,50.04,0.27,1018.04,926.72,204.5,Poor
23.12,59.94,1.94,261.87,425.18,68.7,Satisfactory
25.51,47.27,0.74,214.25,276.95,33.2,Good
24.33,54.46,1.64,438.45,674.97,100.5,Moderate
27.16,95.0,3.5,84.56,255.59,12.3,Good
34.4,61.28,0.9,480.89,513.56,45.8,Good
28.94,66.1,0.96,989.18,959.07,245.5,Poor
27.05,45.3,0.36,905.04,981.17,219.1,Poor
21.79,76.36,4.41,338.93,609.28,63.7,Satisfactory
17.95,71.68,1.98,277.97,470.51,34.8,Good
25.08,71.81,4.16,260.18,483.68,30.3,Good
27.68,61.87,4.78,1102.19,1344.27,314.7,Very Poor
38.61,76.62,0.88,831.47,1137.84,211.6,Poor
28.78,80.89,3.89,548.07,770.99,111.1,Moderate
33.9,63.1,2.18,1038.69,1313.45,275.9,Poor
25.0,55.94,0.99,1001.58,1175.69,256.6,Poor
20.89,74.1,0.8,470.49,446.02,19.9,Good
22.21,41.73,1.92,988.75,1186.49,340.3,Very Poor
23.65,45.08,2.42,294.51,342.27,17.4,Good
40.77,57.04,0.04,519.57,613.06,96.9,Satisfactory
23.07,26.66,1.17,467.12,650.18,122.1,Moderate
33.03,72.9,2.32,859.49,1187.61,257.8,Poor
22.58,40.67,2.89,336.61,568.14,51.2,Satisfactory
33.59,49.51,1.63,968.33,1012.18,231.4,Poor
30.31,54.16,2.81,144.59,121.49,10.0,Good
27.06,58.71,0.81,663.15,804.2,132.2,Moderate
27.76,51.81,2.74,710.33,828.66,153.9,Moderate
24.07,56.79,2.39,854.17,898.46,179.5,Moderate
30.68,56.93,4.71,424.71,671.75,46.0,Good
25.27,49.95,6.88,327.75,499.24,43.0,Good
20.65,44.08,4.82,366.72,585.1,52.1,Satisfactory
20.33,77.47,1.42,794.17,1029.83,186.1,Moderate
29.04,20.12,0.4,472.27,494.93,86.6,Satisfactory
37.47,54.3,0.68,948.61,996.5,166.7,Moderate
28.96,49.56,6.73,531.53,611.99,71.8,Satisfactory
27.29,65.54,2.03,631.6,807.28,103.5,Moderate
29.71,31.82,2.49,312.33,355.35,30.5,Good
35.84,49.0,4.16,971.41,1200.19,273.9,Poor
29.32,56.16,1.9,799.22,1133.37,261.8,Poor
25.53,77.26,5.47,1099.85,1354.08,363.3,Very Poor
34.64,63.98,0.33,1039.21,1171.31,263.7,Poor
30.57,36.7,3.02,472.04,531.62,102.3,Moderate
37.21,49.23,8.53,741.79,913.34,156.0,Moderate
29.1,73.95,5.85,497.96,798.09,110.4,Moderate
20.65,36.39,6.14,774.82,942.53,178.2,Moderate
19.79,56.58,0.27,314.35,529.26,57.8,Satisfactory
37.91,57.84,2.35,1146.83,1431.03,316.1,Very Poor
38.34,51.06,1.66,1099.2,1259.27,301.9,Very Poor
26.92,95.0,0.67,616.51,857.2,168.2,Moderate
25.7,50.57,2.39,681.34,731.47,138.9,Moderate
36.77,66.1,0.4,419.76,647.63,129.4,Moderate
21.36,44.21,2.8,624.49,707.43,109.1,Moderate
22.63,67.5,0.61,630.79,942.24,173.2,Moderate
31.86,73.67,2.67,502.89,604.2,118.8,Moderate
25.63,47.42,0.72,297.58,352.68,45.6,Good
27.97,57.02,1.33,581.56,757.44,113.8,Moderate
27.02,41.88,1.19,726.35,716.17,161.6,Moderate
30.03,37.4,1.63,572.76,755.09,82.3,Satisfactory
36.44,76.66,1.81,863.64,906.16,142.0,Moderate
28.54,48.03,1.19,418.7,585.24,92.3,Satisfactory
31.86,20.0,0.52,317.09,278.84,30.1,Good
15.7,89.78,4.99,340.37,416.19,29.2,Good
27.71,43.56,1.89,455.9,707.67,107.0,Moderate
22.94,53.57,2.45,522.64,745.32,125.3,Moderate
20.69,87.54,1.2,262.78,268.11,44.1,Good
22.73,55.45,11.87,324.18,486.59,81.7,Satisfactory
26.0,55.06,2.07,879.69,1111.84,229.6,Poor
33.5,35.89,5.22,855.98,1101.73,245.6,Poor
20.04,28.57,1.35,726.13,1098.28,174.8,Moderate
28.18,55.01,3.14,495.19,540.97,70.2,Satisfactory
25.09,64.53,1.56,278.75,551.31,38.8,Good
26.03,63.5,4.51,729.51,869.54,124.1,Moderate
34.02,49.34,1.05,90.51,308.91,26.3,Good
31.23,58.36,0.44,1113.64,1512.66,309.2,Very Poor
36.02,24.93,2.44,602.18,844.95,147.8,Moderate
27.07,66.28,4.78,882.52,989.16,225.7,Poor
23.82,60.91,1.61,338.13,327.57,42.4,Good
26.66,93.53,1.02,640.83,685.75,121.6,Moderate
29.45,58.13,0.33,719.5,1065.1,222.0,Poor
29.06,41.03,4.84,317.8,347.08,57.7,Satisfactory
21.49,57.09,0.64,741.24,656.28,154.9,Moderate
28.54,52.1,1.18,309.05,293.69,10.0,Good
29.37,65.82,1.15,768.57,1077.87,222.5,Poor
43.1,58.48,1.75,221.11,503.16,19.6,Good
39.26,35.32,3.12,898.45,1098.01,238.2,Poor
22.88,28.56,9.24,621.87,685.2,137.8,Moderate
26.28,62.73,2.54,188.82,432.27,10.0,Good
19.22,82.9,0.33,461.81,854.6,119.0,Moderate
24.46,59.43,1.66,405.13,578.34,60.0,Satisfactory
29.89,72.64,2.58,432.71,606.32,72.2,Satisfactory
35.24,76.23,5.54,457.73,712.39,103.2,Moderate
23.63,62.8,5.0,813.12,800.25,141.7,Moderate
24.08,43.34,1.59,657.37,968.36,178.3,Moderate
15.12,61.52,2.01,696.36,571.43,166.2,Moderate
27.02,79.73,2.31,275.27,386.32,40.1,Good
21.63,67.54,2.02,849.47,753.69,169.7,Moderate
24.82,71.47,1.65,569.37,691.41,108.7,Moderate
22.74,49.67,7.04,506.81,622.99,100.0,Satisfactory
27.43,54.36,0.82,1231.97,1433.15,333.9,Very Poor
17.45,55.86,4.27,850.53,893.36,156.1,Moderate
19.2,57.08,3.6,158.89,178.26,20.7,Good
40.78,79.02,1.59,362.82,335.85,46.3,Good
20.28,20.0,0.75,399.9,653.04,113.1,Moderate
21.42,58.55,1.88,513.44,488.79,44.3,Good
39.02,56.57,3.24,300.65,297.44,10.0,Good
45.0,33.31,0.4,1243.13,1366.96,346.3,Very Poor
20.97,70.09,2.47,568.06,684.11,125.8,Moderate
25.79,44.96,2.36,225.56,383.2,72.9,Satisfactory
30.05,51.57,0.47,445.29,463.76,72.5,Satisfactory
38.37,91.28,0.68,449.62,581.7,67.6,Satisfactory
22.08,76.18,2.23,528.76,767.26,98.3,Satisfactory
26.53,68.34,0.18,570.71,738.61,114.0,Moderate
32.66,64.85,3.42,939.52,917.57,228.3,Poor
30.61,55.04,1.4,733.11,834.84,175.6,Moderate
25.74,93.99,1.75,915.18,1251.0,228.8,Poor
27.2,72.44,1.92,618.13,889.95,125.3,Moderate
19.75,44.51,0.34,669.13,882.11,122.2,Moderate
26.57,32.8,1.93,512.24,459.17,58.7,Satisfactory
26.4,68.2,3.06,184.11,307.25,41.5,Good
29.39,56.99,0.77,301.95,249.63,21.7,Good
24.67,32.28,0.66,619.52,746.67,80.1,Satisfactory
30.83,65.71,8.78,612.27,842.32,154.0,Moderate
34.08,53.16,0.58,952.91,1143.06,234.1,Poor
28.93,67.55,1.11,698.04,771.9,132.7,Moderate
30.11,65.95,6.03,776.56,823.66,169.5,Moderate
28.32,47.05,0.16,652.22,807.32,165.5,Moderate
28.0,69.39,1.54,312.8,576.59,84.6,Satisfactory
23.67,49.04,3.0,646.56,867.95,157.5,Moderate
29.9,50.21,1.65,399.22,587.07,72.3,Satisfactory
27.42,48.42,0.11,382.09,546.93,46.1,Good
40.56,78.36,0.4,735.3,1172.02,245.7,Poor
37.44,52.95,0.08,888.36,1088.84,171.4,Moderate
30.32,82.7,1.43,568.83,502.96,94.1,Satisfactory
23.42,90.1,2.59,251.44,344.03,10.0,Good
21.33,44.7,0.76,217.17,305.54,11.0,Good
35.15,20.0,1.2,667.32,1060.62,197.0,Moderate
29.58,76.8,1.2,355.87,718.51,64.5,Satisfactory
30.88,51.84,5.21,589.36,633.4,112.5,Moderate
17.53,42.41,2.2,1064.49,1366.68,332.0,Very Poor
33.56,47.4,1.92,276.72,404.27,16.7,Good
30.73,50.53,4.51,374.2,408.01,60.0,Satisfactory
21.34,81.35,0.24,627.81,695.57,118.2,Moderate
25.17,60.88,2.17,732.71,814.23,182.0,Moderate
29.58,81.1,0.94,496.64,590.8,70.3,Satisfactory
28.31,66.9,5.84,190.88,179.91,13.8,Good
26.25,52.43,4.54,386.31,541.79,69.0,Satisfactory
27.38,50.97,0.93,950.49,1155.62,206.6,Poor
26.49,68.11,1.29,563.91,760.58,110.5,Moderate
28.92,72.77,0.53,150.63,324.63,26.5,Good
36.83,75.94,3.93,763.37,759.41,123.6,Moderate
12.6,53.29,3.19,721.13,793.34,161.1,Moderate
26.58,61.15,1.37,1055.08,1294.54,254.5,Poor
29.06,68.51,1.35,901.68,1040.56,181.4,Moderate
29.78,51.09,1.03,594.37,742.49,102.0,Moderate
25.77,37.57,5.53,869.08,1314.83,231.8,Poor
17.46,43.49,1.51,467.84,413.48,67.5,Satisfactory
29.97,53.66,1.08,698.59,900.49,162.2,Moderate
38.36,69.92,3.58,593.84,679.06,78.1,Satisfactory
18.8,80.66,1.26,391.19,199.61,21.3,Good
33.18,33.59,4.04,124.74,146.61,10.0,Good
26.03,47.25,6.64,707.13,638.33,150.0,Moderate
27.63,51.56,0.81,411.27,585.69,55.0,Satisfactory
21.68,72.3,2.85,620.07,620.79,101.7,Moderate
25.99,48.49,0.8,623.34,809.5,144.6,Moderate
35.8,50.26,9.4,538.6,565.01,80.3,Satisfactory
31.5,32.58,2.04,941.98,1037.22,253.7,Poor
38.39,66.7,3.17,300.72,352.25,72.3,Satisfactory
35.06,55.09,0.03,662.01,1019.81,162.3,Moderate
30.63,46.23,1.02,629.5,725.91,123.8,Moderate
38.46,53.33,0.24,862.64,1084.33,227.5,Poor
30.63,78.29,2.04,902.74,858.73,213.9,Poor
32.97,39.91,6.89,426.03,578.69,95.2,Satisfactory
26.22,42.85,3.78,164.68,355.39,10.0,Good
28.4,80.54,2.95,533.81,940.04,137.9,Moderate
23.82,59.36,1.09,730.36,773.48,156.8,Moderate
33.94,70.06,0.36,623.3,825.6,148.9,Moderate
20.93,65.23,1.63,120.49,374.97,31.5,Good
32.69,57.36,3.29,624.5,767.37,117.0,Moderate
26.86,51.73,0.53,720.94,795.2,144.4,Moderate
35.03,72.97,3.75,779.9,1001.25,152.5,Moderate
32.51,78.92,2.15,368.39,378.92,28.5,Good
38.92,77.52,0.67,802.8,876.44,177.9,Moderate
32.38,36.66,0.14,671.74,970.86,244.5,Poor
18.57,81.49,0.23,431.39,533.24,86.9,Satisfactory
27.6,51.56,1.57,765.8,1024.0,258.6,Poor
20.97,44.41,4.92,125.97,145.65,10.0,Good
24.89,54.95,0.68,505.82,613.24,90.5,Satisfactory
37.07,72.96,5.49,738.5,749.12,183.1,Moderate
31.83,67.73,0.11,614.43,691.87,113.6,Moderate
23.81,53.4,1.87,245.1,501.72,66.5,Satisfactory
21.92,73.08,1.68,521.17,763.39,127.7,Moderate
28.2,60.52,2.61,610.86,822.72,124.6,Moderate
20.7,47.69,2.12,291.02,620.38,63.2,Satisfactory
23.97,45.26,1.07,807.66,891.46,206.6,Poor
29.87,65.38,1.08,587.05,422.28,59.7,Satisfactory
34.93,56.51,4.15,1013.79,1243.99,238.1,Poor
31.65,33.24,1.97,286.85,213.15,19.7,Good
14.25,73.25,0.02,294.79,334.05,33.5,Good
29.83,49.36,1.21,604.98,806.04,139.0,Moderate
28.43,86.66,1.33,621.61,705.89,131.4,Moderate
30.48,32.75,1.32,1003.85,1188.39,319.4,Very Poor
37.7,54.75,3.63,1372.56,1551.93,473.0,Severe
15.62,45.4,0.89,302.79,295.92,19.3,Good
24.45,40.44,2.3,458.48,461.01,60.0,Satisfactory
31.55,49.24,6.99,343.04,391.15,21.8,Good
18.51,89.87,4.95,683.89,855.93,186.8,Moderate
36.86,60.58,0.8,436.92,756.35,73.7,Satisfactory
30.21,43.75,2.03,629.7,818.27,163.7,Moderate
33.08,25.08,3.12,322.59,604.51,105.5,Moderate
24.57,27.02,0.32,331.47,280.27,71.2,Satisfactory
32.88,48.34,1.75,470.17,423.58,79.9,Satisfactory
34.41,46.59,1.51,974.83,1116.34,237.9,Poor
29.4,53.97,4.73,362.69,491.76,51.9,Satisfactory
29.41,20.0,2.32,1083.52,1259.31,336.8,Very Poor
29.62,56.35,1.5,748.57,1007.43,211.3,Poor
22.82,76.5,3.32,745.24,992.76,176.9,Moderate
27.11,87.21,5.41,840.59,1054.99,244.4,Poor
27.08,23.9,0.01,878.22,1064.72,220.8,Poor
30.3,43.57,0.86,407.78,375.43,54.7,Satisfactory
34.0,42.62,7.16,804.61,989.12,172.0,Moderate
21.65,60.62,10.16,80.0,419.69,10.0,Good
27.25,36.04,0.66,193.23,173.16,41.0,Good
36.89,88.28,4.09,426.17,412.68,41.6,Good
23.54,58.78,0.66,185.38,353.2,28.7,Good
23.07,55.78,0.43,206.21,333.04,18.5,Good
29.21,86.67,1.56,375.71,565.02,79.4,Satisfactory
33.07,57.71,4.53,779.68,816.16,134.9,Moderate
28.07,65.21,1.35,871.91,794.25,150.7,Moderate
35.97,44.49,4.47,529.87,548.38,97.2,Satisfactory
33.14,33.33,4.85,477.6,590.49,86.2,Satisfactory
33.05,47.01,1.03,734.4,688.73,157.3,Moderate
31.32,95.0,0.99,730.04,705.64,164.1,Moderate
41.97,69.39,1.4,694.4,645.07,94.3,Satisfactory
26.77,62.94,1.82,295.25,371.04,35.2,Good
15.98,40.43,1.6,80.0,335.15,10.0,Good
37.63,74.4,2.0,396.6,598.93,24.8,Good
25.25,33.56,1.12,320.74,255.1,21.8,Good
28.65,29.79,0.37,627.01,600.25,121.8,Moderate
35.86,47.94,8.57,244.32,334.67,24.1,Good
18.39,93.18,0.86,235.7,478.99,35.2,Good
20.49,92.16,0.14,1214.38,1324.06,344.8,Very Poor
18.39,49.88,3.57,298.7,553.87,70.8,Satisfactory
23.24,45.86,0.49,425.42,502.1,41.4,Good
30.64,28.47,3.25,956.97,1183.38,262.4,Poor
31.15,59.4,0.81,554.19,943.66,143.2,Moderate
29.66,60.92,9.94,426.02,458.67,38.0,Good
19.52,72.21,6.16,851.3,991.54,225.4,Poor
14.14,74.39,1.47,1003.07,1133.69,274.7,Poor
28.33,54.45,2.96,647.59,750.43,135.6,Moderate
25.17,68.01,2.41,731.97,880.12,127.1,Moderate
30.76,45.39,0.77,684.44,791.44,122.3,Moderate
32.21,67.67,3.45,598.94,605.54,123.2,Moderate
28.83,48.87,1.99,638.57,800.75,157.8,Moderate
32.56,66.27,2.28,970.72,919.22,207.6,Poor
29.38,64.81,3.19,713.46,533.4,110.0,Moderate
31.18,59.24,1.64,554.36,738.72,138.8,Moderate
23.77,72.3,0.65,311.95,275.09,10.0,Good
26.92,29.73,2.96,355.11,318.12,63.3,Satisfactory
29.18,38.83,3.73,708.04,923.38,158.8,Moderate
32.92,53.14,3.75,368.5,326.54,39.2,Good
25.64,32.02,3.82,673.05,926.39,199.3,Moderate
31.13,50.68,2.61,449.19,506.63,82.1,Satisfactory
26.4,51.26,0.15,697.81,868.04,139.8,Moderate
27.29,81.57,10.3,505.48,602.96,103.8,Moderate
32.98,60.57,3.71,524.94,492.4,95.2,Satisfactory
16.04,76.53,1.2,512.44,843.98,103.1,Moderate
20.22,63.43,4.22,463.27,498.95,41.0,Good
19.11,48.36,0.41,504.39,645.89,122.6,Moderate
14.0,60.41,3.26,622.23,626.94,105.8,Moderate
23.93,71.13,1.35,340.99,439.44,29.5,Good
32.5,79.48,0.45,959.91,1164.11,290.1,Poor
26.29,55.62,0.44,367.25,433.8,101.9,Moderate
29.19,28.34,2.81,877.58,988.0,193.8,Moderate
34.54,27.08,3.13,722.12,971.83,226.5,Poor
35.97,52.12,0.59,636.94,756.74,136.1,Moderate
27.59,20.0,1.37,93.52,114.66,10.0,Good
36.12,90.31,2.54,984.59,909.09,186.3,Moderate
28.55,68.74,1.0,583.28,675.74,64.4,Satisfactory
22.98,46.56,8.95,527.84,731.84,126.7,Moderate
24.43,38.03,2.84,80.0,317.98,10.0,Good
19.12,76.51,1.65,312.65,381.78,33.3,Good
22.67,37.95,4.8,647.88,870.87,156.3,Moderate
25.85,39.67,3.07,400.92,481.87,20.1,Good
32.82,44.21,2.57,962.46,1061.6,246.1,Poor
38.32,60.05,2.89,738.63,1024.26,180.4,Moderate
19.71,69.17,3.79,307.84,418.91,50.5,Satisfactory
30.36,79.47,0.89,399.01,704.55,86.3,Satisfactory
21.76,76.81,0.09,862.58,1132.07,224.3,Poor
30.85,58.01,5.15,344.9,126.31,10.0,Good
27.21,76.37,1.99,731.22,883.5,193.7,Moderate
17.01,45.92,1.11,695.5,601.69,139.3,Moderate
33.57,25.22,0.64,1058.12,1140.85,318.2,Very Poor
24.37,45.92,0.54,360.67,412.32,45.0,Good
24.8,43.49,2.22,293.76,398.71,43.2,Good
21.58,46.62,1.8,754.13,998.7,228.6,Poor
24.07,40.73,4.85,333.32,452.44,37.3,Good
30.57,49.7,3.2,751.57,924.57,218.8,Poor
26.86,69.16,3.73,436.4,375.61,61.9,Satisfactory
29.97,88.87,4.64,1172.1,1516.97,399.5,Very Poor
30.17,26.94,2.34,318.79,474.63,87.5,Satisfactory
35.92,34.82,6.86,712.43,838.84,165.7,Moderate
25.94,43.75,0.84,588.75,758.7,101.3,Moderate
19.14,71.78,4.55,502.88,408.5,73.9,Satisfactory
34.4,54.31,0.08,819.89,1040.33,176.6,Moderate
26.01,44.97,0.09,209.0,236.38,30.9,Good
34.69,70.9,0.4,908.81,1012.98,248.8,Poor
30.3,75.22,1.66,364.62,249.57,19.2,Good
27.21,57.66,0.06,1114.83,1183.19,282.6,Poor
30.09,43.31,1.6,263.56,224.89,40.9,Good
39.71,62.87,1.19,1060.82,1233.2,272.1,Poor
40.46,53.8,9.59,1011.85,1096.27,258.5,Poor
28.42,53.66,0.25,762.68,811.43,160.4,Moderate
28.96,48.78,2.12,746.74,1044.02,203.3,Poor
34.46,74.65,3.14,516.73,769.52,121.3,Moderate
22.93,62.5,6.48,485.74,594.75,81.0,Satisfactory
30.0,76.64,3.66,682.17,645.28,105.7,Moderate
27.84,82.05,5.21,753.22,740.2,158.4,Moderate
29.88,66.26,2.43,729.1,753.97,148.3,Moderate
23.0,48.88,0.73,1036.92,842.44,232.5,Poor
18.46,76.73,0.21,1006.07,1096.42,237.3,Poor
15.56,66.38,3.96,693.67,722.95,136.7,Moderate
21.3,95.0,1.12,762.93,687.61,109.3,Moderate
25.25,63.58,0.04,670.85,919.54,136.1,Moderate
26.24,70.56,1.26,389.45,398.05,37.6,Good
39.62,63.23,1.79,872.04,1302.39,270.8,Poor
34.64,56.22,5.88,320.75,340.27,21.8,Good
22.23,53.34,1.39,350.13,488.87,15.8,Good
30.09,63.3,1.81,513.32,594.9,125.6,Moderate
25.56,67.38,1.84,767.41,953.66,171.5,Moderate
26.29,78.78,4.46,271.49,333.81,48.0,Good
29.11,63.56,0.76,516.09,711.31,74.1,Satisfactory
31.72,49.67,2.75,711.24,1172.54,234.2,Poor
25.96,52.12,1.0,562.04,380.3,76.2,Satisfactory
34.38,34.19,5.77,525.91,514.53,128.2,Moderate
21.15,87.9,6.93,220.65,326.87,37.2,Good
28.04,48.26,2.13,252.74,483.66,65.0,Satisfactory
43.59,75.41,2.57,1000.96,1286.6,284.8,Poor
29.34,62.98,1.42,797.35,1217.51,196.1,Moderate
36.6,63.47,0.09,723.58,828.32,150.3,Moderate
28.55,55.89,1.85,133.52,273.38,37.6,Good
31.48,43.82,1.68,521.58,495.73,140.8,Moderate
27.66,40.57,1.22,662.53,710.27,139.3,Moderate
26.98,89.11,1.39,318.17,538.32,45.9,Good
23.32,60.05,2.79,391.54,665.23,89.4,Satisfactory
30.58,78.25,2.57,210.7,359.84,13.2,Good
22.89,82.93,1.43,609.46,731.77,103.4,Moderate
31.99,50.6,6.22,464.68,570.4,88.2,Satisfactory
34.51,65.62,0.81,762.91,1019.57,197.0,Moderate
30.2,58.81,3.96,442.18,448.21,67.1,Satisfactory
26.28,37.17,0.13,790.11,1138.93,196.1,Moderate
30.72,54.66,0.06,688.63,858.88,144.9,Moderate
26.15,68.58,0.79,740.76,1012.34,147.2,Moderate
33.61,49.02,1.7,752.26,836.17,141.2,Moderate
17.01,52.15,1.05,476.58,565.12,104.4,Moderate
25.99,54.88,2.21,595.37,877.55,124.5,Moderate
16.06,95.0,0.07,379.96,297.42,67.2,Satisfactory
19.03,24.99,0.69,573.53,566.83,125.9,Moderate
36.18,67.03,3.41,415.99,643.94,68.4,Satisfactory
33.37,53.44,2.77,783.54,1102.97,198.5,Moderate
23.68,46.47,0.88,1073.28,1158.05,247.5,Poor
18.98,53.0,2.06,217.0,316.72,10.0,Good
12.0,70.01,1.66,448.26,653.65,106.5,Moderate
24.74,71.04,1.72,716.72,790.17,140.9,Moderate
42.52,61.35,2.4,1130.44,1280.56,339.1,Very Poor
30.61,77.67,7.28,829.38,1267.01,238.1,Poor
24.64,80.84,7.42,306.23,363.12,54.0,Satisfactory
30.79,72.69,0.14,214.34,396.07,46.5,Good
18.63,48.17,1.35,573.06,701.81,140.2,Moderate
26.22,66.9,0.37,533.52,710.42,81.0,Satisfactory
28.6,66.99,2.6,773.57,721.38,131.2,Moderate
27.48,43.32,1.43,671.45,847.37,170.2,Moderate
32.74,29.75,4.62,731.35,937.25,199.7,Moderate
30.07,21.59,1.8,750.02,806.38,181.8,Moderate
32.01,59.26,6.45,891.83,1208.81,244.6,Poor
23.87,63.36,7.66,445.6,630.4,64.0,Satisfactory
33.39,36.73,6.25,602.06,697.51,110.0,Moderate
37.77,76.83,0.03,1052.97,1094.61,243.6,Poor
22.18,60.74,2.37,119.2,259.68,10.0,Good
22.67,82.29,1.21,604.16,991.54,157.1,Moderate
36.01,64.67,1.44,795.09,942.54,168.1,Moderate
26.85,38.81,3.96,634.36,805.9,162.8,Moderate
36.42,66.25,1.31,981.67,1347.05,295.6,Poor
25.34,70.06,1.92,716.91,677.0,129.8,Moderate
36.73,48.14,2.03,374.81,366.47,75.7,Satisfactory
28.79,32.04,0.06,1066.08,1307.51,323.5,Very Poor
29.55,59.81,1.09,400.69,555.19,70.5,Satisfactory
37.39,39.98,4.91,895.65,1050.17,195.8,Moderate
25.83,78.18,0.04,801.06,1023.27,216.6,Poor
22.35,50.67,3.09,998.78,1058.62,278.5,Poor
25.31,89.04,0.6,614.36,643.72,147.5,Moderate
30.71,20.0,1.18,1178.02,1343.82,359.2,Very Poor
18.61,60.43,3.68,604.48,759.78,128.7,Moderate
31.82,83.73,0.41,320.72,291.94,10.0,Good
24.77,41.97,1.3,953.3,1304.11,266.4,Poor
34.89,55.13,2.7,945.64,1282.03,299.2,Poor
13.63,50.75,0.7,128.37,136.06,16.4,Good
23.28,45.69,0.23,219.8,372.02,25.9,Good
17.88,62.4,1.8,813.1,1029.94,206.7,Poor
23.04,34.68,0.13,1139.05,1358.8,308.1,Very Poor
29.49,56.0,1.14,361.15,525.39,50.0,Good
26.92,67.29,0.62,735.5,1014.0,206.7,Poor
26.48,54.13,2.23,658.05,762.84,117.6,Moderate
27.04,40.0,2.28,396.92,536.9,99.1,Satisfactory
29.22,76.54,0.78,510.96,615.05,86.5,Satisfactory
21.95,71.14,6.32,364.64,338.61,10.0,Good
32.24,39.26,4.7,622.18,516.17,101.5,Moderate
31.98,34.71,0.5,495.34,541.89,62.0,Satisfactory
30.31,40.87,11.24,524.15,691.42,142.5,Moderate
31.34,67.81,3.52,831.04,876.46,164.3,Moderate
29.78,62.96,2.48,437.51,306.11,63.0,Satisfactory
40.21,72.22,2.65,656.35,905.93,126.3,Moderate
27.48,52.13,0.32,183.11,168.7,10.0,Good
26.16,41.35,5.38,350.44,473.12,75.5,Satisfactory
23.48,74.54,0.06,529.1,485.81,41.4,Good
21.81,48.04,2.64,190.54,272.03,18.5,Good
20.53,61.36,4.75,84.93,236.68,10.0,Good
22.67,30.1,0.56,855.28,1000.96,226.7,Poor
27.58,47.74,3.76,842.12,1026.95,213.8,Poor
30.01,76.17,1.98,615.48,604.13,99.0,Satisfactory
28.31,45.11,3.98,649.34,704.55,139.9,Moderate
23.41,72.66,4.56,138.96,284.83,10.0,Good
33.4,20.0,6.81,411.34,574.14,24.1,Good
32.44,47.93,5.6,836.08,943.2,226.3,Poor
27.04,54.92,0.09,135.84,254.37,37.9,Good
24.08,89.37,0.52,569.3,623.23,99.4,Satisfactory
31.29,36.96,2.91,357.54,634.74,49.1,Good
29.13,70.08,4.62,498.01,626.04,94.0,Satisfactory
19.31,77.02,0.42,284.08,252.27,30.8,Good
27.59,45.01,3.46,262.36,336.61,10.0,Good
29.57,51.28,5.94,459.59,612.51,94.8,Satisfactory
22.6,60.55,4.46,727.77,968.81,178.4,Moderate
29.14,31.33,3.41,982.45,1192.98,240.0,Poor
19.27,49.81,1.67,171.18,174.42,32.3,Good
36.02,80.97,1.58,671.29,709.55,123.3,Moderate
35.49,67.41,9.82,614.17,474.35,103.6,Moderate
26.48,55.18,1.07,1141.9,1263.11,293.2,Poor
30.18,60.04,1.12,403.92,399.81,71.0,Satisfactory
13.54,68.46,3.92,349.43,759.77,83.6,Satisfactory
21.06,71.9,2.72,580.92,446.44,93.2,Satisfactory
26.24,47.98,2.39,247.64,259.92,10.0,Good
21.57,85.62,4.17,427.39,432.75,102.8,Moderate
32.29,81.69,1.16,848.19,1033.5,182.6,Moderate
39.98,70.19,3.11,726.3,970.2,166.0,Moderate
20.94,42.83,0.1,766.02,678.14,156.9,Moderate
22.98,39.64,0.41,967.88,1174.81,204.7,Poor
29.41,52.12,3.47,542.49,485.22,101.6,Moderate
37.67,59.09,0.7,425.4,699.95,114.1,Moderate
20.67,26.17,1.5,313.64,310.91,65.8,Satisfactory
29.49,66.9,7.57,895.04,991.63,219.2,Poor
38.93,81.17,2.2,589.92,651.27,122.1,Moderate
18.09,68.38,2.22,229.81,412.41,48.0,Good
20.31,45.83,0.76,724.15,858.96,172.7,Moderate
25.46,43.7,1.72,670.5,768.14,120.4,Moderate
24.88,63.4,0.21,819.95,1007.6,194.5,Moderate
32.88,55.24,2.16,474.25,665.18,128.6,Moderate
29.45,65.97,1.69,80.0,299.04,10.0,Good
17.35,68.83,0.3,320.56,550.43,64.7,Satisfactory
31.09,77.65,1.62,349.48,365.27,21.1,Good
24.53,37.62,2.2,242.72,506.79,50.7,Satisfactory
35.65,61.99,1.33,427.16,659.45,87.8,Satisfactory
24.23,51.46,2.96,340.84,466.18,10.0,Good
24.18,56.22,0.44,1064.51,1073.57,272.0,Poor
31.25,73.56,1.75,443.06,575.44,93.5,Satisfactory
32.58,75.52,3.01,1028.83,1208.24,232.9,Poor
30.69,83.17,1.13,630.31,704.94,124.5,Moderate
17.89,65.66,9.02,778.01,904.15,173.8,Moderate
31.23,56.02,0.27,278.68,308.44,38.6,Good
21.79,53.45,1.16,333.24,443.45,46.8,Good
29.41,26.77,0.87,674.89,989.58,167.8,Moderate
19.46,82.12,1.72,606.27,671.16,103.5,Moderate
30.68,52.21,0.67,642.6,912.99,173.0,Moderate
23.16,67.11,1.91,556.1,958.35,134.2,Moderate
20.3,70.22,1.42,645.61,717.42,127.5,Moderate
32.28,35.58,3.08,468.35,618.55,76.3,Satisfactory
29.45,41.38,1.17,636.55,698.68,150.8,Moderate
24.32,85.85,1.0,301.34,441.41,44.6,Good
36.71,63.23,0.95,938.15,927.97,149.8,Moderate
25.36,47.55,1.33,1044.85,1144.82,256.6,Poor
28.19,55.73,2.83,305.7,553.09,57.9,Satisfactory
29.61,77.55,2.48,696.79,919.01,168.8,Moderate
24.28,74.82,3.64,176.78,110.16,29.4,Good
30.83,31.61,1.45,557.04,618.16,160.1,Moderate
24.8,87.42,8.77,495.09,759.5,124.4,Moderate
25.53,75.39,1.4,823.34,721.33,171.9,Moderate
36.18,55.26,3.81,1025.39,1291.58,276.6,Poor
21.76,36.55,2.78,390.5,430.56,87.7,Satisfactory
13.52,76.97,1.91,427.46,457.28,61.2,Satisfactory
37.67,66.58,4.57,544.52,628.17,134.2,Moderate
43.3,31.76,1.17,630.6,750.93,143.4,Moderate
25.57,53.82,2.64,435.76,519.61,77.1,Satisfactory
16.38,95.0,1.34,556.75,775.0,116.2,Moderate
26.14,58.3,2.58,191.01,338.59,16.4,Good
26.28,44.64,7.15,277.24,270.02,10.4,Good
26.86,39.85,1.07,392.21,577.24,81.6,Satisfactory
21.32,89.9,3.65,424.58,578.01,70.8,Satisfactory
31.48,73.26,0.37,1172.85,1251.16,344.1,Very Poor
31.15,83.33,5.29,648.81,641.81,113.8,Moderate
19.03,62.47,3.85,670.92,802.98,157.3,Moderate
32.2,80.57,0.07,501.66,551.0,42.2,Good
40.32,42.73,2.89,826.85,1019.93,184.7,Moderate
29.03,60.93,0.06,779.66,784.56,180.0,Moderate
25.98,63.17,3.23,625.15,683.82,128.1,Moderate
27.15,82.88,2.06,539.68,652.47,133.4,Moderate
31.69,63.74,4.76,408.86,395.36,67.3,Satisfactory
17.62,46.74,1.12,356.67,541.37,54.4,Satisfactory
28.99,59.15,2.17,395.52,396.78,62.4,Satisfactory
25.66,27.82,2.94,662.92,681.65,136.7,Moderate
39.09,20.0,0.01,422.1,775.18,103.0,Moderate
26.95,72.96,2.81,1094.67,1194.66,313.7,Very Poor
38.01,51.25,0.72,1015.9,1271.34,305.3,Very Poor
21.38,53.29,2.53,697.43,443.49,122.4,Moderate
31.52,72.96,3.38,402.33,326.01,29.3,Good
29.92,83.15,3.12,1059.58,1383.94,243.2,Poor
22.79,67.62,4.58,490.64,770.76,100.3,Moderate
29.06,92.71,0.12,1113.51,1481.87,341.4,Very Poor
35.28,67.05,8.93,241.9,276.23,10.0,Good
26.06,63.44,0.29,613.1,597.19,79.4,Satisfactory
17.85,62.33,2.15,140.65,168.65,17.5,Good
27.89,34.86,1.21,655.96,790.5,119.3,Moderate
22.59,75.21,1.57,622.88,840.41,117.1,Moderate
25.95,20.0,7.89,346.26,444.51,51.5,Satisfactory
27.51,47.45,0.37,791.23,1072.2,201.5,Poor
17.77,58.41,6.89,302.15,336.26,51.9,Satisfactory
18.31,43.78,3.85,383.89,275.08,31.6,Good
30.89,49.87,1.77,828.22,937.52,253.2,Poor
24.86,91.11,1.75,826.28,1230.67,246.5,Poor
12.61,77.87,3.13,591.21,643.76,115.8,Moderate
32.71,45.66,1.11,817.06,1004.88,193.7,Moderate
29.63,49.55,1.38,414.29,612.22,122.8,Moderate
23.72,35.01,2.14,398.58,656.31,64.4,Satisfactory
20.1,70.69,6.24,863.43,1000.04,202.9,Poor
33.01,53.5,1.55,1158.81,1354.85,329.7,Very Poor
30.1,22.6,0.09,442.23,489.21,55.1,Satisfactory
42.3,59.81,2.23,653.93,690.4,87.2,Satisfactory
30.52,65.9,1.65,623.07,610.27,91.0,Satisfactory
30.33,75.34,0.81,951.32,1228.53,222.0,Poor
27.0,56.68,2.6,637.7,593.13,92.1,Satisfactory
32.9,51.29,0.85,1060.41,1292.69,320.5,Very Poor
31.75,93.75,1.5,1123.11,1380.56,318.8,Very Poor
35.51,58.12,2.15,611.76,535.33,78.3,Satisfactory
24.87,70.95,2.37,755.77,994.76,187.7,Moderate
25.39,48.29,2.82,622.21,373.23,100.5,Moderate
25.13,70.42,3.21,519.84,612.27,102.6,Moderate
32.74,31.8,2.1,1106.58,1366.52,329.0,Very Poor
36.99,49.68,0.15,335.78,203.07,51.9,Satisfactory
25.25,36.25,2.46,220.27,127.67,10.0,Good
25.45,47.11,4.47,390.02,473.12,51.6,Satisfactory
29.88,80.51,0.08,789.45,957.91,181.0,Moderate
26.53,46.98,0.16,924.46,991.04,204.9,Poor
33.71,70.93,0.68,200.62,362.95,29.2,Good
14.49,85.31,4.22,143.96,128.58,10.0,Good
23.04,57.5,0.62,712.98,742.33,146.9,Moderate
23.31,75.89,4.27,290.76,205.49,23.4,Good
14.08,67.56,2.31,200.9,453.98,32.9,Good
22.22,60.1,0.9,506.16,651.71,114.4,Moderate
22.51,71.51,15.55,451.33,625.88,59.8,Satisfactory
26.79,91.12,0.29,434.93,680.06,69.0,Satisfactory
34.68,46.53,1.86,645.76,564.6,99.9,Satisfactory
26.53,40.73,0.52,646.77,679.68,154.6,Moderate
21.82,39.68,2.58,609.68,873.18,131.6,Moderate
27.66,75.9,0.56,864.38,945.18,167.8,Moderate
34.3,78.33,1.07,913.23,1101.64,240.0,Poor
22.14,48.33,0.72,613.58,594.67,41.1,Good
22.54,20.0,1.34,597.34,720.99,129.9,Moderate
31.35,45.85,4.43,468.57,502.82,106.5,Moderate
26.67,67.86,0.22,355.78,424.5,73.2,Satisfactory
31.88,56.8,0.64,943.0,1265.62,244.3,Poor
27.92,61.25,1.13,1049.22,1404.76,280.4,Poor
32.21,48.58,1.4,521.64,725.2,109.5,Moderate
21.79,76.25,5.89,238.56,363.18,49.8,Good
27.93,64.18,0.68,755.56,1009.23,163.8,Moderate
26.74,68.56,4.25,447.16,368.11,63.5,Satisfactory
20.7,60.86,6.55,233.8,392.71,41.4,Good
18.62,67.44,1.51,1065.54,988.39,254.5,Poor
32.11,66.25,0.47,1411.65,1711.71,427.9,Severe
25.89,41.29,5.25,128.51,220.71,21.3,Good
21.87,64.72,3.93,753.36,995.46,160.8,Moderate
27.42,72.25,0.4,805.3,997.29,243.9,Poor
34.77,78.79,7.43,995.32,929.97,213.7,Poor
14.32,65.49,0.77,297.82,379.74,10.0,Good
19.02,40.63,1.48,886.59,969.52,211.7,Poor
22.46,43.4,3.35,702.36,990.43,155.5,Moderate
36.77,50.17,6.69,429.25,527.6,62.3,Satisfactory
29.7,61.41,2.43,271.37,269.28,37.1,Good
32.6,55.8,1.31,693.26,760.45,109.5,Moderate
21.16,37.77,1.1,910.8,938.95,221.9,Poor
21.28,37.67,1.31,185.46,268.74,28.9,Good
30.69,20.23,11.08,246.32,131.98,10.0,Good
28.35,20.0,2.78,311.3,356.89,32.8,Good
31.29,55.63,2.11,928.22,1050.05,262.0,Poor
26.87,95.0,3.96,509.8,300.3,58.5,Satisfactory
29.67,90.34,1.42,475.72,586.3,81.5,Satisfactory
28.95,40.39,6.4,428.79,436.15,50.4,Satisfactory
32.67,60.7,3.01,457.71,482.81,42.5,Good
32.84,31.64,1.27,947.88,1315.8,266.5,Poor
18.28,34.38,0.99,958.69,1063.09,230.7,Poor
14.52,36.45,0.12,162.07,299.98,32.4,Good
34.01,53.94,4.42,249.28,464.51,10.0,Good
35.13,54.72,0.22,298.06,571.91,43.7,Good
21.88,62.55,6.09,336.57,507.21,94.7,Satisfactory
16.84,69.94,0.61,642.03,933.59,125.0,Moderate
28.59,51.94,0.73,721.22,750.64,141.9,Moderate
33.59,58.65,8.94,961.47,1176.86,281.6,Poor
38.79,38.31,4.12,1111.32,1175.28,302.3,Very Poor
31.1,33.8,2.05,477.81,598.97,93.6,Satisfactory
25.77,31.02,8.25,573.84,676.55,124.2,Moderate
22.64,69.69,1.67,504.31,554.15,79.1,Satisfactory
28.07,51.92,1.05,318.71,444.96,46.8,Good
26.2,24.32,2.26,343.19,291.17,32.8,Good
21.91,56.86,4.69,623.72,666.65,139.5,Moderate
40.29,35.52,0.32,925.29,994.48,212.9,Poor
38.71,87.89,0.7,731.11,955.48,160.9,Moderate
34.82,47.58,0.48,809.74,1079.26,232.0,Poor
22.47,70.27,0.37,463.95,517.88,74.7,Satisfactory
33.13,77.6,1.48,498.42,620.31,78.5,Satisfactory
31.84,40.81,0.36,436.73,574.72,32.5,Good
30.66,59.37,0.08,454.15,504.54,94.0,Satisfactory
35.5,67.96,0.7,347.87,646.34,82.4,Satisfactory
31.81,60.08,0.64,552.57,748.25,81.7,Satisfactory
32.44,64.5,2.85,692.85,753.9,145.7,Moderate
31.82,34.07,4.33,498.15,676.9,150.5,Moderate
30.04,67.97,0.85,727.19,1007.79,173.0,Moderate
17.3,49.25,0.72,174.9,481.47,52.1,Satisfactory
28.5,64.29,8.53,953.91,726.6,220.7,Poor
24.66,74.56,4.19,687.9,768.03,142.1,Moderate
20.32,70.04,2.55,333.18,141.59,10.0,Good
38.09,64.28,1.23,1058.67,1202.18,253.9,Poor
38.37,69.56,4.11,1165.37,1146.84,252.9,Poor
36.16,70.39,0.42,497.97,758.42,104.6,Moderate
29.53,84.92,4.28,689.63,853.7,149.2,Moderate
36.1,57.39,2.99,777.31,995.7,188.4,Moderate
28.07,60.95,3.55,851.62,1058.19,223.6,Poor
29.22,74.78,2.08,846.46,1177.26,215.7,Poor
21.44,49.17,0.25,1029.38,1053.55,251.5,Poor
30.38,33.97,0.44,677.07,836.53,131.8,Moderate
28.36,66.88,3.14,1034.05,1346.34,292.0,Poor
20.18,54.29,2.84,694.91,981.5,158.7,Moderate
27.69,36.26,0.97,975.7,1149.61,267.5,Poor
27.52,67.01,0.95,628.83,924.21,145.6,Moderate
38.79,83.76,5.36,1312.65,1356.83,362.6,Very Poor
33.37,28.66,1.81,251.09,328.93,10.6,Good
28.07,76.4,0.65,329.54,430.79,29.0,Good
29.49,20.0,6.12,349.71,378.32,70.5,Satisfactory
28.27,50.79,5.65,248.59,204.17,10.0,Good
26.78,91.13,1.8,230.09,425.24,48.0,Good
21.51,52.09,2.22,627.13,608.29,108.5,Moderate
27.09,59.62,4.21,295.94,259.13,12.2,Good
23.52,71.73,3.36,275.73,398.13,49.6,Good
20.5,27.1,0.24,1194.24,1180.52,330.5,Very Poor
31.07,59.3,6.3,641.19,423.02,84.3,Satisfactory
30.35,59.16,0.16,755.21,705.99,142.1,Moderate
17.28,91.52,2.81,1191.65,1253.28,349.0,Very Poor
27.26,35.76,0.34,667.55,757.13,122.5,Moderate
33.97,51.13,3.35,474.46,591.33,53.7,Satisfactory
34.36,41.29,0.75,1027.14,1250.32,305.1,Very Poor
34.16,39.38,0.82,639.47,818.01,146.3,Moderate
28.23,78.29,3.99,215.44,323.35,82.4,Satisfactory
22.93,58.48,0.34,722.38,610.19,104.1,Moderate
21.5,48.0,0.97,162.23,114.94,10.0,Good
30.07,48.68,0.36,233.2,395.73,15.4,Good
30.28,47.86,2.05,702.7,769.41,148.1,Moderate
35.72,49.47,0.35,546.56,769.44,107.4,Moderate
34.6,35.24,2.59,915.34,1034.97,238.7,Poor
27.21,53.34,5.58,661.97,678.25,124.2,Moderate
20.53,51.53,0.04,323.13,254.7,18.6,Good
26.09,44.36,0.76,1011.06,948.28,240.3,Poor
29.3,60.79,0.42,405.81,504.89,84.6,Satisfactory
26.79,62.32,0.25,448.74,613.38,68.7,Satisfactory
24.53,47.98,2.52,840.2,802.51,166.6,Moderate
29.52,55.41,2.23,1153.26,1239.73,296.5,Poor
24.98,95.0,6.26,944.0,986.38,265.9,Poor
24.23,95.0,3.61,712.31,1072.82,209.7,Poor
29.87,39.03,1.91,221.24,351.75,38.9,Good
25.59,41.54,2.41,368.86,509.78,32.9,Good
29.46,38.93,0.97,642.37,588.35,82.8,Satisfactory
29.64,77.03,2.49,1070.5,1211.43,282.4,Poor
21.16,50.83,0.16,709.8,776.51,146.6,Moderate
25.11,62.31,1.54,558.68,674.49,99.6,Satisfactory
36.63,93.95,2.9,597.5,398.14,61.8,Satisfactory
21.03,57.81,1.45,502.06,602.91,80.2,Satisfactory
15.3,70.71,0.8,1032.95,1135.48,285.2,Poor
16.83,67.37,2.0,872.93,965.52,234.8,Poor
28.17,47.41,0.64,534.77,546.81,95.9,Satisfactory
28.19,77.06,1.35,385.58,224.28,41.3,Good
27.29,42.71,3.94,291.58,412.82,93.3,Satisfactory
35.29,82.12,4.17,454.2,482.2,66.4,Satisfactory
12.0,47.43,2.28,538.69,472.89,101.5,Moderate
30.38,49.4,0.48,383.49,453.25,76.3,Satisfactory
37.37,38.41,1.21,662.2,576.29,111.7,Moderate
21.23,41.36,2.04,679.18,556.85,122.2,Moderate
25.72,50.32,0.75,189.25,372.41,11.6,Good
23.48,20.0,7.76,633.28,685.68,125.0,Moderate
22.63,53.8,0.77,642.32,754.92,147.7,Moderate
26.04,48.86,1.9,491.53,596.94,117.7,Moderate
36.56,72.22,4.41,1123.91,1306.79,329.1,Very Poor
39.02,65.61,6.74,272.12,637.13,58.3,Satisfactory
25.98,45.26,0.47,845.37,1140.37,206.1,Poor
39.43,49.75,0.18,607.0,678.78,145.9,Moderate
28.21,53.78,2.25,417.46,376.91,56.2,Satisfactory
38.52,84.75,8.53,468.44,395.94,60.0,Satisfactory
27.44,43.2,0.24,675.97,863.76,124.2,Moderate
28.79,45.04,1.26,622.63,849.21,146.1,Moderate
30.19,37.69,2.46,751.81,804.61,138.5,Moderate
45.0,31.32,1.99,520.01,566.14,74.6,Satisfactory
33.11,63.53,2.85,867.99,929.79,157.4,Moderate
23.76,61.65,5.95,290.49,421.15,42.6,Good
33.81,81.09,4.49,777.03,853.89,185.8,Moderate
25.83,76.75,1.23,698.07,505.6,104.6,Moderate
25.06,95.0,0.23,481.42,737.63,163.8,Moderate
33.45,56.67,4.8,341.78,331.85,30.8,Good
28.19,53.31,1.25,136.3,264.07,18.8,Good
29.67,34.6,1.96,511.29,636.99,107.9,Moderate
28.08,70.54,4.09,656.48,750.61,149.5,Moderate
30.02,60.13,4.67,768.0,941.47,182.8,Moderate
30.55,69.72,3.88,738.3,951.11,183.6,Moderate
16.38,37.5,7.4,799.12,834.79,158.1,Moderate
32.0,64.33,1.74,433.51,689.43,30.2,Good
22.11,61.69,0.83,670.22,682.84,109.4,Moderate
19.35,60.5,0.55,564.96,492.46,91.7,Satisfactory
27.65,45.7,0.89,787.05,796.6,188.2,Moderate
28.5,79.41,0.94,1053.93,1021.66,270.2,Poor
23.84,94.91,2.29,369.09,253.36,72.2,Satisfactory
32.99,38.01,3.14,369.34,568.26,54.3,Satisfactory
19.95,70.97,0.44,172.48,277.55,18.4,Good
25.56,20.0,4.1,708.67,690.01,172.8,Moderate
24.49,70.03,4.46,364.02,389.34,31.8,Good
27.72,24.34,3.21,580.56,670.61,120.2,Moderate
29.67,48.55,1.06,233.17,351.5,19.4,Good
21.95,34.37,5.76,962.28,1253.52,306.5,Very Poor
32.35,54.12,1.71,902.1,934.55,190.5,Moderate
28.38,73.1,0.7,734.29,812.26,156.7,Moderate
16.65,24.57,0.44,561.38,670.94,119.6,Moderate
16.25,51.53,2.1,369.29,368.61,60.7,Satisfactory
27.93,48.76,1.09,917.78,1109.92,263.8,Poor
26.67,86.46,0.28,697.5,726.92,129.2,Moderate
27.38,65.77,0.16,973.89,1279.33,298.4,Poor
27.83,36.81,2.44,343.85,466.72,68.0,Satisfactory
29.35,49.52,0.21,483.06,520.21,82.2,Satisfactory
33.69,86.01,4.52,445.45,547.71,98.5,Satisfactory
21.33,70.86,0.52,212.46,470.66,10.0,Good
20.97,41.47,2.83,155.67,113.14,10.0,Good
21.44,53.19,2.06,739.0,1022.93,173.8,Moderate
29.73,53.77,0.81,312.57,318.71,46.7,Good
35.47,48.32,6.33,536.61,826.44,115.7,Moderate
25.41,27.22,3.28,797.69,952.89,191.4,Moderate
12.99,45.8,1.6,494.14,608.21,88.3,Satisfactory
17.78,83.01,0.6,426.72,558.36,59.3,Satisfactory
23.0,51.14,3.04,467.19,367.78,65.6,Satisfactory
24.65,56.14,3.5,413.58,455.75,57.5,Satisfactory
25.55,60.53,1.87,858.72,1084.16,226.0,Poor
28.23,95.0,1.64,603.69,690.53,105.3,Moderate
26.13,58.16,3.27,440.19,637.0,52.7,Satisfactory
34.3,77.69,1.56,731.68,894.68,155.3,Moderate
23.94,47.23,0.69,376.97,492.36,56.6,Satisfactory
22.83,53.33,0.24,564.38,521.68,111.0,Moderate
30.87,58.23,1.57,433.16,560.36,94.5,Satisfactory
18.79,44.07,3.54,375.8,318.9,26.8,Good
30.34,54.33,1.57,751.76,676.63,169.0,Moderate
28.62,73.98,4.05,844.84,1064.1,229.4,Poor
27.12,43.59,2.22,583.06,774.4,131.5,Moderate
37.53,58.0,2.84,711.15,894.04,138.6,Moderate
24.27,70.76,0.77,574.55,570.07,81.3,Satisfactory
40.36,43.16,1.46,971.51,960.31,218.0,Poor
26.65,77.72,2.19,964.96,1099.93,192.3,Moderate
20.34,59.31,1.94,567.27,466.04,92.1,Satisfactory
28.42,55.03,1.86,544.86,424.65,74.3,Satisfactory
21.54,21.85,0.43,751.59,750.18,135.1,Moderate
23.49,51.27,0.09,594.83,492.74,67.9,Satisfactory
30.38,64.69,0.38,673.83,737.63,121.8,Moderate
31.33,89.42,2.35,376.39,410.65,29.7,Good
24.27,68.22,1.26,436.89,497.73,73.9,Satisfactory
33.92,78.27,0.63,511.68,706.31,111.6,Moderate
34.95,36.24,1.23,413.35,262.37,10.0,Good
36.62,55.72,1.53,465.41,462.72,60.4,Satisfactory
31.18,79.97,0.27,1012.76,1033.82,224.5,Poor
36.18,42.02,5.08,336.12,387.77,26.0,Good
16.72,75.37,2.97,316.8,341.58,32.3,Good
26.09,71.2,2.73,591.97,743.2,130.3,Moderate
22.8,62.95,1.91,688.25,562.26,126.3,Moderate
28.72,52.08,3.22,643.51,598.9,111.5,Moderate
24.57,40.25,1.54,644.17,645.03,140.8,Moderate
27.0,89.96,0.61,553.09,531.11,44.7,Good
39.29,69.37,2.78,622.35,719.45,162.8,Moderate
26.98,64.13,4.25,901.51,1258.52,261.5,Poor
30.48,50.57,0.47,508.62,751.33,119.6,Moderate
26.61,58.68,0.16,730.7,764.82,87.8,Satisfactory
28.45,60.96,7.97,350.87,260.32,26.3,Good
28.04,65.2,5.64,521.01,664.32,81.9,Satisfactory
30.69,71.22,1.72,585.18,552.16,66.2,Satisfactory
34.99,43.92,2.2,652.96,894.99,164.7,Moderate
37.88,31.6,11.57,125.99,445.27,10.0,Good
29.86,59.52,3.19,1071.89,1529.61,325.3,Very Poor
31.54,26.55,2.95,501.53,675.96,121.6,Moderate
21.09,52.17,1.59,390.41,472.93,10.0,Good
27.47,48.83,2.7,1303.17,1581.32,411.6,Severe
33.64,66.85,3.18,466.54,542.34,52.5,Satisfactory
33.2,93.69,2.02,369.44,637.49,50.7,Satisfactory
29.27,23.0,1.35,756.06,831.86,176.0,Moderate
33.32,95.0,2.06,907.6,1156.69,227.3,Poor
30.94,53.8,1.96,465.76,409.13,52.3,Satisfactory
35.2,64.26,0.04,692.14,871.48,126.1,Moderate
29.74,32.53,9.86,708.4,858.63,175.7,Moderate
25.87,75.94,2.95,751.58,776.34,113.5,Moderate
30.02,58.75,4.91,516.39,588.1,107.5,Moderate
12.0,56.89,2.28,823.18,949.78,199.9,Moderate
30.3,23.13,0.92,1124.42,1377.12,310.9,Very Poor
12.0,59.33,4.03,631.8,808.26,178.8,Moderate
17.66,73.22,0.14,461.65,470.57,89.1,Satisfactory
30.71,53.75,3.06,1380.88,1549.17,391.4,Very Poor
30.87,79.14,3.99,221.52,232.69,10.0,Good
21.03,78.39,1.56,845.84,798.44,173.4,Moderate
23.73,46.46,2.79,168.22,100.0,10.0,Good
36.22,86.71,2.91,501.13,653.66,141.0,Moderate
25.1,58.82,1.15,612.7,777.27,115.1,Moderate
41.46,58.9,2.8,604.24,852.02,135.9,Moderate
27.99,59.78,1.63,498.15,520.51,89.7,Satisfactory
30.45,59.25,1.61,696.42,858.25,200.5,Poor
37.7,20.0,2.89,644.69,743.67,137.5,Moderate
28.79,54.66,1.21,944.49,1042.27,217.2,Poor
21.99,33.45,1.55,619.51,761.91,151.1,Moderate
27.34,87.27,8.26,163.97,246.62,10.0,Good
27.79,86.55,5.19,332.25,460.75,55.3,Satisfactory
19.81,73.33,1.35,706.84,796.29,150.9,Moderate
26.47,53.71,1.67,816.09,986.22,212.3,Poor
23.55,39.86,0.85,575.83,653.9,142.7,Moderate
33.55,46.16,1.15,398.07,614.85,129.7,Moderate
28.21,92.97,1.22,527.64,692.3,125.3,Moderate
26.3,45.54,1.92,435.49,522.84,27.8,Good
27.36,20.0,0.06,414.78,503.46,54.7,Satisfactory
29.34,76.54,1.12,798.76,1039.98,238.4,Poor
31.7,85.01,0.91,477.68,648.54,76.7,Satisfactory
22.0,87.87,5.79,625.64,853.77,137.9,Moderate
21.75,76.69,1.65,915.92,828.56,180.4,Moderate
34.63,79.63,2.2,774.6,925.42,151.4,Moderate
25.53,58.95,1.08,707.0,735.38,164.5,Moderate
19.5,20.63,1.66,673.29,753.68,172.4,Moderate
30.66,58.5,1.15,850.5,906.51,182.6,Moderate
30.78,69.19,1.95,830.97,1040.16,144.9,Moderate
18.82,55.57,2.78,375.48,481.43,40.2,Good
29.38,54.74,0.29,990.23,1164.6,208.7,Poor
32.41,40.65,3.16,506.39,679.96,112.6,Moderate
30.25,39.97,0.54,481.11,602.55,76.1,Satisfactory
31.79,91.09,8.49,651.56,777.97,107.7,Moderate
19.57,91.74,1.91,621.07,973.97,147.4,Moderate
29.99,57.95,2.17,658.01,876.72,142.0,Moderate
26.18,63.07,2.25,742.32,816.51,182.8,Moderate
25.1,40.34,1.79,645.78,639.38,139.9,Moderate
33.22,69.57,0.75,692.99,985.38,175.6,Moderate
36.88,89.67,2.17,603.28,915.46,149.4,Moderate
38.77,30.47,2.05,677.73,916.7,164.1,Moderate
35.89,66.35,0.64,470.67,754.96,83.4,Satisfactory
27.34,67.7,0.3,1027.13,1251.65,268.2,Poor
30.12,67.5,4.01,382.11,301.39,50.4,Satisfactory
32.6,87.57,1.11,675.75,722.29,109.3,Moderate
28.73,94.65,1.44,866.43,1149.44,226.3,Poor
28.78,53.8,2.06,850.36,1039.64,193.1,Moderate
32.94,70.12,0.72,527.9,812.79,91.3,Satisfactory
27.64,59.52,2.36,477.66,659.4,103.1,Moderate
23.62,46.62,1.51,810.96,955.8,126.9,Moderate
25.51,62.87,1.67,766.18,1012.28,234.4,Poor
31.8,70.09,4.72,804.95,837.74,173.0,Moderate
28.02,61.9,1.99,971.72,976.97,233.9,Poor
30.04,42.14,1.36,703.18,764.6,142.8,Moderate
32.02,49.66,0.47,406.46,570.96,53.0,Satisfactory
25.75,49.79,2.24,385.33,568.85,79.5,Satisfactory
32.54,42.84,3.86,552.02,403.46,88.4,Satisfactory
30.27,63.64,1.39,594.98,892.58,114.1,Moderate
20.59,65.53,3.84,291.21,438.84,71.7,Satisfactory
36.65,75.63,2.27,372.05,565.67,98.9,Satisfactory
25.0,42.56,1.83,499.19,699.75,130.6,Moderate
18.07,47.61,2.55,665.54,892.44,170.6,Moderate
21.73,85.98,0.32,371.85,717.84,76.3,Satisfactory
21.87,55.04,1.13,80.0,122.71,15.3,Good
28.31,58.54,1.18,761.19,937.37,185.6,Moderate
26.36,54.85,1.45,1169.9,1491.58,361.0,Very Poor
25.98,78.39,7.41,458.15,674.72,65.8,Satisfactory
31.72,79.09,1.89,645.71,657.75,148.3,Moderate
30.04,78.04,0.25,693.35,882.98,164.8,Moderate
29.9,58.48,0.85,780.84,948.28,200.8,Poor
30.46,42.3,1.67,751.34,848.08,182.0,Moderate
31.7,92.65,1.98,492.62,589.38,86.4,Satisfactory
15.35,73.41,0.0,999.11,1212.15,298.1,Poor
25.81,49.78,2.76,448.79,691.83,71.5,Satisfactory
14.92,83.63,2.87,270.39,314.16,17.8,Good
28.22,48.36,0.45,1026.24,1143.02,299.8,Poor
27.97,83.39,3.77,513.74,542.44,80.3,Satisfactory
34.27,84.61,1.38,630.15,839.76,150.0,Moderate
35.13,41.41,0.58,1188.61,1529.35,349.1,Very Poor
29.22,68.47,0.4,526.82,508.35,50.9,Satisfactory
25.0,72.08,2.71,937.85,1132.1,286.4,Poor
30.91,95.0,0.92,788.66,914.8,174.0,Moderate
24.83,44.64,2.19,562.41,575.75,137.5,Moderate
27.99,83.79,0.38,378.48,364.42,59.7,Satisfactory
33.92,58.31,1.2,614.37,760.97,128.3,Moderate
24.65,35.66,2.54,618.19,522.26,92.4,Satisfactory
32.83,55.84,4.6,663.31,775.94,121.8,Moderate
32.06,58.04,5.03,492.6,443.82,56.7,Satisfactory
22.27,38.94,4.52,564.35,439.13,104.8,Moderate
33.84,63.62,12.12,292.07,433.38,57.8,Satisfactory
32.19,75.24,2.22,609.56,480.21,95.6,Satisfactory
28.61,62.29,0.37,771.95,924.0,197.4,Moderate
23.43,48.25,0.87,653.06,719.59,138.9,Moderate
22.84,55.33,4.91,885.73,950.86,184.7,Moderate
24.77,57.92,0.74,219.94,100.9,15.5,Good
31.26,61.91,1.25,663.77,928.67,141.8,Moderate
22.27,77.98,3.7,564.56,492.76,97.1,Satisfactory
30.63,62.89,0.85,631.33,772.7,122.3,Moderate
20.55,32.75,5.12,103.4,141.62,10.0,Good
26.78,47.88,2.17,1048.05,1243.47,282.9,Poor
28.66,60.99,9.18,537.42,471.0,72.9,Satisfactory
42.67,78.23,6.42,810.56,1083.1,237.6,Poor
19.74,81.36,3.8,112.14,158.11,18.0,Good
36.83,89.94,2.47,531.7,844.58,184.7,Moderate
28.9,60.35,2.26,377.84,559.32,59.2,Satisfactory
30.47,71.74,1.56,854.88,928.31,180.0,Moderate
28.71,31.82,2.97,974.42,811.45,180.9,Moderate
30.67,65.74,0.06,476.62,694.18,79.6,Satisfactory
27.08,38.65,6.66,641.66,648.37,107.9,Moderate
36.72,56.87,9.31,589.36,629.29,95.2,Satisfactory
25.26,95.0,3.6,513.38,507.56,83.2,Satisfactory
34.79,63.46,6.22,483.98,625.24,71.5,Satisfactory
24.13,42.45,1.96,267.29,290.72,26.5,Good
27.64,65.34,1.48,754.24,799.92,197.9,Moderate
21.57,48.69,1.14,437.71,553.78,97.9,Satisfactory
30.73,40.71,0.9,924.04,821.11,246.1,Poor
36.67,95.0,2.36,406.77,457.94,55.1,Satisfactory
27.54,77.2,5.09,341.11,500.25,78.4,Satisfactory
26.82,64.22,0.08,777.17,789.32,156.2,Moderate
21.31,50.95,0.5,522.14,559.6,87.8,Satisfactory
26.62,52.41,0.83,236.79,324.35,26.2,Good
18.44,85.76,0.19,919.79,997.17,252.0,Poor
22.52,63.52,3.25,398.38,255.06,36.0,Good
29.36,20.0,2.85,524.95,589.3,88.2,Satisfactory
35.91,95.0,4.02,883.07,1013.17,189.7,Moderate
44.86,61.3,3.59,985.68,948.13,212.1,Poor
24.48,64.18,5.06,691.02,920.12,200.6,Poor
36.61,77.56,3.31,504.49,544.23,87.1,Satisfactory
29.46,66.38,1.8,675.51,758.53,153.9,Moderate
27.09,71.44,1.54,483.06,774.17,101.6,Moderate
30.6,50.37,2.6,851.54,1047.68,222.5,Poor
28.37,35.86,2.31,438.62,539.22,75.7,Satisfactory
28.66,63.04,0.86,827.56,1031.9,208.8,Poor
25.55,83.77,0.03,536.32,510.29,73.7,Satisfactory
19.61,46.34,1.02,297.46,208.59,26.4,Good
18.74,44.9,8.45,336.55,260.48,10.0,Good
31.92,79.98,0.05,968.12,978.63,217.4,Poor
26.34,49.77,2.27,390.63,543.91,51.5,Satisfactory
24.42,50.61,6.86,80.0,100.0,10.0,Good
28.05,51.28,4.11,416.63,420.39,25.4,Good
32.77,56.83,4.69,385.14,501.24,42.7,Good
29.08,29.67,4.23,470.55,724.24,112.0,Moderate
24.06,48.29,0.19,555.09,620.09,80.8,Satisfactory
35.36,62.15,5.85,777.53,1068.61,232.1,Poor
37.48,62.02,6.57,778.55,941.04,182.0,Moderate
30.97,78.84,0.32,531.78,812.65,83.8,Satisfactory
33.84,91.11,1.13,289.64,451.42,13.4,Good
35.45,85.22,1.99,595.68,746.94,115.4,Moderate
34.78,74.46,1.15,742.45,766.09,159.1,Moderate
31.68,55.32,0.76,384.29,287.71,53.7,Satisfactory
31.59,46.78,0.79,313.97,576.94,59.6,Satisfactory
31.12,58.32,3.58,599.79,550.41,119.7,Moderate
21.42,68.54,4.57,658.43,968.28,161.2,Moderate
32.2,72.79,0.79,845.77,1188.92,210.4,Poor
19.87,69.22,4.54,824.93,782.14,151.4,Moderate
23.23,55.82,1.14,476.27,574.17,59.6,Satisfactory
35.82,72.16,0.36,615.92,637.42,90.3,Satisfactory
33.04,80.7,2.53,905.55,1147.84,210.2,Poor
36.92,73.84,1.9,793.93,876.81,199.1,Moderate
26.37,57.42,2.63,735.38,993.5,165.7,Moderate
21.09,42.99,2.59,622.76,759.1,173.5,Moderate
26.56,42.56,2.33,643.84,753.46,115.2,Moderate
28.61,45.74,1.68,710.79,843.48,206.6,Poor
28.47,62.63,4.45,309.22,275.31,43.2,Good
34.8,67.36,3.33,428.19,303.89,36.9,Good
25.83,32.54,1.19,686.02,858.82,160.4,Moderate
30.11,48.93,1.15,738.49,959.17,180.9,Moderate
22.07,62.38,0.16,292.77,350.37,26.3,Good
30.7,41.81,0.22,512.88,709.83,129.2,Moderate
28.02,65.81,1.55,126.34,430.81,12.2,Good
23.5,52.47,3.96,942.55,1020.33,203.5,Poor
26.59,44.98,0.63,833.17,848.25,167.8,Moderate
26.89,58.96,3.48,104.36,276.14,19.3,Good
26.38,65.06,2.25,664.57,782.06,131.8,Moderate
38.63,42.73,0.69,208.37,463.4,52.6,Satisfactory
27.41,53.63,1.98,288.15,179.7,15.4,Good
26.54,66.42,1.9,469.03,602.0,114.7,Moderate
15.42,44.28,0.73,1104.4,1342.06,332.9,Very Poor
22.63,28.16,3.27,596.04,765.63,111.8,Moderate
26.42,30.34,4.31,874.78,1033.08,168.8,Moderate
23.88,50.48,1.31,528.41,434.39,52.5,Satisfactory
36.29,34.27,0.42,552.77,625.9,135.6,Moderate
27.01,51.74,4.5,786.47,971.21,218.6,Poor
35.73,87.97,0.19,883.97,1038.8,179.5,Moderate
28.37,33.19,2.45,269.42,301.86,33.6,Good
28.22,52.91,0.63,871.09,1062.47,235.0,Poor
27.47,95.0,0.36,798.75,1047.5,233.2,Poor
28.02,65.35,0.99,358.16,314.48,17.9,Good
38.31,51.38,1.89,408.8,573.05,76.0,Satisfactory
14.08,55.18,0.5,789.78,954.09,201.7,Poor
15.99,65.73,0.28,533.13,507.13,64.7,Satisfactory
24.74,88.52,0.1,963.03,1210.97,303.8,Very Poor
28.09,48.44,6.86,929.04,1097.04,258.4,Poor
32.14,44.36,2.64,463.97,532.58,102.0,Moderate
30.84,33.18,0.69,439.29,582.24,67.2,Satisfactory
25.69,59.86,2.77,297.54,460.75,41.1,Good
34.11,32.7,1.87,545.38,642.89,95.0,Satisfactory
34.18,49.65,3.59,210.35,385.1,43.5,Good
29.1,41.64,1.44,552.25,820.08,110.9,Moderate
33.78,77.33,4.19,620.25,904.15,150.2,Moderate
29.64,48.85,0.83,441.9,530.19,57.5,Satisfactory
24.63,65.14,2.23,407.77,265.68,45.0,Good
32.19,29.13,3.95,612.09,712.36,119.1,Moderate
28.66,60.37,2.34,522.56,603.4,78.7,Satisfactory
28.01,36.34,8.67,560.69,691.36,109.6,Moderate
36.84,50.34,3.53,953.75,1068.91,256.8,Poor
13.29,95.0,2.73,271.16,477.08,38.6,Good
19.49,74.78,1.22,775.31,871.69,174.9,Moderate
20.88,55.69,2.28,498.39,545.84,108.0,Moderate
25.82,95.0,5.29,716.89,918.37,146.0,Moderate
26.47,41.53,1.04,629.68,569.63,67.9,Satisfactory
18.96,78.97,0.6,742.97,638.92,113.5,Moderate
22.09,30.41,1.05,592.2,562.5,132.6,Moderate
22.83,53.61,0.98,630.01,682.31,108.0,Moderate
42.74,33.74,3.09,586.27,830.26,158.7,Moderate
38.81,62.63,7.86,857.31,1031.77,199.3,Moderate
25.53,59.01,0.21,314.28,426.37,37.6,Good
25.82,52.46,1.93,216.96,293.94,15.9,Good
21.1,77.66,0.5,924.66,878.26,211.6,Poor
16.55,47.79,2.55,657.31,643.72,103.2,Moderate
27.3,63.88,2.85,482.63,634.57,116.7,Moderate
22.01,72.77,0.99,399.89,600.48,54.5,Satisfactory
27.49,31.3,3.17,598.98,818.51,140.8,Moderate
18.4,44.53,0.8,432.81,638.52,78.2,Satisfactory
23.43,58.97,0.8,619.0,648.04,102.0,Moderate
28.89,69.34,0.65,418.86,494.7,71.3,Satisfactory
30.2,83.58,1.06,377.23,514.77,76.2,Satisfactory
30.5,54.11,1.74,718.61,975.58,163.9,Moderate
20.08,52.3,1.54,879.23,916.67,219.4,Poor
33.13,42.29,2.11,707.6,597.71,149.3,Moderate
23.2,63.94,3.02,862.49,853.62,163.4,Moderate
31.8,52.65,2.14,397.0,550.08,69.2,Satisfactory
27.94,53.07,6.75,434.23,290.73,35.9,Good
19.74,56.31,1.87,859.28,1175.33,212.8,Poor
26.1,67.93,3.7,373.19,585.07,40.6,Good
30.19,47.85,0.16,434.66,696.07,100.2,Moderate
31.68,44.1,2.11,425.21,439.72,93.6,Satisfactory
27.15,65.77,1.52,583.83,654.56,94.4,Satisfactory
37.19,20.0,1.38,200.14,186.68,14.6,Good
34.05,47.13,5.2,949.12,1242.27,254.7,Poor
26.46,37.28,8.95,181.67,232.84,26.1,Good
32.5,79.66,3.05,872.71,1050.42,239.0,Poor
39.6,50.06,0.1,604.56,843.43,138.4,Moderate
39.76,47.91,0.93,867.05,978.11,219.5,Poor
20.63,57.12,0.22,1033.58,1077.95,262.8,Poor
22.44,47.28,2.06,289.67,510.26,68.6,Satisfactory
36.91,50.75,2.7,406.63,605.93,51.6,Satisfactory
21.65,59.75,0.14,1013.02,1147.5,295.1,Poor
20.06,50.4,6.01,831.18,742.82,155.1,Moderate
25.08,50.27,0.36,573.01,729.82,105.8,Moderate
30.52,39.82,2.58,314.4,423.86,43.6,Good
27.39,37.23,5.9,482.76,539.9,89.2,Satisfactory
24.1,59.09,2.1,868.19,1011.34,194.9,Moderate
23.95,63.52,0.74,635.92,690.62,131.5,Moderate
23.73,32.29,0.68,565.83,749.82,126.1,Moderate
22.72,71.68,2.16,567.73,737.67,129.0,Moderate
41.69,71.75,3.7,1186.06,1254.6,329.9,Very Poor
29.79,75.54,2.49,790.22,812.49,164.8,Moderate
33.32,63.4,0.66,414.52,497.81,69.2,Satisfactory
25.07,69.47,1.48,359.21,603.62,60.7,Satisfactory
26.88,95.0,0.54,554.27,706.64,137.6,Moderate
23.72,52.57,0.54,529.72,471.35,10.0,Good
12.09,39.18,0.5,352.42,488.44,101.3,Moderate
19.73,30.39,1.14,668.74,710.21,156.3,Moderate
17.14,89.6,1.66,404.75,385.54,65.9,Satisfactory
14.5,89.84,11.85,161.94,309.79,10.0,Good
20.83,41.36,2.36,441.41,542.18,85.3,Satisfactory
35.95,44.91,0.71,396.35,437.18,23.1,Good
27.73,52.17,1.7,198.93,291.94,37.6,Good
35.74,80.04,1.93,597.61,796.98,137.6,Moderate
30.47,34.83,4.81,596.73,641.9,136.2,Moderate
32.7,22.6,0.15,574.59,881.34,117.6,Moderate
22.59,95.0,0.24,414.9,411.76,13.9,Good
31.14,63.62,2.91,642.17,850.34,170.4,Moderate
32.37,66.18,3.2,932.83,1153.94,220.7,Poor
24.54,54.31,2.92,554.91,679.8,92.7,Satisfactory
31.36,66.38,2.89,590.38,483.76,83.5,Satisfactory
31.4,30.74,7.87,603.75,676.78,137.0,Moderate
24.7,42.86,4.35,474.51,516.26,29.0,Good
21.26,59.89,0.18,1018.9,1134.06,263.4,Poor
20.9,20.0,1.28,234.35,403.67,45.8,Good
28.52,52.55,1.2,418.66,397.31,52.1,Satisfactory
29.96,51.45,1.53,469.63,770.65,126.8,Moderate
23.24,52.55,1.03,455.57,756.11,141.1,Moderate
28.16,48.08,0.4,601.64,679.35,117.3,Moderate
31.42,40.07,1.96,652.21,923.71,163.3,Moderate
31.71,25.2,5.08,751.79,922.02,169.9,Moderate
37.31,60.61,0.99,485.82,742.96,71.7,Satisfactory
35.66,52.6,2.34,374.14,609.33,71.9,Satisfactory
21.99,33.24,1.58,403.03,359.69,23.9,Good
38.1,59.13,2.89,567.96,777.78,114.8,Moderate
24.81,52.69,1.43,642.95,1031.35,166.9,Moderate
34.27,49.7,0.82,777.21,1232.87,220.2,Poor
28.41,20.0,1.06,998.16,1064.45,284.7,Poor
25.53,70.29,4.91,934.93,1016.02,214.3,Poor
17.15,35.81,1.8,80.0,306.57,10.0,Good
26.97,59.14,1.74,489.37,609.22,62.9,Satisfactory
18.64,43.45,4.78,414.84,410.67,46.6,Good
33.8,51.0,5.56,387.65,447.16,47.8,Good
37.1,78.74,0.25,546.59,797.17,114.6,Moderate
23.22,67.57,3.63,477.85,600.89,59.6,Satisfactory
29.81,78.34,1.89,719.64,913.73,162.8,Moderate
23.65,63.95,5.58,452.02,629.86,76.2,Satisfactory
24.23,65.13,0.15,439.76,465.38,47.9,Good
32.65,25.94,2.17,1431.74,1698.46,412.4,Severe
27.77,52.28,3.03,387.63,700.04,100.8,Moderate
38.44,53.95,1.22,849.89,1239.19,221.5,Poor
25.11,80.03,3.45,488.37,704.56,88.3,Satisfactory
34.0,48.89,3.7,499.73,701.47,115.8,Moderate
28.58,62.77,1.6,662.5,649.51,130.9,Moderate
32.77,62.06,1.49,341.45,528.91,60.6,Satisfactory
25.32,78.84,4.03,373.98,407.68,37.3,Good
27.7,55.59,2.13,836.43,925.92,215.9,Poor
27.31,72.9,2.84,1047.42,1133.15,290.0,Poor
22.98,27.31,2.12,241.37,263.69,15.5,Good
31.97,28.95,2.02,747.86,753.45,165.2,Moderate
31.9,20.0,1.48,467.31,630.31,122.3,Moderate
31.56,72.15,3.02,363.0,207.87,14.8,Good
37.22,70.13,0.64,411.2,784.78,67.0,Satisfactory
36.7,74.14,0.16,315.04,652.65,74.5,Satisfactory
25.75,45.81,1.74,1082.91,1091.19,243.8,Poor
30.24,47.86,5.65,456.07,508.55,55.4,Satisfactory
24.26,55.82,2.14,1018.79,1215.13,284.7,Poor
28.14,83.99,1.34,795.1,881.02,142.5,Moderate
24.4,88.49,1.15,372.02,667.58,58.3,Satisfactory
37.72,72.29,1.07,956.38,926.14,232.1,Poor
30.18,63.96,5.01,485.89,639.08,108.4,Moderate
26.69,82.04,0.94,579.63,818.16,147.4,Moderate
35.16,53.39,1.77,847.86,1056.1,205.4,Poor
14.98,50.96,1.25,627.74,596.77,103.0,Moderate
15.92,55.68,0.76,655.66,733.23,141.1,Moderate
32.78,40.38,5.23,752.61,876.91,178.6,Moderate
28.36,54.85,0.43,993.69,1375.44,313.6,Very Poor
29.5,37.89,3.12,533.51,631.13,80.9,Satisfactory
20.04,76.45,0.21,291.51,425.88,38.5,Good
27.86,67.79,1.5,296.24,606.29,41.5,Good
40.02,83.73,4.62,781.25,995.11,215.1,Poor
32.95,28.67,1.02,294.0,463.25,56.0,Satisfactory
29.02,92.23,2.87,581.36,562.69,89.5,Satisfactory
25.37,29.7,0.96,480.84,546.05,70.4,Satisfactory
25.63,36.43,1.21,1095.3,1404.86,336.8,Very Poor
15.22,46.83,3.51,172.9,360.56,28.4,Good
29.55,81.54,2.93,1039.43,1160.41,283.6,Poor
33.07,62.06,5.7,1112.4,1228.41,315.5,Very Poor
18.55,53.61,3.99,603.73,655.65,111.8,Moderate
24.03,43.73,1.27,112.41,239.54,10.0,Good
21.06,33.23,0.2,844.37,780.38,201.1,Poor
22.21,78.39,2.93,715.18,1072.61,172.3,Moderate
28.32,72.38,0.84,382.64,469.13,30.9,Good
15.49,82.34,0.46,565.64,353.49,73.8,Satisfactory
31.69,65.14,1.49,759.04,968.56,179.0,Moderate
32.52,20.0,1.2,878.92,700.43,148.8,Moderate
26.49,35.6,2.34,554.95,584.56,127.0,Moderate
13.12,66.37,2.26,495.71,724.78,103.8,Moderate
22.02,51.35,2.22,342.15,159.23,17.3,Good
35.4,47.94,4.66,560.36,425.26,52.5,Satisfactory
12.0,38.14,3.35,849.13,1157.29,246.8,Poor
25.91,75.06,0.07,494.33,656.49,138.4,Moderate
20.92,66.21,0.5,498.11,484.3,79.2,Satisfactory
32.83,67.02,5.45,377.33,393.65,35.0,Good
23.95,46.6,0.42,614.57,954.24,129.0,Moderate
30.42,61.17,5.7,845.91,1161.69,224.9,Poor
31.39,33.92,9.33,619.42,584.18,111.9,Moderate
39.02,55.66,9.52,513.61,765.31,101.4,Moderate
26.78,20.0,1.17,305.26,271.52,21.6,Good
30.26,29.77,4.04,229.1,216.4,27.8,Good
19.09,52.2,0.39,541.65,475.62,76.0,Satisfactory
35.14,95.0,0.66,125.97,310.93,10.0,Good
23.44,25.59,0.82,757.07,744.39,163.6,Moderate
24.64,35.62,4.28,1074.92,1227.55,289.1,Poor
27.87,61.9,2.15,565.58,870.72,107.2,Moderate
18.62,89.85,0.45,394.24,386.94,57.0,Satisfactory
29.37,61.64,5.31,796.79,878.0,178.1,Moderate
33.8,70.64,7.52,834.22,787.14,176.9,Moderate
29.76,51.92,3.09,225.71,202.44,20.3,Good
18.47,48.81,1.62,797.7,1044.03,183.3,Moderate
27.26,59.48,0.46,642.05,754.73,123.8,Moderate
32.45,46.15,1.25,900.43,1181.0,196.3,Moderate
16.73,71.04,0.43,716.79,718.07,125.5,Moderate
21.55,29.09,0.93,488.4,355.1,73.1,Satisfactory
33.26,74.02,0.72,1166.58,1215.71,291.7,Poor
29.62,58.71,1.52,643.66,724.25,116.1,Moderate
30.47,54.14,1.76,527.92,899.65,107.2,Moderate
39.16,28.43,0.23,410.61,601.59,92.3,Satisfactory
30.81,40.36,4.21,671.33,563.6,98.6,Satisfactory
31.95,79.58,5.0,871.17,982.87,218.2,Poor
44.26,54.25,2.32,742.59,980.26,195.7,Moderate
26.72,63.01,4.23,1032.53,1193.92,253.6,Poor
23.21,42.17,1.64,323.24,510.07,27.4,Good
30.57,57.48,4.51,287.15,456.23,23.9,Good
30.63,33.3,3.55,633.52,992.37,186.2,Moderate
24.84,59.8,0.02,659.61,838.17,144.7,Moderate
21.81,64.67,3.8,245.46,354.71,52.0,Satisfactory
41.86,63.77,0.92,226.48,373.49,10.0,Good
29.96,41.74,1.78,302.35,314.51,37.1,Good
23.61,51.84,0.13,674.94,660.75,125.1,Moderate
33.5,67.67,1.98,474.13,794.92,90.4,Satisfactory
27.35,54.19,0.22,817.47,920.83,136.7,Moderate
26.48,52.83,1.75,362.36,439.48,65.3,Satisfactory
31.37,92.26,0.89,926.91,1065.59,209.0,Poor
20.25,40.88,1.1,611.1,686.61,148.0,Moderate
30.12,77.45,5.24,577.04,566.5,87.9,Satisfactory
39.48,37.22,3.17,551.47,600.39,106.6,Moderate
30.8,69.79,2.91,966.53,1122.19,242.5,Poor
25.74,70.75,0.67,747.68,778.13,133.0,Moderate
24.96,48.81,0.29,517.47,656.98,117.7,Moderate
25.54,36.09,1.32,626.94,547.66,124.6,Moderate
26.48,22.53,0.47,777.14,976.84,223.9,Poor
25.73,46.93,6.68,353.46,333.52,59.3,Satisfactory
33.5,67.47,2.11,777.45,866.23,149.7,Moderate
17.6,38.6,1.24,578.73,653.09,91.9,Satisfactory
33.17,59.75,1.05,443.86,272.71,31.6,Good
25.72,31.42,0.46,296.89,430.21,44.5,Good
30.26,53.79,1.74,1034.9,899.63,263.7,Poor
21.24,37.35,0.8,536.02,631.88,119.8,Moderate
35.97,56.6,2.74,616.78,760.65,125.1,Moderate
35.47,48.98,3.19,281.81,375.28,47.2,Good
33.76,36.57,2.99,642.16,934.11,194.3,Moderate
18.91,46.14,3.33,332.16,515.44,45.5,Good
32.97,41.19,5.21,683.91,599.69,125.3,Moderate
30.43,34.35,3.69,811.9,1008.63,188.5,Moderate
18.37,77.49,1.4,1089.3,1268.17,302.1,Very Poor
27.85,51.52,0.16,852.4,957.5,193.4,Moderate
30.19,20.0,0.19,530.9,702.74,96.9,Satisfactory
31.34,46.78,3.43,595.35,825.14,138.3,Moderate
29.06,74.46,1.89,357.63,419.23,38.0,Good
29.75,44.3,2.35,537.44,682.76,156.7,Moderate
36.84,84.96,0.2,580.35,767.6,143.9,Moderate
35.36,42.58,0.28,998.71,1117.37,288.0,Poor
12.0,67.06,2.06,135.44,323.87,10.0,Good
26.1,76.66,1.51,777.99,865.98,182.9,Moderate
27.01,66.1,2.45,556.9,601.21,89.6,Satisfactory
17.49,33.26,0.8,670.34,589.69,162.9,Moderate
28.57,41.04,1.4,655.42,676.47,132.5,Moderate
35.49,79.06,1.11,308.71,430.93,66.1,Satisfactory
21.48,43.52,2.75,408.53,453.86,71.6,Satisfactory
30.02,75.56,0.62,665.54,574.93,125.6,Moderate
22.51,50.25,1.47,485.45,540.26,86.8,Satisfactory
23.97,60.55,2.5,715.18,721.55,126.2,Moderate
36.86,33.05,1.39,242.92,396.59,62.0,Satisfactory
24.74,47.05,1.89,295.21,432.27,26.0,Good
30.77,42.24,3.45,646.58,718.68,169.2,Moderate
16.77,62.06,1.37,430.61,416.51,79.8,Satisfactory
39.17,59.68,7.36,1211.7,1363.2,322.1,Very Poor
31.62,66.33,2.07,483.74,643.89,84.6,Satisfactory
26.91,49.17,1.71,1216.47,1363.4,325.8,Very Poor
31.45,41.26,0.46,567.1,509.61,111.3,Moderate
19.54,61.29,2.28,350.11,479.87,73.7,Satisfactory
35.1,39.47,0.56,543.08,674.02,81.6,Satisfactory
26.06,77.41,1.38,426.85,534.54,61.1,Satisfactory
26.78,55.94,1.83,364.21,554.84,39.0,Good
25.05,52.13,0.61,682.32,796.49,102.8,Moderate
24.52,66.32,0.36,479.44,636.48,89.3,Satisfactory
32.17,56.63,1.22,276.91,450.72,33.8,Good
29.54,28.16,0.89,578.99,727.04,96.3,Satisfactory
31.91,38.89,1.03,522.04,656.33,118.6,Moderate
27.95,77.04,3.04,806.87,910.01,146.5,Moderate
31.08,59.51,4.88,228.86,598.48,52.8,Satisfactory
25.49,27.73,1.15,508.7,643.13,143.1,Moderate
41.38,64.34,3.04,653.93,820.91,106.8,Moderate
18.59,47.93,0.92,846.65,1144.63,230.1,Poor
35.57,42.26,0.84,493.52,506.26,93.1,Satisfactory
36.21,37.39,1.21,374.98,393.4,28.0,Good
22.89,76.0,4.28,695.87,1012.89,173.0,Moderate
41.38,22.62,0.19,738.11,1029.28,181.4,Moderate
33.97,42.92,0.15,307.71,362.33,42.2,Good
33.83,60.16,6.81,661.7,932.31,138.4,Moderate
28.17,86.41,0.58,405.31,379.4,47.0,Good
26.7,67.97,1.41,735.52,783.3,117.3,Moderate
26.74,42.77,1.02,851.42,1078.12,202.7,Poor
30.34,85.53,5.74,1045.51,1208.02,266.1,Poor
36.41,33.61,4.24,503.84,335.72,10.0,Good
29.09,62.78,0.35,494.52,538.01,77.3,Satisfactory
22.53,66.78,1.85,275.79,132.44,10.0,Good
32.95,42.14,2.36,756.77,752.85,171.5,Moderate
33.53,70.56,2.96,927.49,1182.31,204.2,Poor
31.93,48.75,0.06,545.84,501.42,97.2,Satisfactory
32.47,70.51,3.16,1195.67,1260.16,333.9,Very Poor
26.37,24.89,0.28,180.33,418.21,31.6,Good
22.43,64.03,2.32,321.11,313.48,49.2,Good
22.79,50.58,0.38,653.04,860.53,110.4,Moderate
18.19,78.69,0.17,821.33,814.41,175.9,Moderate
29.42,57.21,0.55,840.18,1144.66,215.2,Poor
27.5,80.49,1.58,574.05,807.75,129.1,Moderate
25.36,67.14,2.22,385.61,659.04,81.1,Satisfactory
12.0,55.7,2.49,708.76,515.37,103.9,Moderate
20.52,72.18,3.51,337.58,616.87,39.7,Good
34.73,72.29,0.6,831.16,938.63,183.7,Moderate
24.01,66.49,3.33,390.24,344.01,31.7,Good
30.16,20.0,1.74,584.04,568.03,109.2,Moderate
19.66,40.31,2.03,80.0,134.19,10.0,Good
36.63,82.91,9.77,865.33,1095.32,241.5,Poor
27.14,35.39,2.84,289.57,440.73,80.9,Satisfactory
29.74,73.88,1.28,659.06,845.92,91.2,Satisfactory
41.95,70.72,1.06,1184.94,1097.37,306.5,Very Poor
37.1,44.94,1.59,523.26,683.83,107.7,Moderate
26.16,22.09,0.21,1128.35,991.13,277.0,Poor
24.44,47.76,2.32,619.97,938.6,149.5,Moderate
26.05,95.0,1.57,363.32,599.36,92.2,Satisfactory
31.06,42.46,2.0,861.91,1007.47,201.8,Poor
27.37,43.7,1.73,574.82,677.29,164.6,Moderate
25.63,40.04,2.93,80.0,197.37,10.0,Good
36.8,79.87,0.81,597.0,642.5,100.5,Moderate
27.31,53.63,3.88,810.28,908.66,205.2,Poor
41.8,46.73,3.17,857.46,1039.71,204.2,Poor
28.54,83.44,6.5,921.4,870.58,228.1,Poor
38.71,68.43,1.59,1425.76,1723.99,432.7,Severe
30.14,41.45,3.51,798.76,1098.68,203.6,Poor
33.78,35.98,7.11,667.01,866.84,203.1,Poor
23.65,78.85,0.73,721.38,985.48,190.4,Moderate
22.88,58.3,4.3,472.22,539.05,71.6,Satisfactory
30.76,30.12,2.8,486.03,524.49,92.6,Satisfactory
33.93,25.9,0.46,1052.11,1265.91,317.9,Very Poor
28.24,37.91,1.39,637.97,771.34,93.5,Satisfactory
20.28,35.69,10.99,497.84,632.41,125.6,Moderate
19.84,21.17,4.09,80.0,236.22,10.0,Good
19.44,38.21,2.55,415.88,524.92,70.6,Satisfactory
17.39,41.46,0.75,645.61,581.34,172.5,Moderate
28.66,49.67,0.03,1019.1,1265.75,315.6,Very Poor
34.75,88.47,0.28,80.0,270.33,20.8,Good
27.92,53.2,1.65,683.6,735.99,125.0,Moderate
14.44,54.98,1.66,606.87,703.15,152.6,Moderate
26.86,67.17,5.1,887.83,1069.75,197.5,Moderate
27.02,53.73,0.54,318.5,216.89,22.6,Good
40.58,65.2,0.48,639.65,804.45,122.7,Moderate
19.26,63.05,2.84,798.0,1028.63,222.3,Poor
25.66,60.21,1.08,896.89,1174.1,223.3,Poor
38.24,95.0,1.07,428.87,288.54,22.9,Good
30.7,74.4,4.68,617.61,807.62,154.6,Moderate
31.38,38.53,0.44,1024.46,1128.95,222.1,Poor
28.69,64.66,4.09,1380.06,1411.23,423.1,Severe
29.98,43.75,2.52,433.19,579.03,79.3,Satisfactory
32.67,66.03,0.96,775.79,942.85,117.4,Moderate
23.14,33.25,1.6,1018.5,1153.23,247.8,Poor
33.27,38.06,0.62,145.65,193.95,10.0,Good
19.76,64.19,1.33,524.17,597.14,76.2,Satisfactory
29.97,75.96,6.79,857.21,940.52,197.8,Moderate
29.07,67.05,0.72,887.73,1031.01,211.0,Poor
24.3,73.37,0.11,607.39,753.49,137.0,Moderate
27.86,64.73,1.65,495.09,497.85,76.6,Satisfactory
24.26,61.1,5.84,607.39,857.22,108.8,Moderate
21.57,48.93,2.06,519.24,460.58,72.2,Satisfactory
25.88,72.63,1.24,796.26,1000.33,172.8,Moderate
21.38,76.45,1.18,613.63,792.29,105.5,Moderate
29.94,56.86,4.2,131.57,161.18,10.0,Good
21.1,55.9,2.33,216.25,199.76,10.0,Good
32.27,86.65,2.83,815.26,950.23,178.4,Moderate
20.91,57.63,1.9,516.02,624.74,135.5,Moderate
24.6,59.36,3.6,758.97,767.18,174.4,Moderate
24.25,66.72,6.79,531.8,484.17,64.6,Satisfactory
35.95,56.24,1.62,581.24,801.64,146.0,Moderate
29.98,43.23,2.29,469.7,407.51,57.2,Satisfactory
26.73,64.8,6.56,489.07,580.35,71.0,Satisfactory
30.99,57.3,1.89,1250.13,1273.19,303.7,Very Poor
15.36,91.16,4.15,651.2,858.09,168.4,Moderate
27.74,72.19,0.57,1056.26,1108.58,277.3,Poor
39.99,47.28,0.68,692.76,728.77,121.9,Moderate
28.79,71.12,8.14,438.72,490.31,35.1,Good
28.41,63.54,3.33,482.07,586.5,78.6,Satisfactory
31.29,81.57,1.41,392.27,413.12,78.6,Satisfactory
33.37,48.56,0.89,606.48,709.0,139.6,Moderate
16.02,61.4,1.19,852.4,1291.05,244.6,Poor
17.91,56.22,0.3,310.61,538.46,34.3,Good
29.26,59.05,3.08,626.44,641.02,128.4,Moderate
23.71,42.07,2.8,604.21,742.97,138.1,Moderate
35.87,68.37,2.74,717.44,1160.14,214.2,Poor
26.11,65.52,5.39,964.1,1180.81,288.9,Poor
16.39,81.13,1.78,668.77,612.99,134.1,Moderate
20.39,57.82,2.53,277.64,458.75,38.7,Good
12.0,50.59,0.12,390.61,574.51,74.8,Satisfactory
26.6,72.21,3.36,318.81,465.04,59.4,Satisfactory
26.87,43.7,2.87,524.35,719.71,56.0,Satisfactory
25.45,77.53,0.37,560.97,609.29,49.0,Good
34.47,77.49,1.42,557.77,673.89,99.2,Satisfactory
35.19,80.63,4.77,601.7,512.53,65.3,Satisfactory
26.98,64.78,2.45,336.07,414.07,72.5,Satisfactory
15.19,49.24,0.81,483.07,422.78,91.9,Satisfactory
31.7,59.97,2.88,538.6,579.86,118.9,Moderate
31.33,64.84,7.52,226.2,398.77,20.8,Good
29.86,47.92,0.22,106.04,100.0,10.0,Good
33.89,82.0,3.26,514.94,729.3,106.2,Moderate
21.01,68.44,2.36,289.59,491.88,38.7,Good
40.05,41.94,0.32,994.19,897.3,202.6,Poor
22.24,91.89,2.47,854.94,971.1,207.4,Poor
32.5,59.75,0.91,802.43,893.77,185.8,Moderate
17.88,38.31,1.26,850.8,1065.31,234.6,Poor
22.42,43.06,2.89,450.6,471.31,60.0,Satisfactory
37.1,84.78,2.79,649.52,924.52,168.8,Moderate
26.43,90.85,2.73,981.8,1105.37,255.7,Poor
33.04,76.17,10.96,275.43,393.69,25.2,Good
29.42,81.75,1.48,358.48,345.79,47.9,Good
27.37,79.9,0.43,601.33,740.49,121.3,Moderate
36.18,68.02,3.29,677.45,824.7,139.2,Moderate
26.58,63.92,2.34,347.37,551.41,71.7,Satisfactory
17.32,67.72,0.97,824.1,974.71,188.6,Moderate
23.18,71.25,0.89,597.68,852.91,151.0,Moderate
31.31,44.65,5.69,821.85,915.43,184.6,Moderate
30.37,71.18,0.05,651.87,561.27,109.2,Moderate
18.6,84.26,2.29,100.35,286.54,19.3,Good
23.65,54.29,0.85,418.81,515.93,36.1,Good
24.51,52.36,2.62,597.29,826.98,185.4,Moderate
25.81,66.58,0.69,303.33,421.35,10.0,Good
19.74,46.31,2.68,729.04,626.78,142.8,Moderate
24.23,34.3,4.53,755.97,999.21,168.9,Moderate
23.63,78.66,1.0,989.85,1331.01,285.5,Poor
32.63,49.88,1.19,590.63,697.26,94.3,Satisfactory
32.85,58.33,2.58,704.36,962.95,195.2,Moderate
27.13,47.02,3.55,758.55,1002.05,190.4,Moderate
25.65,80.98,9.37,668.5,696.22,107.9,Moderate
28.84,73.36,1.21,623.06,820.58,157.9,Moderate
23.1,53.67,1.18,170.61,190.57,30.2,Good
21.12,36.76,0.48,746.04,1031.58,183.8,Moderate
22.36,51.76,0.02,213.3,410.25,10.0,Good
24.19,68.26,4.57,706.52,746.91,120.3,Moderate
21.02,61.4,1.56,220.47,480.48,29.6,Good
28.97,59.96,0.46,639.99,699.32,158.4,Moderate
32.38,61.81,3.98,244.21,295.82,44.1,Good
18.48,71.66,3.28,156.36,139.98,19.5,Good
28.15,57.25,1.17,570.67,757.99,119.6,Moderate
26.68,66.1,2.39,874.41,891.54,172.7,Moderate
30.05,40.24,0.57,399.58,632.75,88.3,Satisfactory
27.92,95.0,3.44,715.98,796.82,154.7,Moderate
19.28,52.89,0.93,155.67,274.63,10.0,Good
20.43,61.66,5.03,1039.84,1016.96,229.6,Poor
28.18,68.2,2.93,489.02,330.79,74.3,Satisfactory
34.17,50.61,0.33,1060.07,1274.42,266.9,Poor
14.71,58.14,4.58,805.4,1109.91,212.8,Poor
30.07,57.92,4.26,969.44,1219.45,273.3,Poor
35.14,41.55,3.78,1001.01,902.79,200.3,Poor
27.08,65.89,3.96,791.18,959.96,167.9,Moderate
31.3,28.31,1.8,549.56,549.3,135.1,Moderate
23.78,89.55,2.35,172.86,215.51,21.7,Good
27.28,72.27,1.46,837.8,775.73,160.6,Moderate
18.27,69.5,0.12,779.44,673.22,175.8,Moderate
13.93,26.74,2.88,363.63,468.14,39.8,Good
33.66,43.73,0.22,702.54,1074.06,200.7,Poor
22.09,83.01,0.48,459.7,431.96,37.4,Good
25.27,95.0,0.88,390.0,453.41,60.1,Satisfactory
19.68,79.5,1.91,419.45,455.67,67.2,Satisfactory
19.54,76.66,7.93,420.38,667.16,64.1,Satisfactory
26.96,67.45,0.87,305.98,368.3,31.6,Good
23.62,42.75,8.46,682.08,885.96,190.7,Moderate
30.27,75.91,4.16,869.54,878.3,243.2,Poor
30.72,38.18,2.56,589.19,688.91,112.7,Moderate
29.93,36.21,0.75,566.31,701.2,146.6,Moderate
29.43,35.08,1.94,636.34,873.26,113.0,Moderate
37.47,75.56,2.11,509.87,475.05,89.5,Satisfactory
21.59,56.97,3.4,213.4,177.05,23.4,Good
27.67,59.82,0.8,395.45,325.92,80.6,Satisfactory
34.8,57.72,4.27,325.03,430.67,28.8,Good
35.59,37.74,1.72,630.96,604.48,86.6,Satisfactory
19.47,45.93,2.88,647.29,815.37,179.6,Moderate
26.13,46.83,1.58,915.23,1140.16,231.2,Poor
36.15,32.71,5.59,539.06,534.91,80.3,Satisfactory
31.05,48.92,2.41,805.23,995.75,230.1,Poor
29.17,38.54,0.32,720.28,795.36,177.1,Moderate
26.69,68.4,3.1,581.29,665.68,94.2,Satisfactory
25.7,69.9,0.46,806.43,878.77,219.3,Poor
29.73,34.71,1.37,811.89,886.47,202.2,Poor
26.49,52.66,1.19,259.36,425.65,40.6,Good
27.74,91.41,10.18,688.31,825.58,133.4,Moderate
28.47,40.35,0.78,795.86,811.97,151.4,Moderate
23.93,65.68,4.3,205.91,464.54,35.9,Good
31.19,59.9,0.02,939.47,1235.82,254.7,Poor
45.0,77.67,1.92,966.1,1070.97,217.3,Poor
17.34,63.32,5.8,975.14,1244.66,230.3,Poor
29.94,50.24,0.14,519.26,638.13,98.4,Satisfactory
23.44,59.2,4.14,214.83,327.16,15.4,Good
31.46,59.46,1.59,444.67,603.09,37.0,Good
28.28,56.35,0.04,969.97,977.48,200.2,Poor
32.57,34.26,4.67,708.57,953.45,178.5,Moderate
35.05,80.38,3.24,1152.78,1450.34,318.8,Very Poor
29.15,77.2,0.64,900.06,1010.66,232.8,Poor
34.79,39.2,3.43,1125.61,1334.0,315.6,Very Poor
13.93,52.59,0.16,244.8,489.61,53.6,Satisfactory
37.54,53.95,0.94,980.43,1417.14,287.7,Poor
30.25,37.18,1.87,330.99,481.29,21.3,Good
34.47,24.4,1.77,419.18,379.4,26.2,Good
20.68,45.93,2.79,777.02,1048.7,230.0,Poor
23.02,51.58,9.98,1039.69,1020.98,182.7,Moderate
28.88,32.06,2.26,914.89,1122.88,294.3,Poor
27.9,61.19,2.32,523.07,674.2,75.8,Satisfactory
29.7,78.93,5.05,919.58,1218.95,271.4,Poor
34.51,73.16,1.76,406.4,478.04,62.6,Satisfactory
17.41,55.72,0.1,801.78,658.09,165.9,Moderate
33.84,24.87,2.04,502.85,462.73,99.1,Satisfactory
28.05,70.88,0.07,215.87,494.92,53.4,Satisfactory
26.78,60.64,4.65,631.97,502.53,87.1,Satisfactory
19.17,65.64,1.85,174.22,278.69,19.9,Good
31.02,92.85,2.69,318.92,583.03,61.7,Satisfactory
13.52,43.15,0.54,186.34,196.14,19.3,Good
31.89,20.0,0.57,821.0,1087.06,197.0,Moderate
19.05,39.04,3.2,1012.92,1098.71,277.8,Poor
28.32,66.75,1.36,694.64,909.7,164.1,Moderate
27.28,58.48,0.79,461.62,280.74,52.9,Satisfactory
35.02,36.12,5.79,557.51,588.59,114.4,Moderate
26.93,32.45,2.09,907.47,1153.29,231.0,Poor
23.84,51.62,0.93,634.61,612.86,157.0,Moderate
24.96,35.57,2.22,742.63,678.64,179.1,Moderate
35.64,67.37,1.14,670.88,791.73,111.3,Moderate
31.22,50.59,2.95,672.78,646.52,107.4,Moderate
25.69,46.71,0.49,562.94,606.35,91.8,Satisfactory
26.58,44.35,4.71,325.01,382.02,37.4,Good
18.6,62.74,1.14,293.62,473.4,70.6,Satisfactory
30.33,58.77,0.3,1038.25,1153.22,218.2,Poor
17.44,61.64,0.37,327.16,752.0,73.4,Satisfactory
32.51,61.24,1.47,998.31,963.5,217.6,Poor
28.77,56.7,0.79,437.15,589.87,64.5,Satisfactory
42.32,39.4,0.21,1270.86,1341.31,364.8,Very Poor
21.4,44.85,0.24,782.33,1101.51,218.4,Poor
27.38,50.9,1.87,624.27,803.64,154.3,Moderate
38.79,95.0,2.35,677.9,580.78,128.5,Moderate
35.15,33.72,2.0,1184.29,1206.18,350.1,Very Poor
23.82,50.46,5.65,739.77,973.77,126.8,Moderate
29.34,59.77,2.69,383.56,186.35,10.0,Good
28.01,52.54,0.92,633.29,694.56,107.5,Moderate
29.69,77.33,0.61,387.61,482.32,56.4,Satisfactory
23.81,52.45,0.17,645.63,667.23,82.2,Satisfactory
27.46,53.78,3.36,447.04,720.82,114.2,Moderate
18.41,72.66,7.97,279.75,416.27,44.9,Good
28.81,90.59,4.02,453.69,571.98,89.6,Satisfactory
30.7,83.33,1.38,491.34,351.51,67.7,Satisfactory
26.64,55.54,0.7,582.79,805.16,89.0,Satisfactory
18.31,57.11,3.15,342.15,180.63,56.9,Satisfactory
33.93,58.84,1.47,1027.52,1290.93,268.5,Poor
30.19,60.65,1.3,578.43,975.74,125.0,Moderate
23.64,42.75,6.04,669.49,623.79,108.4,Moderate
26.32,74.86,0.1,904.38,1302.78,254.7,Poor
19.0,61.72,2.56,323.42,280.68,58.4,Satisfactory
21.85,57.19,0.77,824.13,1117.28,203.9,Poor
24.77,35.12,1.78,298.97,412.95,60.2,Satisfactory
35.37,59.12,0.58,277.15,340.76,40.3,Good
24.16,23.92,1.47,320.91,267.88,40.6,Good
31.84,47.53,11.52,722.6,913.49,145.1,Moderate
24.77,47.86,3.69,235.11,210.38,10.0,Good
29.49,63.17,3.15,376.17,356.15,37.4,Good
27.15,91.84,1.84,822.97,1210.3,227.0,Poor
33.24,68.29,1.67,428.93,492.62,69.4,Satisfactory
24.79,84.07,1.97,483.07,649.67,92.6,Satisfactory
18.56,69.61,2.85,840.21,934.45,200.8,Poor
19.71,78.25,3.75,458.43,369.35,69.1,Satisfactory
24.81,91.43,8.76,421.52,794.64,90.9,Satisfactory
20.51,44.83,1.38,721.11,787.56,169.2,Moderate
30.46,43.65,5.92,263.07,316.27,32.8,Good
25.21,70.04,8.84,293.9,366.47,59.5,Satisfactory
42.25,57.93,4.01,560.85,502.49,64.9,Satisfactory
17.57,61.97,1.64,596.36,563.17,111.0,Moderate
29.22,53.52,4.03,335.93,585.71,66.7,Satisfactory
21.23,47.27,0.2,670.5,644.05,110.8,Moderate
25.04,87.17,7.66,815.28,879.99,194.0,Moderate
28.85,38.2,4.35,831.77,1132.65,230.5,Poor
14.05,70.36,1.57,460.2,679.02,74.2,Satisfactory
29.42,67.44,1.45,699.03,870.78,106.1,Moderate
39.42,29.58,0.29,584.65,793.06,177.1,Moderate
25.28,43.05,4.95,688.68,721.85,128.0,Moderate
29.56,46.07,1.48,447.0,410.36,63.3,Satisfactory
34.15,68.16,8.21,793.58,1014.34,180.8,Moderate
27.02,51.39,0.19,436.89,483.82,44.0,Good
24.51,56.46,0.6,169.3,271.55,10.0,Good
14.35,31.76,0.51,80.0,280.81,10.0,Good
31.85,95.0,3.37,494.62,481.39,81.2,Satisfactory
27.32,59.28,0.4,658.11,778.29,122.0,Moderate
21.92,66.98,0.6,726.79,793.89,185.5,Moderate
28.76,48.27,0.43,639.75,862.23,162.3,Moderate
24.5,46.25,1.17,303.3,350.34,10.0,Good
24.83,92.43,6.91,769.98,1024.27,208.2,Poor
31.64,23.5,2.85,460.68,527.67,86.3,Satisfactory
19.97,63.02,2.18,719.22,1097.61,205.3,Poor
34.28,36.19,1.79,307.89,274.07,51.7,Satisfactory
19.61,50.71,0.96,307.57,379.39,16.4,Good
24.02,46.51,0.98,630.95,503.64,144.8,Moderate
39.54,40.25,2.08,354.56,431.68,40.8,Good
34.76,58.64,6.29,589.87,893.98,166.3,Moderate
28.59,20.0,0.88,504.22,662.63,95.6,Satisfactory
22.36,52.32,4.47,452.19,670.27,64.3,Satisfactory
24.82,56.37,0.46,392.44,381.32,53.9,Satisfactory
28.44,33.53,3.35,403.47,566.46,86.3,Satisfactory
28.23,85.24,6.08,377.57,369.1,44.8,Good
27.45,47.3,1.65,720.97,969.88,166.1,Moderate
27.82,53.73,0.97,280.16,351.37,53.3,Satisfactory
26.71,47.34,3.34,964.77,942.64,215.9,Poor
19.35,56.53,7.54,548.98,835.92,107.1,Moderate
24.9,81.55,4.3,275.31,302.94,60.2,Satisfactory
33.49,95.0,8.4,410.5,482.99,89.4,Satisfactory
19.79,71.42,1.82,213.61,428.77,52.2,Satisfactory
26.86,77.58,1.7,175.25,393.22,10.0,Good
23.08,88.9,0.23,380.44,305.05,22.6,Good
28.67,62.48,0.92,1037.86,1138.3,265.1,Poor
25.67,86.26,1.57,831.91,1230.08,262.4,Poor
36.86,72.26,1.75,325.16,250.02,50.8,Satisfactory
31.04,60.59,3.28,293.53,411.73,33.7,Good
20.13,64.31,1.04,502.55,660.73,92.5,Satisfactory
32.03,25.21,1.11,759.49,1005.83,173.8,Moderate
23.35,63.26,9.58,282.2,250.86,19.0,Good
24.54,30.21,0.01,594.12,550.03,152.2,Moderate
29.88,28.75,0.58,91.03,287.87,10.0,Good
25.05,61.47,0.03,963.75,1103.77,256.4,Poor
33.36,37.95,1.2,937.46,946.37,176.8,Moderate
23.35,57.87,2.47,975.67,1412.25,328.1,Very Poor
24.29,60.49,1.14,625.01,829.75,107.2,Moderate
24.06,61.29,2.62,373.7,315.35,26.6,Good
24.61,41.73,3.77,366.34,389.98,30.0,Good
34.6,74.18,2.2,486.58,499.75,44.3,Good
31.77,56.39,2.61,1008.94,1078.53,243.8,Poor
38.26,65.94,1.32,818.0,756.36,149.4,Moderate
41.61,36.46,1.03,596.22,900.87,157.0,Moderate
21.82,54.79,3.94,641.38,737.94,109.8,Moderate
28.42,77.75,2.1,486.77,489.59,65.9,Satisfactory
20.94,75.46,2.43,600.34,705.09,116.2,Moderate
23.33,43.65,0.21,443.69,632.97,105.2,Moderate
24.22,48.18,0.63,295.67,360.16,20.1,Good
21.66,40.2,1.24,163.55,353.6,10.0,Good
21.69,46.18,0.39,168.46,181.9,10.0,Good
27.13,32.82,2.17,177.89,109.18,10.0,Good
20.7,55.51,2.02,352.56,349.35,33.4,Good
33.05,69.4,1.89,1064.0,1105.99,269.5,Poor
22.49,43.87,3.89,655.16,626.22,111.2,Moderate
44.86,56.37,2.22,788.87,915.07,168.5,Moderate
25.29,54.03,5.67,741.12,826.55,139.6,Moderate
28.43,76.99,2.3,387.78,444.01,16.9,Good
20.23,46.99,0.81,376.8,573.4,84.5,Satisfactory
38.24,47.65,1.71,511.94,492.14,62.0,Satisfactory
34.72,42.77,2.45,391.7,461.29,56.0,Satisfactory
29.78,37.52,0.65,335.48,517.03,64.6,Satisfactory
19.92,67.53,1.97,884.49,1213.07,239.1,Poor
29.26,55.57,0.79,441.23,747.41,104.5,Moderate
21.27,58.99,0.39,523.05,741.65,136.8,Moderate
36.77,80.94,7.21,658.45,1028.15,174.8,Moderate
32.86,81.98,0.77,235.11,503.2,32.4,Good
28.57,28.37,0.6,645.58,661.51,63.3,Satisfactory
13.38,69.66,3.41,166.91,134.17,10.0,Good
22.1,62.06,1.2,499.6,395.53,72.5,Satisfactory
32.13,49.69,0.7,787.08,791.55,171.5,Moderate
35.28,63.9,3.5,842.44,975.44,210.5,Poor
34.66,26.93,1.66,559.48,457.45,119.5,Moderate
18.45,84.33,3.93,515.38,573.91,114.8,Moderate
29.81,67.27,5.84,670.68,658.25,110.2,Moderate
34.09,42.43,1.16,577.08,602.86,128.7,Moderate
18.05,47.46,3.24,317.66,320.35,10.0,Good
27.95,27.34,6.07,184.98,252.89,10.0,Good
29.64,52.35,7.46,230.96,469.47,20.6,Good
26.2,49.31,0.9,488.9,753.78,126.4,Moderate
16.89,34.15,4.45,355.61,362.49,50.0,Good
26.05,71.98,0.04,775.08,1103.47,189.8,Moderate
26.04,80.98,2.27,330.58,354.86,39.9,Good
27.11,57.51,0.26,473.91,596.24,78.8,Satisfactory
24.62,52.5,1.16,965.42,949.64,214.3,Poor
25.34,65.83,10.26,538.37,586.34,66.5,Satisfactory
27.76,57.65,4.0,298.41,430.18,32.4,Good
30.65,38.52,0.44,478.86,622.45,106.5,Moderate
26.17,46.25,4.84,984.06,923.86,203.4,Poor
25.54,52.66,4.7,289.3,517.65,21.8,Good
28.55,62.47,4.92,758.8,806.5,174.1,Moderate
16.47,58.17,2.26,541.87,652.3,103.3,Moderate
30.86,61.79,3.98,1105.03,1342.53,308.5,Very Poor
28.0,30.55,1.23,488.11,520.34,107.4,Moderate
28.24,69.97,1.16,1086.59,1374.35,335.5,Very Poor
33.76,58.06,2.13,791.15,1024.2,212.3,Poor
16.28,95.0,0.69,339.95,510.31,17.2,Good
16.16,51.02,0.55,259.78,214.2,10.0,Good
29.64,63.82,3.05,570.21,924.16,82.2,Satisfactory
27.96,95.0,3.31,879.0,922.65,196.0,Moderate
29.02,61.49,0.57,797.45,851.11,152.9,Moderate
25.23,56.78,0.9,878.12,966.77,225.1,Poor
31.99,40.24,2.66,265.52,323.42,32.3,Good
33.6,85.51,2.45,423.48,302.68,45.4,Good
30.9,37.14,2.26,844.9,1046.32,187.2,Moderate
26.44,65.69,0.6,510.07,624.45,108.1,Moderate
15.35,49.48,11.37,247.27,451.63,46.7,Good
32.62,54.59,1.05,666.81,705.57,148.8,Moderate
35.33,32.37,2.77,523.05,525.52,63.6,Satisfactory
31.87,82.18,0.39,1242.39,1340.36,278.2,Poor
22.72,53.0,1.66,80.0,262.49,10.0,Good
32.04,36.13,0.55,689.08,735.05,165.6,Moderate
33.16,80.55,1.0,513.68,792.85,117.1,Moderate
37.35,48.93,2.3,1070.57,1287.75,299.5,Poor
22.74,64.02,5.58,268.91,323.61,27.4,Good
26.64,73.15,0.88,209.21,215.18,10.0,Good
32.48,66.53,2.19,269.21,504.54,10.0,Good
28.34,20.0,2.73,303.24,356.3,62.1,Satisfactory
21.3,70.52,3.45,642.53,793.15,135.2,Moderate
30.49,56.19,0.09,627.06,681.2,135.8,Moderate
31.47,52.08,3.92,795.1,691.92,153.9,Moderate
28.53,56.04,2.76,648.67,838.86,110.7,Moderate
29.32,29.02,2.26,705.69,968.71,173.6,Moderate
26.45,61.46,0.75,497.27,811.12,113.0,Moderate
36.87,33.44,2.46,596.96,817.71,149.8,Moderate
22.6,52.85,9.04,117.05,269.35,10.0,Good
24.48,60.81,5.07,636.69,745.59,130.4,Moderate
28.07,77.33,1.16,610.1,587.99,88.7,Satisfactory
33.27,43.25,2.22,426.98,647.87,87.2,Satisfactory
19.02,84.13,2.29,456.44,427.3,66.8,Satisfactory
20.14,75.04,1.36,740.15,873.5,158.3,Moderate
15.77,50.27,0.29,313.48,448.96,53.6,Satisfactory
28.2,38.04,1.18,503.41,710.15,54.8,Satisfactory
21.29,32.01,2.96,650.08,811.02,166.2,Moderate
25.69,62.89,1.15,806.19,1060.14,209.8,Poor
31.97,44.73,1.66,829.93,807.83,160.5,Moderate
24.15,79.59,5.64,765.02,982.73,192.0,Moderate
29.39,45.77,1.67,992.04,1158.99,283.5,Poor
26.2,41.79,1.79,236.83,475.47,59.7,Satisfactory
32.03,62.21,2.03,834.75,1021.82,192.1,Moderate
30.85,45.65,1.03,835.61,1068.34,204.4,Poor
23.85,58.15,4.03,636.11,529.78,126.5,Moderate
26.99,75.75,0.39,568.1,682.91,110.0,Moderate
34.26,60.11,1.02,499.6,886.41,111.1,Moderate
30.36,60.18,2.23,155.95,208.09,16.3,Good
19.62,61.69,1.23,123.8,100.0,10.0,Good
31.93,27.52,6.91,102.64,193.48,10.0,Good
21.49,65.05,1.8,800.3,909.32,188.8,Moderate
36.48,60.88,1.75,593.72,592.17,90.8,Satisfactory
34.14,74.07,0.56,650.16,655.08,125.0,Moderate
29.74,68.9,1.26,734.33,993.87,180.0,Moderate
28.94,54.36,3.87,513.2,446.37,85.5,Satisfactory
26.75,76.58,0.8,395.78,316.14,52.6,Satisfactory
32.07,52.73,0.14,538.49,765.26,119.4,Moderate
25.78,62.45,1.51,921.88,1038.97,201.5,Poor
29.41,52.4,1.89,482.67,495.54,63.8,Satisfactory
33.23,66.31,1.11,414.36,565.71,47.4,Good
24.63,51.22,5.71,445.43,601.56,82.3,Satisfactory
24.3,87.66,10.24,473.0,689.4,122.3,Moderate
20.83,94.31,2.22,313.61,365.36,47.4,Good
21.61,73.73,1.24,834.11,855.38,190.4,Moderate
17.03,85.74,2.96,452.34,557.08,76.8,Satisfactory
32.38,30.29,5.75,530.71,578.87,102.1,Moderate
38.85,32.42,0.88,445.58,515.45,86.9,Satisfactory
36.55,52.21,3.69,1055.02,1309.59,326.4,Very Poor
18.24,58.74,1.51,907.71,1174.93,273.5,Poor
32.35,54.43,4.81,654.73,664.21,119.1,Moderate
36.53,28.44,0.56,171.32,292.06,10.0,Good
25.26,78.73,6.35,388.59,541.89,72.6,Satisfactory
28.61,95.0,2.29,526.56,384.33,57.5,Satisfactory
15.95,81.06,2.95,396.54,596.32,60.8,Satisfactory
29.6,77.54,0.45,614.64,617.68,106.3,Moderate
21.62,62.07,0.43,327.46,570.75,60.8,Satisfactory
29.2,42.83,2.52,808.56,978.0,198.9,Moderate
18.63,59.31,3.04,324.04,766.1,66.4,Satisfactory
31.26,95.0,1.37,370.92,454.11,36.0,Good
34.15,51.66,3.34,923.64,1083.03,231.3,Poor
23.3,49.81,0.44,418.89,271.98,38.8,Good
21.18,77.93,0.26,496.28,401.01,67.8,Satisfactory
15.06,79.13,2.04,402.24,319.67,66.6,Satisfactory
26.4,42.74,0.42,298.4,376.65,27.4,Good
24.51,53.29,0.15,473.29,663.66,74.0,Satisfactory
18.69,48.97,0.63,80.0,433.94,10.0,Good
30.72,59.25,2.94,362.89,463.29,34.2,Good
25.3,77.87,2.25,137.02,162.1,10.0,Good
21.55,43.53,5.81,222.87,261.33,10.0,Good
24.67,77.61,2.4,164.66,511.71,76.7,Satisfactory
34.43,59.83,0.47,436.02,604.06,76.2,Satisfactory
31.62,95.0,3.12,329.93,391.86,10.0,Good
27.22,63.74,0.85,681.07,985.67,182.0,Moderate
31.71,56.26,1.34,794.67,843.73,152.3,Moderate
21.03,68.34,0.87,256.24,249.21,35.8,Good
28.19,51.93,0.38,606.59,657.35,111.4,Moderate
28.88,25.69,14.67,523.6,479.44,118.3,Moderate
25.18,53.67,0.7,612.29,624.09,113.4,Moderate
30.61,53.39,0.11,427.44,589.09,86.2,Satisfactory
23.32,29.34,3.47,883.55,1034.98,254.5,Poor
31.06,56.69,0.06,718.32,612.82,116.1,Moderate
31.31,20.79,1.52,275.35,423.56,50.3,Satisfactory
12.0,51.74,3.96,268.11,403.45,49.1,Good
35.14,62.38,1.81,1161.49,1399.72,350.2,Very Poor
12.0,59.75,1.28,617.49,667.62,133.2,Moderate
24.3,50.6,0.68,826.53,999.1,219.6,Poor
34.15,56.46,5.82,189.65,388.49,10.0,Good
26.1,43.89,1.27,843.63,1134.15,230.8,Poor
19.2,58.19,3.41,102.27,323.07,10.0,Good
21.44,59.05,4.27,487.26,606.3,52.2,Satisfactory
34.16,41.8,1.45,1002.28,1154.41,249.7,Poor
16.47,62.82,0.48,634.17,795.09,142.0,Moderate
34.77,62.71,4.36,397.11,509.6,52.6,Satisfactory
27.67,55.01,1.52,317.94,624.9,42.3,Good
20.85,95.0,1.71,458.25,520.05,62.5,Satisfactory
24.5,55.47,1.18,688.26,834.54,134.9,Moderate
21.9,52.97,4.22,728.46,874.75,127.9,Moderate
33.2,50.4,0.4,266.14,342.88,10.0,Good
32.39,40.52,1.73,835.7,937.23,222.1,Poor
17.69,70.35,0.5,449.41,385.32,69.3,Satisfactory
25.58,45.65,1.17,829.06,999.4,206.8,Poor
22.82,47.78,4.74,559.3,686.8,106.0,Moderate
35.76,48.31,4.68,798.98,933.4,147.5,Moderate
19.9,40.27,1.39,998.82,1217.43,309.3,Very Poor
37.63,26.48,2.39,499.67,559.05,72.5,Satisfactory
27.8,49.67,2.35,714.86,1010.26,195.6,Moderate
21.03,73.72,0.5,893.06,684.77,189.0,Moderate
23.94,61.55,3.01,576.34,856.97,114.4,Moderate
23.19,86.09,0.58,588.25,962.95,114.4,Moderate
20.35,71.52,1.1,471.37,392.61,67.2,Satisfactory
28.57,67.43,0.12,359.91,339.59,35.7,Good
20.63,91.89,3.5,356.73,398.73,38.1,Good
14.92,56.25,4.24,617.51,872.8,119.6,Moderate
25.72,59.14,2.48,372.46,598.34,83.8,Satisfactory
17.18,57.79,1.82,109.8,238.65,18.6,Good
23.49,85.79,1.03,449.41,474.13,47.3,Good
22.55,58.05,3.59,237.56,100.0,10.0,Good
22.77,46.33,7.02,770.67,842.6,160.1,Moderate
40.01,68.58,0.7,452.02,352.11,80.0,Satisfactory
28.34,43.31,1.43,462.84,593.44,101.7,Moderate
29.47,67.6,0.46,857.18,857.94,212.0,Poor
17.34,65.45,1.83,289.36,390.78,53.1,Satisfactory
24.08,54.59,1.16,1002.16,1028.63,200.1,Poor
29.29,68.18,1.54,567.51,729.04,103.3,Moderate
21.85,31.22,3.63,271.86,520.18,66.1,Satisfactory
33.45,60.93,4.59,239.88,436.98,26.7,Good
20.78,49.67,0.36,274.36,184.92,24.3,Good
26.28,95.0,2.33,319.11,308.02,23.5,Good
24.48,60.8,5.84,276.29,368.99,50.5,Satisfactory
28.99,47.26,2.84,351.78,385.31,86.6,Satisfactory
24.16,33.19,0.52,262.54,619.95,47.3,Good
26.37,81.5,4.41,792.69,997.59,186.2,Moderate
26.58,51.7,3.03,156.13,126.16,10.0,Good
23.59,43.76,2.76,558.24,823.51,120.0,Moderate
30.91,64.05,1.38,418.38,769.94,93.3,Satisfactory
29.43,69.69,2.6,742.15,999.65,207.5,Poor
27.47,69.41,14.01,430.6,435.84,32.3,Good
25.42,58.36,0.08,950.81,984.66,200.8,Poor
32.78,60.87,1.08,491.04,622.5,84.9,Satisfactory
26.58,62.18,1.21,431.57,509.63,76.9,Satisfactory
26.16,64.06,9.28,547.46,621.28,104.2,Moderate
28.63,65.65,0.46,876.76,1077.75,254.3,Poor
38.18,77.7,0.42,398.28,386.64,44.3,Good
19.96,59.02,0.19,669.68,882.22,160.7,Moderate
32.62,43.3,1.07,967.0,983.03,258.3,Poor
16.64,55.4,2.75,225.16,419.55,10.5,Good
29.3,71.57,1.69,689.29,866.11,188.6,Moderate
37.45,25.84,0.56,865.54,856.63,234.2,Poor
30.93,25.95,2.61,787.9,1013.42,234.0,Poor
29.02,74.53,1.71,454.45,330.03,17.8,Good
24.64,85.36,5.27,277.39,299.16,20.4,Good
28.19,35.23,0.81,467.49,506.84,73.1,Satisfactory
26.49,59.81,0.72,213.48,229.23,11.9,Good
23.28,50.81,3.79,586.41,792.31,147.2,Moderate
26.26,53.31,0.44,444.57,508.32,108.0,Moderate
29.19,63.5,0.18,176.34,354.9,50.6,Satisfactory
23.4,34.73,1.65,290.32,486.71,65.3,Satisfactory
23.16,38.07,2.83,494.58,473.94,71.8,Satisfactory
19.84,52.58,0.16,618.4,648.06,109.5,Moderate
30.34,55.38,4.17,490.45,499.46,97.2,Satisfactory
31.27,37.73,0.13,773.53,1019.52,171.8,Moderate
29.39,72.21,0.87,584.12,705.23,131.7,Moderate
33.79,50.48,1.7,253.4,518.58,70.2,Satisfactory
28.53,50.41,5.71,374.28,609.98,63.6,Satisfactory
30.35,63.09,6.01,462.84,549.91,98.6,Satisfactory
29.82,55.68,2.05,538.27,603.75,104.6,Moderate
27.45,73.07,1.05,800.78,880.14,189.8,Moderate
24.82,41.2,1.13,781.15,973.91,190.4,Moderate
41.28,32.85,8.55,965.21,1080.67,295.5,Poor
25.29,52.42,4.91,393.44,172.56,19.9,Good
24.0,59.08,2.5,214.04,410.09,10.0,Good
30.6,35.67,2.12,689.29,902.52,145.3,Moderate
29.51,33.02,1.93,124.38,242.3,12.2,Good
19.57,61.28,0.07,364.69,336.6,48.6,Good
34.74,44.36,1.33,756.14,879.88,206.6,Poor
27.43,31.85,0.36,833.8,964.62,209.7,Poor
21.33,75.38,2.15,323.48,251.44,44.8,Good
35.13,46.63,1.99,367.52,555.99,67.9,Satisfactory
31.75,78.7,0.17,542.46,647.81,75.4,Satisfactory
20.41,58.51,2.19,689.23,590.47,154.4,Moderate
38.66,63.31,2.32,708.27,814.45,136.8,Moderate
31.95,54.19,2.25,860.59,945.16,178.9,Moderate
27.94,20.0,0.82,432.62,487.21,95.2,Satisfactory
37.54,37.54,2.71,651.86,718.9,155.4,Moderate
28.96,55.74,2.88,496.07,621.29,69.3,Satisfactory
27.83,64.57,2.68,367.97,534.18,57.8,Satisfactory
24.04,25.79,1.26,645.64,903.23,154.9,Moderate
31.49,57.04,6.38,596.92,675.77,123.3,Moderate
30.86,37.8,5.3,462.34,545.04,76.2,Satisfactory
28.09,62.22,1.82,467.7,431.19,64.1,Satisfactory
23.26,57.65,0.73,445.32,725.39,97.4,Satisfactory
28.78,71.38,0.62,1056.3,1173.22,258.6,Poor
27.58,77.2,2.94,602.32,603.12,91.3,Satisfactory
20.0,66.26,0.28,804.4,970.67,186.2,Moderate
19.17,73.49,3.14,471.12,353.07,48.9,Good
31.39,51.69,0.22,801.76,956.1,189.2,Moderate
12.39,95.0,1.52,467.9,585.31,82.8,Satisfactory
29.23,36.06,2.92,101.45,208.24,10.0,Good
25.13,48.5,0.66,465.9,596.82,75.7,Satisfactory
35.85,74.22,4.1,758.42,938.26,127.2,Moderate
25.04,71.55,1.1,720.69,672.7,130.0,Moderate
31.96,66.77,1.68,594.75,543.19,106.4,Moderate
25.62,70.16,0.21,254.78,328.3,34.0,Good
28.68,20.5,3.44,347.05,396.7,36.7,Good
32.42,86.61,1.04,864.58,977.13,170.9,Moderate
25.22,54.33,4.47,260.54,232.04,24.6,Good
33.98,80.43,0.01,1308.83,1422.75,344.0,Very Poor
22.04,21.4,2.59,767.98,774.25,196.9,Moderate
29.77,62.62,0.04,1104.55,1093.72,281.8,Poor
33.54,47.86,0.56,891.02,819.89,194.2,Moderate
31.96,68.3,1.49,735.13,941.47,186.5,Moderate
39.5,63.71,1.0,769.83,776.01,139.7,Moderate
23.42,64.59,2.25,508.07,618.77,103.2,Moderate
19.73,38.94,0.81,388.03,434.24,17.5,Good
22.03,56.97,1.31,894.41,929.68,225.9,Poor
31.96,54.76,0.43,464.6,610.35,50.8,Satisfactory
30.99,66.92,3.07,452.35,446.86,75.7,Satisfactory
28.61,75.81,1.9,800.79,952.11,201.8,Poor
21.26,60.71,2.56,915.17,996.03,220.3,Poor
32.6,35.03,1.62,163.65,340.55,23.5,Good
20.65,59.94,3.6,346.15,575.05,63.9,Satisfactory
34.95,95.0,0.83,813.29,912.69,176.8,Moderate
45.0,87.63,1.8,451.69,747.91,63.2,Satisfactory
30.2,20.0,15.35,621.57,867.78,141.3,Moderate
31.5,59.14,0.32,251.64,315.02,11.9,Good
25.04,74.78,4.69,954.84,1064.02,250.7,Poor
17.14,54.72,10.34,533.92,556.01,98.1,Satisfactory
24.38,49.72,2.81,601.58,690.75,89.9,Satisfactory
21.44,53.19,0.35,744.62,676.66,176.0,Moderate
19.32,67.94,2.28,421.29,323.1,25.7,Good
38.33,37.33,1.65,354.78,356.33,53.4,Satisfactory
29.64,79.4,6.61,609.32,758.24,127.2,Moderate
30.28,56.99,6.79,365.8,496.83,31.8,Good
26.15,41.17,1.51,622.99,724.83,137.8,Moderate
26.96,78.24,1.64,349.99,562.61,72.4,Satisfactory
33.79,30.19,0.9,681.94,813.74,128.4,Moderate
27.81,48.01,2.68,837.95,918.34,143.2,Moderate
31.18,47.71,0.52,547.29,744.22,120.8,Moderate
26.82,95.0,1.45,161.89,432.9,28.2,Good
25.95,45.67,0.57,464.59,544.33,110.8,Moderate
19.56,20.0,2.13,721.7,756.37,107.1,Moderate
16.13,47.53,4.43,583.88,774.23,119.5,Moderate
26.43,66.2,0.21,528.97,721.63,117.2,Moderate
28.34,72.11,1.34,477.39,633.51,72.9,Satisfactory
20.28,95.0,5.72,329.74,511.04,33.8,Good
27.79,83.32,7.23,684.97,961.51,135.7,Moderate
28.32,61.38,0.91,1110.58,1225.86,254.1,Poor
15.06,41.95,0.61,245.14,300.95,42.5,Good
22.51,87.23,4.87,1150.49,1214.58,325.7,Very Poor
30.44,51.37,4.6,534.59,545.2,97.7,Satisfactory
30.32,46.15,1.89,255.55,362.9,11.4,Good
21.08,50.49,11.27,91.9,401.55,22.9,Good
28.95,35.46,1.65,958.72,1287.32,302.2,Very Poor
34.13,49.63,5.01,1208.37,1287.93,314.4,Very Poor
32.66,53.8,0.98,527.53,518.61,47.2,Good
27.43,71.15,1.28,354.68,310.86,45.8,Good
25.19,51.01,2.27,560.58,845.3,127.7,Moderate
24.22,35.19,0.58,449.11,491.83,93.9,Satisfactory
30.81,29.13,3.86,737.77,804.43,142.1,Moderate
29.17,61.77,1.96,1149.75,1449.73,322.6,Very Poor
31.78,59.31,5.11,950.29,1211.29,237.2,Poor
28.79,48.02,0.52,924.51,917.12,222.1,Poor
32.91,49.59,0.59,333.87,342.34,32.4,Good
28.57,64.99,1.27,200.39,284.66,10.0,Good
32.71,83.03,2.75,795.44,846.43,153.1,Moderate
33.22,43.96,2.42,1022.1,1377.69,301.2,Very Poor
23.17,59.6,6.65,457.48,375.28,38.9,Good
17.15,75.25,2.3,321.1,486.19,10.0,Good
37.26,44.03,0.18,432.26,314.87,31.5,Good
29.54,57.72,0.42,858.89,959.87,242.4,Poor
17.71,57.32,0.15,427.22,674.16,97.7,Satisfactory
23.72,34.4,0.15,786.8,1056.1,197.7,Moderate
32.63,61.03,1.1,467.78,438.98,72.6,Satisfactory
26.32,58.57,4.79,979.52,1122.05,238.3,Poor
24.93,67.99,1.95,543.75,646.49,82.1,Satisfactory
36.41,36.64,2.86,662.89,846.75,188.2,Moderate
21.72,58.18,3.8,334.06,450.45,37.8,Good
23.21,82.87,5.1,650.67,837.29,124.8,Moderate
29.27,95.0,0.69,174.17,208.77,10.2,Good
30.34,81.04,4.5,462.83,628.93,71.1,Satisfactory
30.98,36.81,3.98,562.47,758.96,119.1,Moderate
33.47,66.12,1.04,451.49,483.18,65.1,Satisfactory
29.19,49.3,0.63,233.26,215.67,35.6,Good
30.94,63.11,1.42,1111.89,1101.01,247.5,Poor
26.44,44.1,6.49,288.25,558.14,44.3,Good
28.38,27.16,1.03,547.95,855.57,133.5,Moderate
28.65,51.8,4.63,556.62,631.27,125.6,Moderate
29.29,71.01,3.32,726.28,859.26,116.8,Moderate
32.64,63.18,2.78,691.74,790.51,154.7,Moderate
31.33,65.25,6.04,462.11,649.39,108.2,Moderate
28.27,61.89,2.39,351.05,460.75,59.5,Satisfactory
23.15,65.28,1.82,1065.16,1093.6,305.4,Very Poor
28.41,67.53,0.05,368.31,374.78,35.4,Good
27.83,53.06,3.77,491.13,507.83,98.8,Satisfactory
29.16,59.49,0.56,552.01,795.17,130.0,Moderate
41.24,89.38,0.44,676.44,761.43,119.2,Moderate
24.86,60.56,1.89,515.87,598.77,107.4,Moderate
30.53,58.77,0.42,612.34,575.21,108.3,Moderate
34.41,59.85,2.59,304.88,390.48,30.0,Good
28.59,54.08,2.16,776.0,1058.87,209.2,Poor
42.03,50.16,1.97,637.4,664.87,117.3,Moderate
25.73,61.76,1.43,357.44,739.17,62.3,Satisfactory
29.94,48.9,3.66,299.65,408.09,43.5,Good
23.21,55.38,2.6,350.92,403.34,38.7,Good
25.89,43.77,2.55,312.21,276.87,43.4,Good
29.49,59.94,0.64,332.66,310.3,20.2,Good
33.08,68.52,1.58,775.1,960.89,194.4,Moderate
29.91,54.19,0.62,868.5,1123.55,222.6,Poor
35.55,21.85,1.55,549.18,605.22,139.0,Moderate
27.43,68.63,0.76,837.93,1040.34,195.7,Moderate
26.01,60.16,1.51,331.18,338.46,41.3,Good
44.22,40.12,1.58,432.43,673.98,64.3,Satisfactory
30.37,71.92,1.51,325.29,386.5,46.8,Good
23.68,32.83,3.74,162.65,198.18,10.0,Good
23.83,76.82,2.94,495.47,650.51,92.1,Satisfactory
22.34,56.97,0.28,469.44,460.35,61.4,Satisfactory
33.62,20.0,1.34,634.89,682.33,112.5,Moderate
25.81,61.21,1.97,527.91,559.58,82.8,Satisfactory
28.76,50.69,0.72,254.63,430.73,33.9,Good
27.62,47.98,2.17,642.56,1040.68,169.3,Moderate
32.39,44.72,0.83,631.17,623.74,102.9,Moderate
22.92,55.71,1.69,243.02,255.32,30.0,Good
21.55,49.27,0.54,398.48,406.15,66.4,Satisfactory
29.35,24.58,1.5,726.6,834.25,159.8,Moderate
31.61,80.9,3.01,739.32,980.64,224.9,Poor
30.0,53.6,3.41,676.62,696.43,137.7,Moderate
23.14,44.83,1.72,491.69,694.12,108.4,Moderate
32.06,37.69,8.89,206.0,200.39,47.5,Good
23.54,71.87,2.39,865.56,1047.46,221.1,Poor
24.87,34.63,3.5,623.05,840.52,145.5,Moderate
22.34,60.41,5.28,541.26,844.28,126.2,Moderate
35.81,47.49,0.74,511.24,583.61,117.8,Moderate
31.8,48.54,2.99,280.15,563.47,64.7,Satisfactory
31.63,38.14,2.14,569.97,557.91,99.7,Satisfactory
35.48,46.83,3.09,309.04,304.59,27.1,Good
44.88,58.16,4.23,634.63,518.91,82.9,Satisfactory
17.74,62.24,0.59,641.49,792.36,120.6,Moderate
23.57,43.86,8.59,171.13,176.68,10.0,Good
24.3,56.36,1.81,402.29,534.86,96.6,Satisfactory
22.9,73.99,1.2,292.16,259.1,20.9,Good
21.53,28.07,0.02,449.93,532.59,107.9,Moderate
26.2,57.89,4.98,398.23,385.26,10.0,Good
20.7,40.89,3.97,881.1,992.17,232.9,Poor
30.01,39.05,1.39,344.58,329.9,23.6,Good
28.31,62.7,0.09,803.13,1024.94,221.4,Poor
30.89,48.19,1.89,537.99,444.51,108.8,Moderate
31.05,36.1,0.23,476.39,773.39,138.0,Moderate
31.62,81.84,4.55,551.37,795.34,127.0,Moderate
25.76,74.56,1.34,500.29,729.08,55.5,Satisfactory
40.73,23.22,0.52,1063.05,1098.77,279.6,Poor
29.41,31.46,2.23,822.47,1175.19,228.1,Poor
16.83,68.68,2.56,136.93,211.58,10.0,Good
21.99,52.87,2.86,335.75,374.85,31.5,Good
17.56,85.01,0.57,389.95,362.36,64.6,Satisfactory
28.1,69.09,4.2,625.47,544.94,97.3,Satisfactory
27.27,63.39,1.38,441.33,506.31,49.2,Good
25.19,39.61,0.04,887.46,1122.19,291.1,Poor
40.07,66.85,1.56,814.78,948.18,194.2,Moderate
31.29,35.04,1.54,828.58,982.03,243.5,Poor
32.36,81.49,1.51,529.82,610.66,90.5,Satisfactory
22.41,65.6,2.27,188.01,171.04,22.8,Good
22.01,43.15,7.14,895.11,886.61,243.9,Poor
28.22,72.48,1.61,767.08,899.52,190.6,Moderate
29.04,95.0,1.82,665.77,789.27,129.2,Moderate
16.86,54.08,0.92,562.98,651.64,72.1,Satisfactory
26.92,67.91,1.6,833.59,980.59,212.2,Poor
28.08,50.23,2.91,826.49,953.55,173.3,Moderate
26.71,59.54,2.98,609.83,725.01,105.2,Moderate
23.12,30.87,5.62,127.64,191.25,31.6,Good
24.76,57.99,0.08,401.31,648.92,76.3,Satisfactory
26.94,58.78,3.8,399.26,647.07,86.3,Satisfactory
28.54,90.38,3.31,159.73,327.65,10.0,Good
31.63,25.69,0.18,240.52,330.01,13.3,Good
34.49,52.94,5.52,520.18,843.6,104.6,Moderate
26.23,81.19,0.26,490.33,613.85,110.0,Moderate
25.26,53.65,2.99,598.18,698.19,117.1,Moderate
30.63,54.92,0.05,951.93,1071.8,243.3,Poor
31.67,43.0,0.51,1172.83,1416.07,385.9,Very Poor
25.39,41.21,3.07,279.82,476.93,45.5,Good
32.74,25.13,3.2,570.42,636.49,87.6,Satisfactory
33.88,46.67,1.44,588.19,562.45,151.1,Moderate
35.75,40.19,5.97,530.65,626.3,101.9,Moderate
38.67,60.12,3.01,792.39,892.98,141.3,Moderate
22.8,43.82,4.29,575.4,728.27,105.4,Moderate
28.08,49.37,1.52,523.11,642.65,128.5,Moderate
28.07,49.86,0.41,727.75,760.06,159.2,Moderate
27.41,57.13,0.4,584.44,870.22,114.0,Moderate
24.1,48.49,1.17,344.14,454.98,35.5,Good
19.09,38.89,0.55,499.13,584.77,113.3,Moderate
28.56,59.54,0.5,95.0,180.79,12.2,Good
23.39,77.21,0.12,405.46,634.15,112.4,Moderate
28.52,60.31,1.26,770.24,942.58,119.9,Moderate
23.24,47.02,0.12,224.51,298.09,19.8,Good
21.4,55.78,1.23,873.58,1043.91,198.7,Moderate
29.41,21.09,0.06,680.54,709.23,115.5,Moderate
28.91,55.49,1.1,912.56,1208.01,275.1,Poor
31.48,50.79,2.91,823.86,974.87,211.3,Poor
41.12,41.2,0.52,648.6,680.88,123.9,Moderate
29.66,44.46,2.3,478.01,375.04,83.0,Satisfactory
30.91,50.62,2.15,594.63,823.77,115.2,Moderate
21.53,75.86,0.75,330.0,540.32,63.4,Satisfactory
20.28,77.66,0.11,252.01,555.68,48.3,Good
37.5,41.29,3.82,673.99,807.09,129.9,Moderate
22.46,48.67,0.74,672.13,674.43,152.6,Moderate
21.74,49.13,6.65,441.23,452.93,75.2,Satisfactory
27.77,72.57,3.65,247.3,384.55,43.3,Good
27.46,60.62,3.1,859.16,988.82,224.7,Poor
22.58,59.67,0.25,706.35,868.74,161.2,Moderate
26.17,67.65,3.12,142.0,335.56,20.2,Good
35.38,47.26,4.74,419.66,488.82,73.5,Satisfactory
23.16,82.55,1.84,514.12,704.08,82.0,Satisfactory
19.64,57.97,2.34,359.2,442.2,56.5,Satisfactory
33.66,42.59,2.93,574.71,619.19,93.3,Satisfactory
30.95,53.87,5.22,1084.03,1238.53,289.9,Poor
24.28,80.17,2.55,318.79,328.42,60.9,Satisfactory
18.51,50.35,2.84,423.1,537.72,81.8,Satisfactory
23.53,75.09,2.22,220.41,282.48,18.6,Good
27.67,46.74,6.82,270.02,480.08,38.9,Good
34.99,44.22,1.89,817.47,892.86,170.0,Moderate
21.78,69.87,2.82,335.82,263.88,36.4,Good
27.49,42.27,1.02,664.91,762.38,121.7,Moderate
32.05,72.81,7.88,111.4,327.32,10.0,Good
13.71,64.33,0.9,654.1,663.54,108.7,Moderate
34.2,42.28,0.53,536.35,433.26,59.1,Satisfactory
20.91,56.71,2.9,1060.09,1192.81,266.4,Poor
29.99,48.12,0.84,291.26,460.43,19.9,Good
29.48,64.28,6.56,362.43,192.04,10.0,Good
34.51,91.98,9.99,779.0,850.35,169.0,Moderate
31.31,51.33,0.56,858.12,782.26,160.2,Moderate
13.74,67.61,0.49,289.59,564.11,57.7,Satisfactory
23.29,58.44,0.45,359.35,414.8,72.8,Satisfactory
28.83,58.43,0.04,767.82,861.28,163.3,Moderate
26.83,55.03,0.81,217.64,445.03,27.8,Good
30.87,42.57,4.56,677.29,677.81,128.9,Moderate
32.74,64.03,3.04,923.61,1078.35,205.3,Poor
31.65,52.8,1.38,489.34,637.37,99.0,Satisfactory
26.71,41.71,2.72,469.49,524.0,70.2,Satisfactory
16.92,76.26,0.29,648.74,826.18,144.9,Moderate
25.27,59.78,1.88,724.49,908.98,201.1,Poor
30.5,53.89,2.26,1057.44,1422.56,319.1,Very Poor
21.46,82.12,2.12,960.56,1259.71,256.0,Poor
31.79,24.95,0.78,819.6,1022.12,196.2,Moderate
33.45,80.91,0.74,980.58,1008.15,244.5,Poor
28.76,42.16,3.32,473.5,545.18,93.5,Satisfactory
12.0,61.81,3.12,191.49,182.02,10.0,Good
20.33,47.41,0.05,1136.46,1075.34,306.6,Very Poor
39.32,41.39,9.38,664.43,626.99,117.5,Moderate
24.72,81.65,2.33,542.21,532.84,49.0,Good
16.1,91.41,2.13,263.81,388.98,36.8,Good
35.41,54.02,0.59,503.82,735.45,107.8,Moderate
28.08,64.04,1.19,570.07,663.01,105.0,Moderate
34.63,59.03,0.87,675.6,705.13,128.8,Moderate
29.66,89.15,4.59,1047.46,1015.93,226.5,Poor
30.75,20.0,4.4,492.3,546.7,89.9,Satisfactory
30.18,64.79,2.37,287.07,126.62,40.9,Good
32.18,44.91,2.02,1337.74,1487.49,379.1,Very Poor
41.66,20.0,2.8,1035.88,1199.52,283.4,Poor
33.83,51.51,1.99,892.45,1077.13,228.4,Poor
18.52,91.26,3.32,1047.94,1181.91,274.5,Poor
30.68,46.19,5.94,713.22,1021.89,211.2,Poor
34.85,72.23,1.61,764.2,816.14,148.7,Moderate
35.22,79.58,0.6,647.38,551.27,84.6,Satisfactory
25.44,57.77,2.04,342.49,459.24,43.8,Good
34.99,60.17,0.92,536.23,601.87,78.5,Satisfactory
33.57,27.11,0.4,809.86,328.18,125.2,Moderate
43.44,45.11,5.24,542.35,671.8,90.2,Satisfactory
23.5,74.33,1.93,1143.46,1116.64,270.9,Poor
24.96,59.09,1.18,571.8,796.12,98.5,Satisfactory
26.16,64.61,2.24,457.09,588.46,91.0,Satisfactory
25.06,60.4,1.0,508.98,456.95,100.8,Moderate
22.66,95.0,5.38,393.03,388.04,38.2,Good
12.0,50.25,9.29,546.63,679.93,95.7,Satisfactory
25.39,86.9,1.07,515.42,859.15,130.8,Moderate
30.22,60.4,1.53,484.82,664.68,73.5,Satisfactory
25.04,88.5,2.55,495.65,792.73,107.6,Moderate
39.61,35.95,0.34,387.14,468.91,79.2,Satisfactory
28.08,61.32,4.87,649.89,917.71,126.8,Moderate
35.75,50.91,1.15,800.55,956.91,206.6,Poor
29.57,60.51,1.04,588.89,881.96,112.0,Moderate
32.96,80.0,2.72,516.2,678.34,129.6,Moderate
29.68,64.82,0.6,603.7,599.33,117.8,Moderate
36.21,79.97,1.01,516.25,513.72,111.3,Moderate
28.34,45.94,0.35,264.98,540.29,40.8,Good
30.98,43.19,0.11,911.21,1055.47,221.1,Poor
30.2,58.29,0.99,1033.74,1312.09,284.3,Poor
26.27,57.3,0.59,654.64,965.24,202.8,Poor
30.43,54.65,0.49,586.86,660.76,124.8,Moderate
41.41,40.74,1.81,955.09,1232.84,262.3,Poor
26.38,79.58,3.66,267.13,357.6,10.0,Good
30.52,51.47,3.72,607.41,597.65,114.1,Moderate
35.55,83.67,3.59,535.76,805.8,78.3,Satisfactory
34.84,58.23,0.72,914.11,1086.81,236.5,Poor
28.07,69.67,1.63,545.4,786.07,115.1,Moderate
13.7,68.04,0.94,398.77,425.14,34.0,Good
31.1,43.16,0.73,556.9,627.66,144.3,Moderate
14.68,64.61,0.79,979.54,1092.96,250.5,Poor
36.82,92.71,0.43,445.13,701.89,105.8,Moderate
29.02,62.53,2.27,240.77,558.65,52.4,Satisfactory
34.0,74.22,4.65,305.48,433.82,17.3,Good
22.59,70.48,0.91,864.79,1086.68,248.2,Poor
18.68,63.53,0.8,161.81,120.7,10.0,Good
29.56,61.36,3.1,721.12,822.12,146.1,Moderate
27.8,67.85,1.9,798.8,1032.07,195.4,Moderate
25.05,71.74,0.64,550.25,651.35,84.0,Satisfactory
28.51,33.66,1.31,295.24,477.61,39.4,Good
44.6,62.45,2.02,401.45,581.71,46.6,Good
33.01,54.69,1.89,687.34,861.38,153.8,Moderate
34.3,50.95,4.17,563.32,656.87,112.6,Moderate
33.06,81.33,0.04,653.29,869.02,136.3,Moderate
36.88,44.8,3.74,569.45,732.74,160.3,Moderate
26.86,32.89,2.1,542.05,841.83,99.4,Satisfactory
15.67,72.32,4.56,299.16,481.74,29.9,Good
26.87,32.43,1.77,813.76,893.71,215.1,Poor
32.87,23.3,0.22,455.5,669.13,114.0,Moderate
22.18,74.35,1.52,590.82,765.53,126.0,Moderate
26.94,60.86,3.01,574.29,849.17,159.7,Moderate
23.85,66.51,3.52,706.94,785.65,159.1,Moderate
37.01,50.04,1.57,1255.03,1557.39,383.4,Very Poor
32.5,33.08,1.37,691.45,682.34,134.7,Moderate
31.91,36.66,2.07,417.29,647.56,92.1,Satisfactory
31.73,53.1,4.06,367.62,541.57,25.3,Good
27.78,35.1,1.02,624.57,608.87,126.5,Moderate
29.19,63.53,2.56,120.27,154.86,33.5,Good
20.89,49.68,11.44,650.28,872.69,133.7,Moderate
14.88,61.33,4.04,305.46,271.91,33.6,Good
28.9,60.79,1.33,547.49,656.83,92.0,Satisfactory
29.94,64.96,0.34,1014.5,1076.58,262.5,Poor
35.26,66.99,2.44,1063.72,1177.23,259.3,Poor
37.43,51.81,6.04,939.94,839.21,195.5,Moderate
37.42,61.31,1.58,606.12,796.73,103.2,Moderate
22.01,62.25,4.46,203.09,266.64,10.0,Good
25.89,20.0,4.15,129.78,267.19,29.3,Good
30.88,69.64,1.76,409.11,374.15,53.6,Satisfactory
43.19,60.7,3.83,293.53,408.74,58.8,Satisfactory
36.88,68.15,1.41,823.62,964.46,178.3,Moderate
34.72,34.84,2.71,583.41,694.57,147.4,Moderate
25.67,52.32,1.72,567.06,750.21,140.5,Moderate
22.7,38.35,0.46,905.7,1024.33,221.1,Poor
32.73,71.4,3.83,544.18,738.64,84.9,Satisfactory
21.4,32.71,2.68,922.3,1101.82,238.7,Poor
26.57,41.28,2.09,361.99,395.46,75.9,Satisfactory
27.31,67.62,5.29,1167.65,1495.64,386.0,Very Poor
37.56,46.67,3.91,778.57,890.85,154.1,Moderate
25.87,41.29,2.13,557.67,656.72,109.4,Moderate
13.36,74.32,2.06,565.84,758.14,161.2,Moderate
31.03,75.06,1.2,318.71,508.66,64.1,Satisfactory
23.81,71.0,0.04,899.71,1015.06,261.2,Poor
28.26,73.28,0.68,1011.65,1081.74,263.1,Poor
27.48,53.83,9.44,270.07,321.19,44.0,Good
26.36,54.32,1.73,653.61,800.99,148.7,Moderate
32.74,46.33,2.85,583.3,570.63,112.6,Moderate
18.8,61.02,0.45,629.63,646.93,122.6,Moderate
24.9,48.5,1.1,547.78,616.56,126.1,Moderate
32.1,50.2,0.93,685.0,673.12,112.2,Moderate
24.32,68.8,2.24,507.48,638.78,77.3,Satisfactory
18.35,79.32,1.16,532.1,722.43,138.5,Moderate
32.01,65.17,11.12,283.62,293.48,33.8,Good
34.74,90.3,4.63,510.85,703.92,118.7,Moderate
27.73,45.3,6.47,665.06,919.41,130.9,Moderate
16.23,24.92,1.74,262.49,142.81,36.5,Good
32.24,70.86,2.2,598.84,738.4,135.2,Moderate
18.04,44.11,5.98,906.15,971.82,194.6,Moderate
29.85,53.07,1.06,531.87,617.14,75.5,Satisfactory
22.68,26.14,2.71,472.7,799.78,99.3,Satisfactory
21.04,41.81,1.16,464.6,411.43,93.4,Satisfactory
25.35,30.96,2.86,133.95,296.83,10.0,Good
26.9,50.18,0.27,1019.88,1026.93,240.8,Poor
24.13,50.9,0.87,572.49,571.36,135.0,Moderate
31.53,59.62,2.24,962.14,991.1,220.6,Poor
25.32,80.32,2.52,754.16,982.05,215.7,Poor
33.88,70.18,3.51,932.44,855.61,175.2,Moderate
29.69,28.8,0.37,1112.8,1339.19,306.4,Very Poor
23.81,68.94,2.16,912.89,997.0,195.9,Moderate
22.8,60.01,0.15,507.37,556.89,102.8,Moderate
18.12,56.24,1.24,427.07,679.78,95.7,Satisfactory
29.74,57.59,1.8,912.04,1097.1,252.5,Poor
25.87,61.68,1.53,642.07,590.2,88.8,Satisfactory
13.77,45.55,7.17,400.61,496.93,91.8,Satisfactory
24.79,54.72,1.82,647.44,731.46,137.6,Moderate
22.59,79.31,3.07,500.29,543.37,39.1,Good
37.45,45.33,2.25,907.91,982.98,253.5,Poor
17.78,39.46,1.7,405.04,529.13,78.2,Satisfactory
19.35,56.89,2.86,549.99,563.34,99.9,Satisfactory
34.66,37.65,2.05,683.69,951.71,118.6,Moderate
36.14,26.99,1.88,836.7,940.49,222.3,Poor
23.53,51.8,1.37,776.08,947.63,136.5,Moderate
24.21,84.08,1.06,961.08,979.91,267.1,Poor
31.7,57.31,0.89,626.61,939.59,98.3,Satisfactory
14.04,61.21,1.88,406.5,361.79,56.7,Satisfactory
16.83,20.0,1.75,376.77,473.68,103.1,Moderate
26.32,65.89,5.83,341.15,195.6,37.3,Good
37.3,59.68,0.22,781.17,835.05,178.8,Moderate
25.39,46.03,7.64,277.83,281.53,34.4,Good
28.61,61.24,0.38,822.11,905.14,167.1,Moderate
34.8,61.06,1.68,539.34,620.41,70.3,Satisfactory
40.64,38.93,2.54,369.5,399.39,52.2,Satisfactory
24.54,63.97,0.53,648.93,622.88,116.0,Moderate
27.9,79.55,0.37,479.77,642.05,107.3,Moderate
38.93,53.9,1.48,558.24,433.82,80.3,Satisfactory
18.87,42.38,3.14,274.87,412.2,62.5,Satisfactory
34.17,54.8,3.95,311.93,677.34,72.1,Satisfactory
21.89,73.38,0.29,546.12,816.3,85.7,Satisfactory
28.61,35.93,1.42,439.1,633.12,62.8,Satisfactory
26.54,68.41,0.11,402.5,547.33,85.4,Satisfactory
22.25,45.8,0.54,536.5,748.9,104.5,Moderate
22.1,62.36,4.97,599.79,836.86,160.7,Moderate
29.66,47.84,2.41,399.06,316.47,67.3,Satisfactory
33.97,47.79,0.61,570.64,720.88,134.1,Moderate
27.22,85.42,4.57,627.6,755.13,107.0,Moderate
28.42,32.64,0.74,572.76,866.26,132.7,Moderate
31.43,66.74,1.64,659.1,695.25,137.3,Moderate
22.17,89.16,0.07,710.05,834.58,163.2,Moderate
32.44,70.34,0.62,779.19,980.36,194.4,Moderate
32.92,34.04,2.19,870.47,897.1,167.2,Moderate
43.62,34.93,2.09,841.85,1095.22,239.8,Poor
25.74,44.47,1.05,1105.29,1219.66,269.4,Poor
25.25,60.84,1.47,1079.86,1157.58,282.1,Poor
32.61,62.07,3.36,642.76,679.79,145.4,Moderate
32.91,35.11,1.34,880.31,880.67,179.9,Moderate
24.79,42.29,2.55,1057.39,1216.6,261.1,Poor
25.58,43.39,0.86,240.47,318.81,40.1,Good
31.25,54.75,1.61,753.31,1127.86,238.2,Poor
23.03,93.72,0.05,183.25,266.97,28.5,Good
25.54,41.2,0.94,385.91,650.19,83.3,Satisfactory
28.54,40.41,1.82,930.37,947.27,180.9,Moderate
33.98,37.6,1.52,634.61,753.49,129.3,Moderate
24.37,69.44,0.86,957.84,1012.57,204.9,Poor
16.95,57.26,0.46,703.29,965.29,162.7,Moderate
16.5,41.87,1.88,431.83,589.91,67.2,Satisfactory
20.44,51.47,1.46,633.98,790.3,149.4,Moderate
20.12,43.75,2.31,766.26,898.78,218.4,Poor
27.07,63.33,0.71,468.61,473.59,45.7,Good
20.87,95.0,2.9,650.11,779.08,128.0,Moderate
23.78,67.92,0.36,654.95,618.97,96.4,Satisfactory
23.36,56.33,0.18,830.24,879.53,223.0,Poor
25.36,46.03,5.0,1150.83,1180.48,276.2,Poor
35.94,33.82,0.39,748.54,780.71,170.1,Moderate
31.97,71.21,1.9,949.33,1079.05,227.5,Poor
28.1,70.23,1.19,540.79,1020.78,105.3,Moderate
25.23,49.61,5.11,368.59,208.76,22.6,Good
25.4,79.84,3.01,303.77,316.12,23.7,Good
29.97,58.38,0.19,838.9,953.2,162.4,Moderate
31.51,71.95,6.43,714.45,748.74,142.6,Moderate
22.55,63.33,4.03,1105.39,1311.36,274.2,Poor
28.22,54.81,1.03,739.81,1159.56,193.4,Moderate
15.81,40.81,0.35,780.21,1006.35,212.9,Poor
29.27,55.38,2.03,173.04,358.82,40.2,Good
32.57,73.16,2.15,535.18,691.91,124.2,Moderate
26.32,48.85,0.08,367.9,426.16,41.3,Good
38.9,65.92,1.89,398.04,243.46,10.0,Good
22.71,38.51,3.74,723.58,890.31,157.6,Moderate
29.3,72.04,1.79,350.52,288.42,33.5,Good
27.79,63.63,1.5,493.53,597.84,132.0,Moderate
27.4,36.36,1.31,910.94,1104.03,211.2,Poor
27.31,53.97,0.6,677.79,833.99,119.9,Moderate
28.64,74.77,4.43,756.89,889.38,184.2,Moderate
33.09,35.34,1.09,408.54,447.92,81.8,Satisfactory
36.27,38.72,2.03,934.02,993.28,225.6,Poor
27.99,56.75,0.25,230.3,286.46,15.9,Good
32.89,95.0,1.44,350.68,556.81,58.3,Satisfactory
23.79,45.89,2.67,732.27,838.21,136.2,Moderate
32.6,66.91,1.06,526.27,683.93,102.3,Moderate
23.43,62.68,1.1,1387.52,1617.85,375.5,Very Poor
34.54,47.39,1.61,640.04,836.73,163.2,Moderate
41.26,60.9,2.57,510.53,544.92,69.0,Satisfactory
27.27,49.94,1.88,352.98,580.01,89.5,Satisfactory
14.84,51.56,8.45,361.18,435.81,40.8,Good
24.71,28.1,5.01,870.51,1099.61,229.0,Poor
35.39,57.56,0.84,829.36,740.1,164.2,Moderate
31.32,74.18,4.22,451.74,497.74,83.8,Satisfactory
29.49,59.03,0.08,590.86,855.1,141.7,Moderate
34.05,77.63,1.18,665.94,873.03,141.1,Moderate
30.91,68.45,2.85,922.05,1117.48,214.9,Poor
35.31,56.93,1.07,832.08,1114.03,218.3,Poor
33.52,46.7,0.32,436.94,277.9,44.6,Good
37.13,49.25,3.41,333.0,489.01,75.0,Satisfactory
30.15,31.53,0.39,522.57,693.42,111.2,Moderate
33.43,53.19,3.12,445.92,474.75,50.7,Satisfactory
26.16,60.63,2.09,352.3,590.74,84.2,Satisfactory
24.39,88.88,1.3,550.22,807.43,139.0,Moderate
38.24,67.51,3.83,711.48,662.78,97.2,Satisfactory
29.3,42.43,0.52,382.87,588.01,50.6,Satisfactory
32.83,32.09,0.11,580.49,555.77,90.2,Satisfactory
28.74,54.28,0.36,222.84,316.56,10.0,Good
24.48,72.61,8.36,649.83,805.0,150.7,Moderate
28.07,54.03,0.61,173.75,296.3,24.1,Good
36.62,67.76,1.0,660.99,881.15,136.8,Moderate
31.33,54.74,5.99,226.2,490.35,20.9,Good
17.73,70.91,1.0,680.16,924.75,170.8,Moderate
26.71,29.25,2.92,677.87,889.82,159.8,Moderate
38.69,86.88,6.57,1017.08,1104.93,270.3,Poor
26.72,37.98,2.5,1020.56,1177.74,276.7,Poor
17.2,72.29,1.57,80.0,271.89,74.3,Satisfactory
39.36,53.1,3.52,350.94,626.22,67.4,Satisfactory
32.09,55.92,0.03,227.13,382.78,10.0,Good
27.58,53.66,0.98,569.91,666.62,107.4,Moderate
25.77,62.6,0.62,530.83,758.46,103.1,Moderate
34.49,66.24,1.87,366.48,585.6,67.6,Satisfactory
24.75,77.05,2.95,713.01,768.37,125.5,Moderate
34.89,83.34,1.14,979.3,1101.13,260.2,Poor
31.25,63.97,2.99,675.73,894.01,155.8,Moderate
29.47,88.85,2.11,590.67,655.52,96.7,Satisfactory
28.87,59.67,3.58,410.97,512.67,87.4,Satisfactory
26.95,77.39,2.11,691.35,736.11,148.5,Moderate
34.27,65.72,0.05,914.52,883.24,186.9,Moderate
22.81,48.11,0.69,566.64,591.35,71.6,Satisfactory
18.27,61.26,0.41,470.23,494.96,85.1,Satisfactory
31.69,67.06,5.85,264.82,451.14,24.4,Good
31.79,57.42,0.33,612.42,899.87,130.2,Moderate
30.88,65.43,1.12,461.28,372.71,57.3,Satisfactory
30.45,73.58,2.36,428.09,475.31,43.5,Good
26.08,57.58,0.87,532.35,625.63,111.7,Moderate
32.72,20.0,1.05,566.36,526.78,118.9,Moderate
27.73,88.21,2.11,283.84,288.15,43.0,Good
25.08,52.64,0.62,398.15,400.75,34.5,Good
26.13,43.18,1.86,1084.5,1068.43,287.3,Poor
40.12,37.77,3.41,864.28,951.03,195.0,Moderate
17.59,51.94,0.76,889.35,1080.45,249.8,Poor
31.0,47.87,0.38,867.65,1005.19,180.9,Moderate
17.93,44.73,6.95,335.82,195.43,28.3,Good
27.35,45.72,7.03,383.38,269.24,40.7,Good
25.4,67.54,1.5,596.2,670.39,142.4,Moderate
15.49,94.55,1.8,356.56,508.58,51.9,Satisfactory
30.33,72.77,1.78,391.64,535.51,58.4,Satisfactory
25.72,78.21,0.97,265.25,272.15,12.1,Good
15.4,51.21,1.45,526.54,645.89,99.5,Satisfactory
33.04,59.88,0.06,499.48,651.99,84.5,Satisfactory
36.61,65.68,0.22,774.1,823.03,148.7,Moderate
36.94,46.13,1.06,569.69,605.05,132.2,Moderate
30.15,50.34,0.77,718.22,859.95,138.7,Moderate
28.28,73.38,0.29,608.33,785.28,131.3,Moderate
35.97,77.63,1.45,544.93,684.34,94.8,Satisfactory
38.09,59.21,3.07,644.91,756.09,143.0,Moderate
34.8,36.49,0.62,808.56,845.53,139.0,Moderate
22.35,52.68,2.11,784.1,755.37,128.8,Moderate
29.21,32.06,1.09,868.66,975.51,212.6,Poor
30.64,59.35,3.57,712.13,613.66,132.5,Moderate
17.14,62.6,0.19,550.01,529.98,54.9,Satisfactory
30.82,53.13,0.36,1052.8,1268.73,223.3,Poor
41.64,62.35,1.02,1017.45,1080.65,232.9,Poor
31.84,65.5,0.49,563.21,657.6,114.9,Moderate
36.84,62.62,4.6,587.68,881.63,142.1,Moderate
29.1,36.37,0.21,903.52,968.71,216.3,Poor
27.56,53.44,0.98,704.87,868.49,168.7,Moderate
30.29,65.38,8.27,792.56,938.92,203.2,Poor
23.11,86.42,0.18,396.41,534.35,60.4,Satisfactory
22.22,53.11,1.61,939.24,1157.67,282.7,Poor
35.6,67.92,1.12,578.01,812.42,170.2,Moderate
36.23,73.81,2.44,539.96,778.8,121.1,Moderate
22.05,54.46,2.2,607.3,908.49,120.1,Moderate
33.81,78.67,2.06,458.69,786.55,93.0,Satisfactory
27.48,79.64,3.79,236.86,473.47,11.8,Good
30.04,82.85,3.7,997.17,1179.28,228.1,Poor
30.76,66.25,0.75,525.01,629.06,118.7,Moderate
33.97,95.0,0.72,564.11,730.21,98.4,Satisfactory
28.5,46.92,2.95,1014.82,859.57,214.6,Poor
36.46,95.0,1.87,915.38,957.74,188.3,Moderate
29.86,71.83,2.25,965.73,1309.5,269.1,Poor
31.75,82.13,1.64,387.77,567.54,78.1,Satisfactory
23.0,52.24,0.9,291.98,423.8,27.0,Good
40.95,73.2,2.8,1019.06,1202.62,281.5,Poor
30.82,83.69,0.58,634.52,912.84,122.2,Moderate
32.28,38.43,8.42,814.62,988.74,215.8,Poor
18.35,55.06,7.76,246.79,455.52,39.4,Good
23.06,20.0,10.02,935.13,1099.44,269.2,Poor
35.43,54.79,2.0,288.17,330.09,40.0,Good
29.72,43.31,1.04,706.6,932.69,200.2,Poor
16.52,54.08,5.58,322.88,264.34,41.4,Good
34.23,95.0,1.68,668.61,626.27,101.0,Moderate
24.74,88.92,3.56,531.46,517.11,91.8,Satisfactory
36.47,32.09,3.54,1026.96,1440.79,302.8,Very Poor
27.47,68.0,0.61,657.57,730.11,133.2,Moderate
29.23,72.38,2.74,750.56,687.27,162.2,Moderate
35.07,51.92,3.4,335.41,368.65,24.7,Good
22.62,61.21,1.47,523.65,293.34,66.9,Satisfactory
22.04,62.97,0.22,710.86,727.26,97.1,Satisfactory
26.82,33.76,5.69,325.0,464.91,42.4,Good
32.96,39.44,8.27,139.33,140.51,10.0,Good
20.01,61.1,1.79,375.7,518.41,84.4,Satisfactory
17.99,59.79,1.16,137.14,263.86,19.2,Good
32.94,45.25,1.9,545.65,560.84,71.6,Satisfactory
24.38,43.7,0.96,462.5,439.5,64.1,Satisfactory
25.65,56.38,0.15,127.46,246.89,10.0,Good
16.86,73.95,3.84,588.0,697.3,115.6,Moderate
23.93,56.62,2.88,788.0,951.15,186.4,Moderate
27.95,87.21,0.81,851.93,878.25,211.1,Poor
33.58,45.48,6.99,301.69,712.02,98.0,Satisfactory
23.37,61.48,1.54,549.99,545.05,98.4,Satisfactory
37.94,51.62,1.83,827.27,987.8,154.1,Moderate
23.89,68.58,1.31,409.67,513.55,71.8,Satisfactory
23.9,43.93,4.33,333.86,654.92,55.2,Satisfactory
37.22,92.69,2.79,539.44,667.02,72.5,Satisfactory
29.27,27.57,0.06,692.05,825.0,175.6,Moderate
24.69,88.88,1.67,535.96,552.18,31.4,Good
27.07,59.62,3.51,500.47,563.75,80.2,Satisfactory
36.12,67.94,0.15,507.74,654.14,105.9,Moderate
36.8,82.02,3.47,1023.81,1320.69,343.6,Very Poor
23.1,73.44,2.85,570.67,767.2,84.4,Satisfactory
27.75,44.86,0.47,831.36,754.67,148.5,Moderate
28.54,68.8,1.26,503.49,699.59,70.7,Satisfactory
22.08,91.61,0.28,451.51,524.42,75.5,Satisfactory
27.67,42.03,0.83,593.15,1020.93,161.2,Moderate
28.03,95.0,1.24,495.71,461.78,108.7,Moderate
34.84,64.94,3.1,668.4,972.64,126.4,Moderate
35.24,50.2,3.69,294.3,411.61,31.7,Good
26.02,41.92,2.09,611.73,885.09,142.0,Moderate
26.72,53.98,1.18,224.59,226.33,20.6,Good
31.99,22.8,3.38,594.9,631.49,123.9,Moderate
24.49,50.53,1.83,758.32,931.17,156.4,Moderate
31.53,53.27,2.33,889.14,1252.84,255.6,Poor
27.47,38.66,3.86,875.38,1181.1,211.3,Poor
22.18,71.46,3.19,471.28,418.1,56.3,Satisfactory
22.26,54.06,2.31,499.43,743.49,107.4,Moderate
36.68,46.56,2.78,860.92,987.23,183.2,Moderate
27.06,52.14,0.81,304.76,549.68,43.9,Good
37.84,64.39,0.67,512.8,639.52,87.3,Satisfactory
24.92,59.32,8.17,409.64,461.41,111.7,Moderate
29.75,45.38,0.63,900.49,869.1,210.6,Poor
42.36,60.26,3.9,531.85,770.57,97.5,Satisfactory
21.66,57.09,1.16,923.83,1027.35,178.3,Moderate
16.61,37.49,3.07,587.52,619.23,95.3,Satisfactory
35.72,52.81,0.04,424.84,390.5,11.7,Good
23.04,68.43,0.24,695.23,916.31,150.7,Moderate
27.88,68.3,4.11,830.9,1070.53,229.4,Poor
24.48,53.86,0.12,261.86,221.67,41.8,Good
29.61,70.18,0.82,381.75,552.25,69.5,Satisfactory
22.3,40.36,5.8,1010.98,1045.33,281.3,Poor
26.92,40.92,3.7,292.38,501.57,89.8,Satisfactory
30.7,53.48,1.09,688.94,731.26,115.6,Moderate
21.95,84.96,0.63,477.61,730.35,94.1,Satisfactory
23.8,60.94,6.56,309.16,513.28,79.1,Satisfactory
25.92,53.04,0.71,577.88,879.29,130.0,Moderate
19.43,85.79,2.23,824.31,958.02,202.9,Poor
25.46,52.84,5.37,674.35,732.9,124.0,Moderate
28.71,95.0,2.63,627.64,771.78,197.4,Moderate
25.6,48.8,5.38,436.33,359.61,36.3,Good
26.37,39.79,1.04,618.67,784.66,169.6,Moderate
27.88,55.01,0.4,501.55,652.37,66.5,Satisfactory
24.07,53.52,3.19,546.32,754.04,97.0,Satisfactory
32.15,43.46,4.88,758.29,1057.89,238.4,Poor
36.62,95.0,2.79,486.38,765.96,113.4,Moderate
25.21,63.74,0.52,370.73,583.02,76.7,Satisfactory
30.91,66.36,11.18,788.23,1052.54,215.0,Poor
26.56,49.69,0.28,342.44,488.77,42.2,Good
30.19,47.6,2.0,370.29,587.55,93.9,Satisfactory
37.39,76.46,5.35,524.66,597.65,116.5,Moderate
31.05,27.83,1.8,995.77,1072.86,251.7,Poor
17.36,37.43,3.24,548.62,514.54,120.7,Moderate
30.72,53.55,0.1,531.24,670.85,103.8,Moderate
35.4,82.32,3.12,358.23,459.26,55.4,Satisfactory
26.67,51.26,0.47,529.8,371.82,26.3,Good
33.97,65.49,2.03,894.23,954.47,189.4,Moderate
23.86,58.5,0.26,418.38,476.33,49.2,Good
19.09,81.33,3.41,654.12,775.73,147.0,Moderate
28.85,29.47,2.75,696.94,671.99,143.4,Moderate
17.46,71.25,2.01,237.99,298.01,10.0,Good
26.56,54.42,4.21,365.09,752.9,52.3,Satisfactory
35.72,74.65,3.02,1013.04,1302.27,307.6,Very Poor
16.54,43.25,0.25,223.79,209.16,39.7,Good
20.32,58.44,4.1,183.36,208.69,10.0,Good
21.81,56.15,3.06,314.2,379.94,32.7,Good
27.62,39.96,0.63,844.39,1033.34,185.6,Moderate
25.81,34.95,1.72,1155.78,1417.59,318.0,Very Poor
36.39,47.55,0.98,603.85,715.88,79.7,Satisfactory
33.73,60.34,9.07,277.62,290.38,15.3,Good
30.97,44.38,0.39,640.44,812.47,156.6,Moderate
28.87,52.06,1.04,319.45,305.21,24.1,Good
30.36,24.06,1.59,454.87,695.15,98.5,Satisfactory
22.83,51.33,1.94,577.94,863.02,119.5,Moderate
33.14,76.42,1.09,511.06,331.5,41.1,Good
21.33,70.69,1.88,531.42,707.24,97.2,Satisfactory
33.01,56.44,2.8,347.8,384.54,47.5,Good
35.12,62.39,0.71,611.36,682.9,124.8,Moderate
29.27,43.09,1.09,348.95,407.77,33.6,Good
26.94,87.24,7.5,706.45,754.4,175.9,Moderate
30.4,95.0,4.19,906.0,942.7,203.6,Poor
12.0,60.97,4.1,871.11,918.1,227.1,Poor
29.81,95.0,0.23,742.81,651.79,121.1,Moderate
27.32,45.76,8.53,649.43,801.86,145.5,Moderate
27.7,35.48,1.53,433.91,402.9,83.0,Satisfactory
32.24,45.23,4.52,362.78,339.23,45.8,Good
27.55,54.05,2.05,1036.76,1372.32,316.7,Very Poor
21.16,95.0,0.1,599.03,694.45,126.6,Moderate
27.15,52.94,1.16,287.73,396.45,10.0,Good
28.41,42.53,4.24,215.82,293.02,35.1,Good
28.69,41.83,4.35,98.39,331.5,16.6,Good
28.97,78.52,2.14,646.23,878.22,128.7,Moderate
34.24,75.95,0.37,395.44,453.97,44.4,Good
21.48,49.26,4.64,942.63,1014.85,180.2,Moderate
29.05,24.24,0.71,846.64,961.26,224.2,Poor
35.74,37.69,2.03,673.45,819.41,175.3,Moderate
17.59,88.98,2.96,890.04,1045.26,217.2,Poor
29.08,70.4,3.24,797.44,868.04,157.8,Moderate
24.49,59.18,2.87,596.07,569.38,90.2,Satisfactory
25.78,91.64,0.57,663.17,648.03,80.2,Satisfactory
22.57,93.25,1.03,508.65,543.59,128.4,Moderate
26.98,57.35,0.55,498.02,795.22,140.5,Moderate
39.05,57.68,3.48,772.13,857.16,187.8,Moderate
20.41,47.52,3.05,301.07,318.4,10.0,Good
20.98,52.88,0.69,559.54,600.14,96.6,Satisfactory
20.19,31.25,3.98,268.5,273.56,29.6,Good
38.36,31.17,3.96,628.4,842.73,139.8,Moderate
25.23,26.99,5.21,511.42,527.57,84.1,Satisfactory
27.85,77.52,2.95,1024.33,1385.54,246.6,Poor
25.58,29.89,3.14,451.15,499.75,83.3,Satisfactory
22.33,93.1,1.13,655.23,715.61,139.4,Moderate
26.59,44.85,1.47,848.39,752.37,164.0,Moderate
42.75,89.27,4.78,1140.4,1354.59,315.0,Very Poor
36.35,51.43,0.86,1088.14,1326.67,277.1,Poor
22.88,29.81,0.61,319.47,398.2,34.8,Good
31.89,81.11,3.17,836.87,976.88,206.8,Poor
23.01,83.23,0.07,881.93,1163.97,201.3,Poor
17.34,41.69,0.8,875.9,777.99,131.3,Moderate
34.12,52.03,5.39,551.33,854.82,119.2,Moderate
34.96,41.7,6.34,560.18,630.47,105.8,Moderate
34.28,55.83,4.37,632.27,933.77,136.2,Moderate
25.18,59.94,1.94,481.56,530.06,108.6,Moderate
27.0,51.68,0.62,1288.39,1669.62,397.1,Very Poor
32.5,25.26,0.25,364.44,504.87,45.5,Good
30.35,47.54,1.23,639.42,996.91,160.0,Moderate
25.64,70.66,0.26,615.77,667.66,106.2,Moderate
18.29,54.24,8.24,485.0,593.4,104.7,Moderate
28.68,52.11,1.16,402.5,476.48,10.3,Good
34.47,41.25,1.33,820.83,900.96,153.0,Moderate
20.81,47.02,3.75,242.68,420.43,34.1,Good
31.83,83.36,0.19,853.9,1067.72,176.9,Moderate
29.99,37.48,1.37,461.46,274.75,76.4,Satisfactory
32.5,70.97,1.78,982.58,1036.64,204.4,Poor
33.23,58.85,0.27,485.89,344.74,76.1,Satisfactory
23.83,62.41,0.56,366.85,521.74,46.1,Good
18.3,44.82,0.88,505.53,465.38,81.2,Satisfactory
24.8,51.67,4.51,1083.25,1441.0,291.4,Poor
33.33,57.9,6.18,677.18,688.02,120.6,Moderate
24.75,48.63,2.8,1110.35,1141.87,331.7,Very Poor
23.84,63.97,1.64,874.16,949.13,176.8,Moderate
17.07,66.23,5.4,442.89,641.77,83.8,Satisfactory
38.52,95.0,4.0,582.62,585.04,123.4,Moderate
32.95,63.01,10.33,377.83,683.32,60.3,Satisfactory
32.62,23.58,0.13,580.64,699.85,150.4,Moderate
33.81,78.93,1.84,602.12,745.51,121.6,Moderate
31.46,54.33,0.95,664.55,750.59,95.8,Satisfactory
26.53,94.21,0.18,935.81,1030.79,244.4,Poor
27.02,84.48,1.86,851.61,1070.99,228.0,Poor
25.43,48.91,9.5,429.66,307.33,66.2,Satisfactory
43.81,70.99,0.43,511.7,489.36,84.5,Satisfactory
31.34,47.31,4.08,758.5,569.31,95.9,Satisfactory
25.22,58.05,5.58,299.13,240.65,27.0,Good
30.79,70.17,5.55,688.17,802.85,188.7,Moderate
21.93,78.03,2.81,87.95,251.95,10.0,Good
37.03,74.11,1.14,1019.07,1048.07,203.6,Poor
24.03,59.35,0.25,186.06,354.19,10.0,Good
31.01,95.0,0.44,1000.4,1136.28,244.2,Poor
34.4,51.43,3.18,736.08,1028.87,169.5,Moderate
30.31,29.07,1.2,380.29,169.68,17.9,Good
28.57,32.54,0.52,746.96,1024.03,205.0,Poor
28.06,84.53,2.37,922.01,1007.42,192.2,Moderate
27.66,56.62,2.65,1025.57,1184.07,286.7,Poor
24.54,60.86,3.77,357.73,460.05,45.3,Good
25.3,48.23,0.69,649.18,672.16,96.1,Satisfactory
36.88,49.85,1.63,764.09,818.2,177.5,Moderate
27.35,43.83,0.72,122.7,246.22,10.0,Good
23.29,66.48,0.33,529.45,676.88,130.8,Moderate
24.9,56.25,4.8,353.95,586.94,54.5,Satisfactory
34.6,65.83,4.52,788.43,1114.99,218.4,Poor
32.05,64.11,0.14,634.96,977.1,177.8,Moderate
31.36,50.33,1.96,266.26,565.19,37.2,Good
26.45,31.74,5.43,581.75,742.56,156.2,Moderate
31.44,30.18,3.89,152.98,389.47,11.4,Good
24.14,95.0,0.59,419.62,508.86,101.6,Moderate
26.44,84.61,5.95,234.62,502.86,31.2,Good
33.82,82.12,5.43,823.02,927.56,160.6,Moderate
33.25,45.86,2.57,292.25,578.05,85.2,Satisfactory
22.11,58.17,1.38,864.53,947.41,271.1,Poor
22.87,43.32,0.58,151.78,221.93,18.6,Good
28.65,34.38,1.85,504.51,687.35,98.2,Satisfactory
38.36,47.4,6.7,679.82,859.9,120.4,Moderate
16.51,81.87,0.61,469.6,529.26,105.4,Moderate
29.67,73.13,7.21,612.79,534.0,114.5,Moderate
19.74,40.54,3.72,676.14,583.17,126.6,Moderate
24.19,52.33,1.85,339.48,631.83,80.6,Satisfactory
25.81,71.48,5.47,745.98,642.9,140.3,Moderate
25.48,47.72,1.79,1072.36,1232.01,313.4,Very Poor
24.8,59.43,1.5,862.65,1041.36,198.2,Moderate
28.04,65.23,4.62,494.95,561.42,89.2,Satisfactory
24.79,65.04,1.93,221.95,495.0,50.6,Satisfactory
19.23,62.57,1.8,1279.99,1489.15,402.8,Severe
32.68,46.23,0.92,858.57,877.65,176.7,Moderate
32.52,48.08,1.47,687.76,504.2,82.7,Satisfactory
33.06,37.59,7.94,799.02,865.74,202.2,Poor
18.76,29.9,0.59,950.49,1335.6,292.8,Poor
29.79,55.93,0.75,691.19,792.21,164.0,Moderate
32.06,72.69,1.65,512.57,635.86,108.3,Moderate
21.81,33.15,1.37,483.27,394.75,37.0,Good
28.06,62.91,2.26,1010.36,1367.16,290.6,Poor
27.3,72.12,0.05,126.5,221.85,10.2,Good
39.05,24.94,2.22,434.29,526.55,72.1,Satisfactory
39.55,53.13,7.89,922.39,1077.9,208.0,Poor
18.01,87.63,1.93,517.09,676.29,127.5,Moderate
42.96,67.93,1.42,1012.17,1056.62,274.1,Poor
22.51,24.33,1.69,680.97,727.72,155.8,Moderate
33.88,69.85,1.21,918.35,1079.04,276.0,Poor
33.82,44.54,3.71,441.08,532.55,103.0,Moderate
22.03,70.44,2.6,549.27,712.62,98.2,Satisfactory
30.96,45.58,2.42,795.01,832.32,183.3,Moderate
27.35,57.05,5.47,459.97,678.42,43.7,Good
31.33,48.32,3.75,860.82,945.31,153.7,Moderate
29.38,58.06,0.01,823.99,1097.39,222.5,Poor
35.18,47.79,1.18,572.33,460.89,85.9,Satisfactory
28.45,53.98,0.31,1138.69,1223.32,291.4,Poor
26.99,36.84,0.72,656.5,1057.82,203.2,Poor
34.58,66.83,0.94,930.28,922.96,156.6,Moderate
31.48,61.16,0.68,946.55,1059.62,246.3,Poor
32.39,28.9,3.91,1077.81,1398.53,326.1,Very Poor
24.01,75.87,3.34,459.58,538.49,84.7,Satisfactory
21.73,54.83,1.18,1071.83,1425.25,321.0,Very Poor
24.59,60.91,3.23,163.97,100.0,10.0,Good
24.28,71.76,2.85,490.28,487.27,65.8,Satisfactory
32.72,63.91,2.1,719.28,803.24,137.7,Moderate
33.86,78.97,1.58,1000.01,1190.22,313.0,Very Poor
27.07,52.72,4.28,252.78,214.21,10.0,Good
36.59,76.62,1.79,660.14,790.27,158.6,Moderate
36.21,60.21,2.35,860.56,1135.61,239.9,Poor
29.46,67.14,2.19,592.17,865.9,122.0,Moderate
23.07,65.27,0.98,228.31,100.0,10.0,Good
37.45,80.33,0.92,670.11,880.12,153.3,Moderate
27.63,70.99,1.47,910.85,1107.87,242.7,Poor
28.76,50.03,3.84,453.94,672.67,99.9,Satisfactory
25.96,46.46,1.64,598.12,806.88,125.0,Moderate
22.66,57.1,0.09,915.14,1169.58,228.6,Poor
19.19,44.32,2.59,861.41,885.94,183.8,Moderate
31.8,39.06,1.04,395.22,609.28,53.8,Satisfactory
23.3,20.0,0.67,389.41,304.41,61.3,Satisfactory
45.0,30.11,3.52,425.81,797.9,127.5,Moderate
21.48,93.74,3.5,699.63,895.17,156.6,Moderate
20.46,46.18,2.12,598.82,589.55,83.2,Satisfactory
31.06,92.26,1.35,292.91,289.79,10.0,Good
37.18,65.26,1.09,251.66,277.04,12.6,Good
28.39,57.1,0.31,825.81,969.22,208.4,Poor
31.43,30.99,0.01,555.44,624.4,137.3,Moderate
16.94,58.08,1.18,289.86,294.47,10.0,Good
23.93,92.06,1.21,546.96,675.89,127.9,Moderate
21.56,86.04,0.61,782.27,1095.24,210.3,Poor
16.63,62.94,5.45,530.31,590.27,95.1,Satisfactory
28.7,37.32,0.99,704.4,945.91,173.0,Moderate
14.54,40.77,2.09,737.11,812.95,182.2,Moderate
20.07,42.65,2.54,692.61,746.99,145.3,Moderate
24.78,81.01,2.89,724.29,623.23,82.3,Satisfactory
23.01,87.37,0.85,500.92,705.1,103.1,Moderate
30.38,61.53,1.31,447.2,544.75,77.6,Satisfactory
29.83,52.54,1.88,880.92,986.42,209.2,Poor
33.36,85.88,0.85,1210.66,1315.81,319.9,Very Poor
32.51,40.39,5.01,721.62,1075.13,218.9,Poor
34.84,58.93,10.84,678.36,774.42,138.8,Moderate
27.99,66.33,2.47,1002.11,1233.85,254.4,Poor
29.82,42.47,2.45,526.94,816.05,154.7,Moderate
31.07,46.55,4.71,304.1,488.21,29.3,Good
28.85,45.15,3.86,417.04,510.07,44.2,Good
25.62,83.5,1.8,309.58,273.11,14.3,Good
26.01,92.46,7.47,820.6,1178.36,232.7,Poor
23.09,60.07,0.91,401.73,512.82,65.4,Satisfactory
30.53,53.17,3.55,518.2,571.3,92.2,Satisfactory
27.44,47.2,1.3,700.34,525.36,122.2,Moderate
24.02,58.03,2.76,332.55,375.79,21.8,Good
24.03,48.1,1.16,564.44,603.35,106.3,Moderate
20.74,56.25,7.27,463.12,480.29,60.1,Satisfactory
33.87,65.44,4.91,628.71,616.33,120.3,Moderate
28.47,50.7,2.63,686.12,556.17,111.5,Moderate
22.82,54.59,3.92,157.93,248.3,10.0,Good
32.85,54.66,0.62,287.93,198.46,10.0,Good
24.64,52.28,0.23,606.99,581.64,81.7,Satisfactory
19.56,50.05,0.86,423.78,691.56,60.7,Satisfactory
34.13,71.72,7.11,554.87,618.88,64.1,Satisfactory
24.78,26.13,1.15,193.54,429.29,46.4,Good
25.55,86.34,4.15,439.86,523.15,32.7,Good
28.25,60.44,1.44,520.18,507.78,71.8,Satisfactory
34.86,68.98,1.54,854.57,744.08,162.7,Moderate
28.12,71.05,1.17,932.48,1248.74,296.6,Poor
20.81,45.25,1.08,768.13,878.96,183.4,Moderate
31.26,41.54,3.89,601.82,763.06,94.6,Satisfactory
25.09,39.42,1.1,590.5,690.66,104.7,Moderate
39.33,53.55,1.07,433.79,452.79,72.8,Satisfactory
27.99,70.59,1.82,558.75,716.76,135.8,Moderate
14.59,47.49,1.32,421.68,637.79,68.3,Satisfactory
30.14,68.94,0.69,739.08,925.45,192.0,Moderate
39.67,20.0,3.51,641.19,625.76,106.7,Moderate
37.46,51.06,2.28,833.57,970.68,238.1,Poor
38.99,79.01,1.02,479.65,481.26,67.5,Satisfactory
21.88,54.92,0.69,593.48,757.2,132.9,Moderate
33.47,43.08,4.79,413.86,543.04,42.8,Good
23.67,46.18,0.37,494.68,881.13,146.8,Moderate
29.35,20.0,3.1,365.78,275.58,45.2,Good
20.36,39.79,0.08,967.22,969.06,243.8,Poor
24.13,77.03,2.02,973.83,1187.9,252.6,Poor
23.94,47.51,2.07,755.79,831.47,160.7,Moderate
33.39,49.64,0.27,816.33,978.83,180.5,Moderate
32.8,20.0,0.31,330.66,505.79,48.9,Good
29.66,28.64,2.15,918.54,1020.43,229.3,Poor
19.9,79.42,0.3,176.34,159.32,34.1,Good
26.13,69.11,5.69,349.54,373.65,34.2,Good
23.52,34.65,1.04,455.71,753.69,112.2,Moderate
33.22,46.65,6.54,743.9,742.68,104.3,Moderate
35.07,57.47,5.4,949.69,955.41,239.0,Poor
34.34,36.47,1.6,585.37,817.2,113.7,Moderate
23.47,21.93,2.22,84.71,140.76,10.4,Good
12.0,55.13,0.47,346.23,458.83,62.7,Satisfactory
17.4,68.31,1.15,465.83,684.54,106.3,Moderate
36.53,68.65,4.09,299.17,433.18,60.5,Satisfactory
25.59,73.75,1.4,664.43,1046.83,183.1,Moderate
23.5,30.04,2.24,372.07,449.31,43.7,Good
37.86,59.04,0.83,940.96,1156.14,275.8,Poor
35.59,53.17,1.27,1462.28,1758.56,389.6,Very Poor
28.15,56.43,3.06,656.18,736.75,138.8,Moderate
26.24,54.19,1.27,807.83,1037.32,208.0,Poor
27.21,46.11,3.52,435.89,490.52,37.3,Good
29.36,20.0,0.3,439.64,664.9,95.5,Satisfactory
37.6,78.91,3.02,630.92,953.66,108.7,Moderate
30.53,63.94,0.55,1086.94,1244.58,272.5,Poor
32.36,31.28,1.56,702.87,680.55,115.7,Moderate
35.02,66.52,0.77,615.32,763.1,130.2,Moderate
20.98,49.95,3.03,174.16,220.81,10.0,Good
32.53,50.46,0.35,910.93,1107.98,190.4,Moderate
26.23,44.17,3.56,495.84,551.71,46.3,Good
12.9,67.66,1.8,470.42,542.71,70.8,Satisfactory
15.23,43.6,1.42,944.89,1031.59,235.9,Poor
21.89,38.26,0.91,379.76,539.06,83.0,Satisfactory
31.19,78.37,1.13,798.59,886.78,137.0,Moderate
28.68,54.78,5.3,820.17,769.13,189.9,Moderate
29.11,55.35,0.88,283.39,252.84,16.7,Good
39.71,70.46,5.33,231.63,386.55,13.6,Good
20.39,45.98,6.83,297.78,114.35,10.0,Good
27.84,49.57,1.38,552.63,584.79,103.1,Moderate
29.83,63.5,0.23,520.28,678.85,74.8,Satisfactory
23.58,30.26,4.26,80.0,100.0,10.0,Good
28.17,61.98,4.22,731.15,762.52,160.0,Moderate
18.4,44.4,5.39,454.17,656.0,130.5,Moderate
36.46,73.4,1.68,857.02,925.29,200.6,Poor
23.91,67.84,2.46,507.9,668.12,98.4,Satisfactory
40.19,65.46,1.11,1322.14,1440.32,338.6,Very Poor
27.81,29.07,1.06,522.79,373.96,97.6,Satisfactory
34.17,56.14,2.34,872.92,1150.97,212.1,Poor
27.68,36.81,4.58,471.99,551.39,78.0,Satisfactory
27.82,57.34,3.75,824.83,1000.68,193.3,Moderate
24.5,20.0,1.89,595.25,614.48,106.2,Moderate
28.71,30.27,4.91,389.1,251.6,64.2,Satisfactory
29.91,79.4,0.37,749.2,804.89,129.0,Moderate
23.29,64.64,11.7,608.1,853.15,143.0,Moderate
27.25,51.63,0.43,775.3,937.69,152.5,Moderate
24.34,41.64,1.73,1047.45,1022.41,249.8,Poor
41.8,38.48,2.31,668.31,659.61,124.1,Moderate
27.46,61.6,2.39,466.28,469.41,50.5,Satisfactory
37.27,51.81,4.5,568.4,710.16,86.5,Satisfactory
26.83,85.84,0.67,614.34,583.31,123.0,Moderate
29.56,54.67,2.55,838.06,1028.16,261.8,Poor
20.07,59.06,3.48,635.27,796.1,149.9,Moderate
25.32,33.01,5.07,140.53,218.86,27.9,Good
29.26,51.51,1.36,80.0,218.67,28.8,Good
37.52,61.19,2.1,495.78,561.68,69.3,Satisfactory
29.33,51.29,1.83,755.09,960.21,189.8,Moderate
36.3,49.26,3.33,702.48,679.27,92.5,Satisfactory
31.84,63.88,3.35,692.12,807.08,155.6,Moderate
37.76,85.27,1.3,1024.14,1074.09,245.4,Poor
27.65,60.61,1.8,565.06,886.91,138.1,Moderate
42.34,78.6,1.93,900.63,1182.35,227.9,Poor
25.09,69.19,0.54,187.92,156.88,10.0,Good
23.4,77.52,2.68,913.0,1172.83,260.1,Poor
20.74,47.03,2.59,441.74,558.6,99.6,Satisfactory
41.99,54.28,0.54,1181.93,1505.88,346.0,Very Poor
32.92,54.35,2.86,689.93,738.07,134.5,Moderate
26.0,67.83,12.99,350.53,468.79,54.1,Satisfactory
35.49,72.26,0.77,726.27,801.15,174.2,Moderate
32.13,60.25,0.54,537.97,621.33,95.3,Satisfactory
39.8,73.78,0.76,886.84,876.53,193.4,Moderate
18.71,47.86,1.88,293.85,169.02,10.0,Good
26.41,73.94,0.13,133.28,100.0,10.0,Good
25.22,76.28,2.87,724.42,829.46,116.0,Moderate
16.16,70.19,2.67,460.77,366.12,56.6,Satisfactory
34.36,60.42,2.12,275.07,130.27,16.7,Good
26.38,70.84,2.04,324.29,474.39,49.6,Good
32.44,41.91,0.59,438.55,763.7,146.0,Moderate
42.16,61.57,2.78,904.37,964.7,192.1,Moderate
25.88,63.41,2.89,170.49,158.37,39.4,Good
25.47,34.07,1.2,501.33,384.09,36.8,Good
28.71,66.54,2.54,862.67,1074.79,254.2,Poor
33.92,35.52,12.53,245.86,475.21,52.1,Satisfactory
24.6,50.3,17.35,164.45,208.12,13.3,Good
24.21,58.72,2.56,501.04,749.16,90.7,Satisfactory
34.34,44.85,2.37,453.45,503.26,46.7,Good
30.27,59.49,1.79,473.6,688.08,77.9,Satisfactory
15.73,59.2,1.06,524.86,567.83,104.9,Moderate
20.65,43.24,3.18,500.02,420.77,77.9,Satisfactory
37.01,68.22,0.98,785.01,1069.53,231.9,Poor
30.41,44.25,2.61,565.17,813.7,85.5,Satisfactory
23.43,95.0,2.53,739.86,1011.76,179.7,Moderate
26.98,56.03,9.09,563.8,517.81,82.0,Satisfactory
28.08,36.92,2.05,1255.32,1472.61,360.0,Very Poor
32.41,40.28,1.09,994.43,1205.72,249.5,Poor
19.85,78.66,3.92,683.99,681.53,158.1,Moderate
22.95,50.64,2.51,286.5,473.45,34.6,Good
29.64,33.45,5.74,671.22,889.9,190.1,Moderate
27.4,73.37,4.65,1033.82,1024.68,217.7,Poor
31.43,50.52,0.67,470.98,604.73,102.5,Moderate
20.62,69.76,0.81,179.66,280.89,10.0,Good
30.14,74.84,0.43,969.81,1089.37,207.4,Poor
34.55,62.94,3.57,907.57,1161.91,244.9,Poor
30.92,95.0,0.8,655.84,847.53,146.2,Moderate
28.83,26.95,5.52,312.77,583.41,83.2,Satisfactory
27.42,43.28,3.75,368.65,376.58,42.4,Good
22.99,53.39,2.98,476.99,687.42,100.2,Moderate
27.57,95.0,9.63,485.06,437.46,68.7,Satisfactory
35.56,90.36,0.76,574.91,762.1,113.4,Moderate
27.29,81.2,3.78,376.96,427.8,86.1,Satisfactory
22.66,43.71,2.38,888.8,1206.38,275.8,Poor
25.05,45.8,1.74,512.41,610.54,70.0,Satisfactory
29.21,43.09,4.44,384.99,352.83,49.4,Good
25.76,43.9,1.47,338.94,616.55,65.9,Satisfactory
30.91,84.87,2.19,508.0,598.0,119.2,Moderate
31.14,53.61,4.58,1082.24,1355.24,276.8,Poor
33.33,55.99,0.95,821.03,988.64,164.4,Moderate
36.54,71.94,1.03,1027.65,1249.8,314.8,Very Poor
33.98,28.06,7.33,663.62,722.93,89.3,Satisfactory
22.39,58.95,0.81,622.61,977.84,119.2,Moderate
22.58,38.26,0.8,319.1,437.62,49.8,Good
27.55,52.7,1.63,1187.57,1322.48,308.5,Very Poor
25.29,47.44,1.96,682.44,818.35,136.4,Moderate
21.17,46.52,0.27,300.3,490.04,57.2,Satisfactory
25.35,62.06,0.09,809.44,990.46,192.3,Moderate
25.15,61.98,2.81,700.97,852.46,134.4,Moderate
23.97,54.04,10.82,80.0,111.58,10.0,Good
26.11,64.67,0.57,885.02,1125.98,205.6,Poor
35.07,42.36,8.07,408.46,498.15,50.7,Satisfactory
29.2,70.27,0.43,821.07,922.09,160.4,Moderate
42.83,54.29,3.85,685.62,826.32,120.1,Moderate
29.02,49.29,3.09,615.25,665.68,99.9,Satisfactory
26.26,43.69,3.06,546.44,767.57,131.1,Moderate
28.02,53.65,0.51,1045.89,1345.18,297.6,Poor
29.54,91.67,4.31,861.32,1064.97,245.2,Poor
30.61,56.86,4.09,835.0,1086.33,170.0,Moderate
40.46,37.4,3.85,463.27,775.73,150.3,Moderate
22.93,74.54,1.71,854.33,814.54,186.7,Moderate
33.15,49.51,4.41,831.89,1030.32,242.5,Poor
29.25,63.11,0.51,444.88,556.08,73.9,Satisfactory
18.57,47.1,4.41,350.62,342.58,47.9,Good
32.62,81.05,4.54,1018.7,1252.48,257.5,Poor
35.61,47.37,0.1,626.48,653.75,108.4,Moderate
22.86,83.16,0.66,533.17,496.41,23.5,Good
27.95,39.11,2.51,696.92,975.89,220.4,Poor
17.65,52.73,5.88,600.07,865.44,123.6,Moderate
20.45,83.2,3.62,221.19,298.9,22.2,Good
34.29,61.03,4.41,636.06,642.48,97.7,Satisfactory
25.2,95.0,2.13,670.9,737.39,148.4,Moderate
21.35,53.16,3.26,361.48,375.42,29.4,Good
29.38,62.63,0.82,626.1,777.91,158.3,Moderate
24.87,92.29,6.97,515.79,688.75,130.9,Moderate
25.18,30.75,3.42,384.6,356.87,18.9,Good
32.44,28.52,3.05,288.82,549.47,52.9,Satisfactory
21.03,43.68,4.13,269.5,188.68,10.0,Good
22.57,72.64,1.0,1064.19,1230.09,277.6,Poor
28.92,29.02,3.34,837.74,907.42,228.0,Poor
33.82,68.75,0.69,634.98,771.07,114.5,Moderate
35.43,67.48,2.1,1105.48,1264.85,319.8,Very Poor
24.01,94.26,1.0,920.81,744.49,152.8,Moderate
33.62,76.82,3.79,175.77,222.38,12.0,Good
23.3,64.55,1.88,596.27,787.99,125.5,Moderate
38.96,82.46,5.65,886.53,827.56,182.7,Moderate
21.2,67.7,1.53,415.54,502.1,69.4,Satisfactory
35.97,49.72,3.01,713.94,771.48,144.6,Moderate
24.06,37.4,2.97,312.13,446.67,48.8,Good
40.08,47.75,1.34,843.79,872.28,156.7,Moderate
31.55,57.28,1.34,319.27,371.46,39.4,Good
21.9,61.15,0.48,403.99,340.91,63.7,Satisfactory
24.87,20.0,9.66,845.67,911.14,206.2,Poor
32.69,54.05,2.68,920.44,975.38,223.5,Poor
34.32,58.51,0.02,662.99,681.47,141.6,Moderate
27.58,67.86,0.89,150.12,332.61,19.9,Good
28.27,87.28,4.31,1036.12,1436.02,320.6,Very Poor
32.55,61.34,2.42,322.93,695.18,97.6,Satisfactory
28.79,41.63,3.41,398.0,613.16,80.7,Satisfactory
20.24,25.27,4.81,482.71,425.92,10.0,Good
23.12,70.37,9.73,86.8,423.63,10.0,Good
29.41,42.36,2.88,417.96,737.12,91.4,Satisfactory
35.29,73.6,0.55,518.22,784.95,136.1,Moderate
37.7,83.15,0.99,1164.9,1154.05,324.3,Very Poor
32.68,30.21,0.77,828.88,738.24,129.1,Moderate
29.72,67.97,3.03,576.08,472.93,81.5,Satisfactory
32.49,81.27,0.28,754.79,821.95,162.1,Moderate
24.0,76.34,1.06,743.61,898.02,163.8,Moderate
27.08,20.27,4.83,819.45,825.49,210.2,Poor
23.06,42.63,7.54,208.16,268.45,10.0,Good
20.51,34.96,0.11,240.74,382.84,44.7,Good
30.0,67.42,6.91,329.91,180.6,50.5,Satisfactory
29.11,65.44,1.61,256.18,362.43,21.1,Good
32.13,20.0,0.32,794.26,779.4,185.2,Moderate
31.28,52.59,1.59,484.12,817.06,104.0,Moderate
29.46,72.41,0.31,378.29,531.41,84.6,Satisfactory
31.34,60.66,10.1,496.03,444.95,109.6,Moderate
27.74,60.63,1.67,825.47,951.83,192.7,Moderate
30.48,51.43,4.66,620.97,756.01,137.4,Moderate
23.64,38.94,0.6,673.29,591.71,97.1,Satisfactory
30.22,57.69,0.8,668.84,643.76,122.8,Moderate
32.01,58.94,7.11,867.48,1104.43,215.6,Poor
23.98,69.07,1.15,548.07,740.29,136.8,Moderate
28.31,70.54,0.93,415.89,477.75,41.3,Good
24.26,59.55,0.97,865.51,1134.26,210.8,Poor
24.84,77.71,2.06,602.21,813.9,170.6,Moderate
21.25,51.25,1.69,951.99,999.56,234.1,Poor
35.59,32.01,0.85,506.99,652.18,99.1,Satisfactory
34.39,66.59,1.23,361.08,500.22,84.8,Satisfactory
31.22,60.27,3.88,641.15,792.6,117.9,Moderate
39.83,66.94,2.33,445.47,454.79,111.2,Moderate
26.86,35.24,5.73,507.15,619.59,92.7,Satisfactory
45.0,90.23,1.37,812.98,910.72,184.4,Moderate
26.63,70.79,3.87,897.56,967.78,210.6,Poor
29.53,52.82,3.99,357.73,359.83,52.9,Satisfactory
25.61,41.16,0.79,267.95,450.99,59.5,Satisfactory
30.23,77.39,2.64,746.53,857.62,147.7,Moderate
33.01,38.17,1.92,621.92,566.94,125.1,Moderate
27.32,95.0,0.13,598.57,770.48,122.1,Moderate
38.66,46.96,0.26,948.01,1314.4,258.4,Poor
29.43,88.97,2.14,542.57,488.59,87.8,Satisfactory
29.62,54.68,0.09,591.26,739.21,85.6,Satisfactory
22.55,86.45,1.87,226.57,318.26,10.0,Good
30.51,44.77,0.02,611.47,842.86,107.9,Moderate
27.2,58.34,0.48,507.5,436.57,67.4,Satisfactory
24.35,72.49,1.86,559.23,854.6,112.0,Moderate
23.34,69.92,1.55,653.08,931.56,138.7,Moderate
44.03,77.81,1.55,528.69,600.93,72.4,Satisfactory
26.42,49.23,3.12,607.31,589.4,135.5,Moderate
19.26,59.53,4.38,355.22,521.29,73.8,Satisfactory
23.81,80.47,4.78,800.6,983.32,212.6,Poor
27.69,45.31,7.62,832.19,1047.03,218.8,Poor
31.28,68.31,0.72,423.32,584.75,75.5,Satisfactory
31.33,54.06,0.44,1024.08,1240.07,262.6,Poor
32.06,61.71,7.82,569.39,607.38,59.2,Satisfactory
24.13,59.52,1.9,495.44,375.02,57.9,Satisfactory
30.04,43.81,1.64,302.82,413.34,30.5,Good
22.74,53.31,1.08,530.63,659.06,114.0,Moderate
24.28,60.61,1.01,522.48,443.81,84.4,Satisfactory
22.49,56.15,1.0,933.86,1279.13,307.7,Very Poor
20.87,86.31,1.11,1029.08,1053.0,293.6,Poor
34.39,76.18,0.98,843.56,1112.24,238.5,Poor
32.13,63.22,6.38,982.07,1023.16,227.6,Poor
33.86,44.26,10.01,829.74,850.05,188.8,Moderate
28.24,43.17,9.54,300.2,378.17,10.0,Good
32.66,93.53,0.12,824.28,720.97,152.0,Moderate
17.43,39.82,0.83,584.84,676.1,141.3,Moderate
33.18,60.05,0.06,1058.67,1357.85,300.9,Very Poor
29.06,64.5,9.82,290.34,473.14,38.2,Good
31.76,52.4,2.56,257.19,215.38,10.0,Good
30.28,39.96,3.77,1024.49,998.09,223.1,Poor
22.08,43.87,1.5,493.66,418.7,88.0,Satisfactory
19.01,48.16,1.64,552.62,569.2,100.7,Moderate
23.73,45.23,5.23,427.78,477.7,73.3,Satisfactory
31.39,81.9,1.88,401.8,651.07,71.1,Satisfactory
32.14,57.84,1.97,362.26,326.6,47.4,Good
19.79,48.57,3.49,291.57,216.04,24.2,Good
22.11,59.93,3.11,452.33,456.86,66.3,Satisfactory
23.66,70.02,1.82,937.8,938.27,199.2,Moderate
25.86,51.8,1.04,448.51,378.47,12.4,Good
19.83,74.24,0.95,331.74,435.45,59.2,Satisfactory
19.47,35.12,4.84,363.13,628.22,75.5,Satisfactory
23.07,79.08,2.01,572.7,634.04,118.9,Moderate
28.52,57.84,0.7,584.39,735.75,105.4,Moderate
20.92,57.14,4.17,261.12,595.35,47.7,Good
27.31,45.53,1.78,451.96,684.29,76.4,Satisfactory
34.35,35.9,0.11,1125.48,1396.74,295.5,Poor
20.19,28.0,0.75,278.1,167.31,27.9,Good
26.76,44.27,1.79,131.75,277.59,10.0,Good
34.15,68.58,0.16,1109.14,1390.34,316.7,Very Poor
25.49,40.7,2.44,865.63,1112.8,233.4,Poor
24.56,30.13,2.87,218.91,278.59,21.5,Good
34.98,41.64,4.51,385.8,222.76,22.0,Good
26.16,51.07,2.2,587.56,890.98,112.9,Moderate
34.63,51.78,0.81,814.93,733.12,110.9,Moderate
30.57,55.68,0.11,368.64,664.78,75.4,Satisfactory
25.94,76.59,0.1,328.22,451.48,26.5,Good
30.88,80.49,1.46,285.94,509.06,46.5,Good
29.92,94.1,1.46,685.91,767.84,138.3,Moderate
34.13,28.75,0.15,670.05,1232.23,220.1,Poor
24.71,42.59,2.38,1124.12,1401.48,316.0,Very Poor
28.25,70.57,1.06,569.07,754.61,100.3,Moderate
27.63,49.83,0.5,577.51,498.88,87.3,Satisfactory
32.22,73.49,0.32,835.06,956.47,133.0,Moderate
21.85,61.73,6.43,359.7,665.09,54.2,Satisfactory
34.1,86.43,0.08,513.62,560.67,44.7,Good
30.8,76.77,7.94,195.8,296.65,18.8,Good
20.1,77.1,0.54,660.77,685.99,140.8,Moderate
35.25,50.59,8.57,439.44,472.01,53.1,Satisfactory
41.4,56.25,0.13,530.51,850.23,120.3,Moderate
34.01,52.51,2.6,810.63,890.64,144.7,Moderate
36.56,30.89,5.41,577.48,598.85,102.3,Moderate
28.51,84.49,5.52,392.98,470.02,66.3,Satisfactory
18.03,71.42,2.59,845.68,970.66,178.3,Moderate
16.94,51.79,2.24,652.25,624.04,97.9,Satisfactory
29.53,81.48,0.2,438.4,663.96,50.7,Satisfactory
24.45,46.65,4.19,786.67,859.94,147.0,Moderate
22.51,24.91,4.96,624.44,830.7,132.5,Moderate
27.62,76.13,1.83,749.32,985.37,148.5,Moderate
31.69,34.99,2.15,729.4,879.88,178.6,Moderate
19.28,54.48,14.09,439.31,505.68,69.7,Satisfactory
25.31,61.71,0.24,260.94,373.71,23.6,Good
37.06,64.94,2.66,750.91,1157.65,192.5,Moderate
21.55,73.27,4.1,201.56,458.82,25.5,Good
33.22,68.46,0.1,875.96,845.97,212.5,Poor
25.09,67.9,0.12,577.21,655.15,75.1,Satisfactory
31.27,43.77,0.7,247.39,132.74,25.9,Good
34.58,63.3,0.78,331.16,407.06,46.8,Good
32.45,30.9,0.63,774.52,939.88,170.6,Moderate
33.45,86.12,0.81,211.73,364.31,20.6,Good
21.09,32.75,0.84,536.35,692.77,107.1,Moderate
34.68,51.76,1.8,302.61,379.67,66.5,Satisfactory
22.88,34.26,0.52,639.04,761.4,142.0,Moderate
29.56,44.86,1.28,1014.98,1189.32,233.3,Poor
29.55,58.24,1.7,682.02,777.34,133.7,Moderate
30.91,48.48,1.07,835.2,679.12,161.0,Moderate
30.02,78.6,2.66,532.44,546.09,122.7,Moderate
22.94,62.08,6.12,965.39,1050.12,217.9,Poor
19.9,49.67,0.23,356.14,410.48,66.6,Satisfactory
33.23,55.6,0.46,908.32,1061.22,242.5,Poor
29.12,79.95,3.61,749.99,778.29,117.3,Moderate
34.9,74.36,2.33,822.32,1129.19,268.2,Poor
27.73,37.5,3.88,438.91,445.64,66.5,Satisfactory
19.57,45.75,3.39,327.37,292.72,43.5,Good
33.8,66.55,0.8,870.76,1171.23,222.0,Poor
25.78,64.36,6.52,430.77,333.79,63.1,Satisfactory
30.05,39.09,6.66,1080.59,1139.72,282.8,Poor
24.12,71.48,0.48,495.61,503.72,63.7,Satisfactory
37.87,41.96,5.78,518.82,650.76,72.9,Satisfactory
22.74,81.47,8.35,371.48,321.02,35.8,Good
25.98,67.53,3.46,293.27,289.63,11.0,Good
28.64,37.63,1.19,910.05,1120.71,187.4,Moderate
21.45,48.48,0.73,964.61,1136.97,209.3,Poor
29.98,48.16,1.19,458.59,632.33,111.7,Moderate
37.67,60.88,0.29,761.69,1149.67,197.1,Moderate
25.06,54.33,2.71,210.33,193.44,13.6,Good
30.37,37.38,1.45,456.7,634.0,66.3,Satisfactory
12.0,32.9,0.21,1049.4,970.83,293.9,Poor
27.77,67.88,0.76,475.62,483.66,82.7,Satisfactory
26.12,63.15,5.37,895.31,1004.29,186.6,Moderate
23.09,59.9,2.76,337.5,482.49,35.9,Good
34.49,62.87,0.65,338.58,491.57,28.0,Good
26.04,46.86,8.17,825.84,800.62,160.7,Moderate
26.94,61.31,2.41,161.83,100.0,12.7,Good
25.74,95.0,0.35,1011.79,1332.92,292.9,Poor
16.5,79.14,1.2,833.46,1075.78,192.7,Moderate
21.21,52.81,0.18,757.8,839.55,144.6,Moderate
33.77,48.58,6.51,756.68,900.4,190.7,Moderate
15.34,20.0,4.0,80.0,224.92,10.0,Good
23.4,77.24,0.69,350.79,362.08,54.0,Satisfactory
25.6,72.16,3.94,205.18,305.32,24.7,Good
38.46,48.21,2.33,720.11,645.13,126.9,Moderate
32.61,32.23,5.69,345.78,638.75,67.6,Satisfactory
24.66,37.21,0.02,762.73,640.2,181.9,Moderate
35.83,66.0,3.59,757.22,878.57,175.5,Moderate
23.56,56.39,1.63,377.02,583.95,49.5,Good
34.05,70.45,0.31,667.51,772.24,108.9,Moderate
19.85,59.56,4.34,676.61,717.42,131.9,Moderate
34.44,75.4,3.67,991.69,1211.6,280.8,Poor
25.56,64.65,0.2,800.56,870.72,165.3,Moderate
21.83,72.92,1.26,261.64,246.09,49.4,Good
26.7,20.39,3.21,590.06,662.46,115.6,Moderate
29.66,35.78,0.69,869.64,836.88,203.6,Poor
25.03,51.44,0.72,935.43,876.47,150.7,Moderate
31.32,77.43,4.82,492.65,574.25,84.4,Satisfactory
24.5,91.85,9.13,344.51,381.69,58.7,Satisfactory
31.72,55.04,4.45,1264.01,1399.45,384.7,Very Poor
30.65,46.99,0.23,709.66,799.78,119.8,Moderate
27.63,22.81,0.38,487.09,624.73,52.7,Satisfactory
25.35,73.54,3.55,480.89,496.7,73.7,Satisfactory
28.91,48.1,3.98,176.75,332.83,15.8,Good
31.3,95.0,1.12,638.81,586.55,97.7,Satisfactory
40.37,44.69,0.38,757.63,955.31,173.2,Moderate
33.64,95.0,1.25,584.55,662.7,115.1,Moderate
33.86,71.47,0.09,418.0,574.17,61.2,Satisfactory
45.0,39.49,1.22,628.59,789.04,112.9,Moderate
31.1,62.18,1.52,336.77,580.33,30.7,Good
30.91,71.88,1.05,573.24,793.73,87.2,Satisfactory
32.22,53.95,0.48,733.17,817.44,117.7,Moderate
21.95,73.08,2.46,177.58,263.08,42.7,Good
25.34,72.69,4.37,535.21,537.3,111.8,Moderate
24.96,68.73,1.31,385.4,515.26,82.1,Satisfactory
31.89,57.7,4.38,374.78,583.18,70.4,Satisfactory
26.95,36.85,1.11,881.67,1087.34,217.4,Poor
28.83,56.62,0.47,818.4,899.98,152.6,Moderate
34.52,61.17,5.18,754.64,995.56,196.7,Moderate
33.18,24.23,3.68,655.01,935.21,174.6,Moderate
27.03,61.05,1.78,198.4,224.49,45.4,Good
23.98,56.26,2.68,535.93,734.85,122.3,Moderate
34.81,34.66,0.98,382.07,529.1,77.4,Satisfactory
32.64,52.01,1.12,1116.12,1500.41,302.3,Very Poor
18.36,52.39,2.26,412.19,500.6,80.4,Satisfactory
26.12,92.74,0.07,781.7,1022.6,146.0,Moderate
28.99,61.96,1.72,867.46,882.82,181.5,Moderate
32.67,76.65,4.3,396.94,879.25,96.7,Satisfactory
33.46,55.88,0.51,1107.43,1264.92,315.6,Very Poor
29.7,24.27,1.23,529.19,511.13,91.0,Satisfactory
31.51,70.1,10.14,286.22,622.12,30.7,Good
28.38,46.15,2.74,430.79,652.16,89.8,Satisfactory
23.96,51.96,1.74,585.65,656.39,140.7,Moderate
26.43,39.05,0.3,499.65,479.27,78.7,Satisfactory
28.11,59.31,0.72,583.97,871.4,150.1,Moderate
27.79,77.17,2.22,691.08,872.84,184.7,Moderate
16.69,74.79,1.04,340.56,518.74,59.1,Satisfactory
25.62,86.55,7.5,419.11,607.53,91.4,Satisfactory
28.34,89.1,1.43,1030.97,1232.52,294.2,Poor
26.31,21.17,0.62,327.47,352.73,46.7,Good
26.52,36.51,1.98,500.88,803.18,129.9,Moderate
30.93,25.45,3.38,297.33,439.93,42.9,Good
21.53,69.37,5.37,521.74,798.7,139.6,Moderate
18.23,45.52,0.38,416.26,587.91,32.4,Good
25.91,49.19,4.02,427.79,511.63,32.8,Good
32.58,54.1,6.45,1124.24,1309.82,298.2,Poor
38.13,64.89,6.61,528.16,483.25,67.7,Satisfactory
32.69,31.26,4.01,342.35,446.35,60.4,Satisfactory
19.19,35.34,1.2,534.9,591.58,125.1,Moderate
26.61,58.02,1.1,287.83,411.86,12.0,Good
29.54,79.58,1.02,547.62,466.17,136.6,Moderate
29.07,57.54,2.59,207.95,180.24,10.0,Good
31.24,43.75,2.18,401.92,453.91,61.2,Satisfactory
22.5,20.0,1.26,274.07,364.29,56.1,Satisfactory
28.39,75.15,1.52,490.51,489.66,87.4,Satisfactory
30.52,44.75,1.93,354.85,459.66,71.5,Satisfactory
32.95,37.35,1.34,469.16,722.3,98.9,Satisfactory
23.17,27.12,0.93,512.1,641.78,104.8,Moderate
25.93,32.1,0.35,599.89,858.29,151.0,Moderate
12.0,40.7,0.39,117.55,277.13,22.1,Good
24.27,53.7,1.31,708.28,786.83,138.6,Moderate
24.85,36.24,2.71,562.8,507.13,89.2,Satisfactory
21.88,61.34,2.89,139.79,161.8,10.0,Good
28.99,53.56,3.3,361.67,667.23,60.1,Satisfactory
27.66,95.0,2.89,672.91,890.97,170.8,Moderate
14.44,27.32,1.07,820.03,911.15,215.8,Poor
29.29,60.91,0.39,1031.34,1184.63,234.1,Poor
22.43,61.13,0.56,281.51,196.26,27.7,Good
30.91,39.45,1.69,467.1,436.42,72.8,Satisfactory
20.31,59.71,2.21,417.9,399.84,57.5,Satisfactory
28.18,71.85,4.32,351.76,370.95,39.5,Good
26.3,59.74,6.66,352.12,270.4,28.5,Good
29.82,82.92,1.16,388.34,479.13,59.6,Satisfactory
28.75,20.0,2.29,495.28,508.68,113.3,Moderate
26.47,42.84,3.45,397.72,469.17,83.2,Satisfactory
18.78,84.55,1.93,789.56,1018.26,207.2,Poor
19.14,74.42,0.58,750.59,874.52,153.6,Moderate
24.5,67.73,0.74,483.78,762.68,105.7,Moderate
27.95,80.2,4.64,650.03,931.28,134.6,Moderate
24.35,23.5,1.26,621.31,630.49,102.5,Moderate
31.75,72.32,1.42,443.52,496.41,89.0,Satisfactory
26.32,77.16,5.76,452.98,501.16,91.5,Satisfactory
22.21,46.14,3.55,975.37,1087.72,243.0,Poor
26.33,95.0,0.22,491.32,634.67,122.6,Moderate
29.36,61.53,3.14,699.82,851.59,162.3,Moderate
29.95,20.0,3.36,660.81,718.35,108.7,Moderate
39.27,64.86,8.45,340.2,388.93,52.9,Satisfactory
23.99,45.04,0.65,661.67,583.35,77.3,Satisfactory
27.56,78.97,2.97,164.98,305.74,23.8,Good
30.56,67.86,0.96,621.38,742.97,122.5,Moderate
27.86,47.24,0.91,409.14,536.75,78.1,Satisfactory
25.0,85.04,7.17,535.71,688.09,115.7,Moderate
18.7,74.91,4.67,529.05,686.28,120.2,Moderate
24.93,43.1,0.23,676.75,1109.07,177.2,Moderate
21.56,55.26,0.17,856.06,842.84,146.9,Moderate
17.64,67.3,3.26,472.44,563.15,76.2,Satisfactory
23.23,51.44,1.57,525.06,519.93,96.7,Satisfactory
21.72,51.98,0.54,718.87,783.6,136.9,Moderate
31.5,58.66,3.32,863.35,908.33,181.8,Moderate
31.61,38.82,2.92,644.2,797.94,159.1,Moderate
22.58,20.0,1.88,373.01,489.39,43.1,Good
26.44,62.3,2.09,260.33,422.54,69.7,Satisfactory
16.85,22.2,0.6,553.83,719.34,124.7,Moderate
25.03,40.13,2.9,314.61,328.79,36.0,Good
30.39,26.11,9.61,1041.18,1606.82,393.3,Very Poor
32.95,28.33,0.32,486.95,630.2,94.9,Satisfactory
23.72,65.67,4.53,905.12,1246.23,252.0,Poor
34.31,54.0,0.44,744.85,990.6,166.5,Moderate
18.91,53.35,3.81,222.57,261.99,10.0,Good
20.51,34.31,1.52,704.58,675.61,148.7,Moderate
32.26,46.19,3.53,520.7,554.1,92.8,Satisfactory
38.03,64.78,0.59,465.07,535.73,67.4,Satisfactory
30.96,57.06,0.57,364.02,393.22,60.0,Satisfactory
27.76,72.81,1.19,292.74,627.17,79.9,Satisfactory
14.83,75.37,0.31,278.35,576.51,58.3,Satisfactory
15.87,53.46,1.93,658.5,507.38,110.8,Moderate
28.78,24.66,1.09,498.56,558.88,121.8,Moderate
25.85,44.38,5.42,80.0,131.5,10.0,Good
21.36,56.24,3.57,133.58,109.92,10.0,Good
28.39,44.02,2.63,675.83,597.77,108.7,Moderate
28.69,39.02,0.7,80.0,188.1,10.0,Good
33.67,59.26,4.18,990.85,1221.82,280.6,Poor
28.82,95.0,3.46,526.57,525.86,81.6,Satisfactory
35.37,49.21,0.73,367.39,365.96,63.9,Satisfactory
28.05,57.95,7.76,425.3,598.9,82.1,Satisfactory
27.31,34.38,0.23,248.11,100.0,58.1,Satisfactory
34.39,80.38,2.77,293.08,457.03,59.7,Satisfactory
22.13,73.75,1.94,699.55,794.97,131.4,Moderate
44.89,72.5,1.07,275.28,447.12,32.8,Good
30.25,82.48,1.03,574.82,613.8,82.4,Satisfactory
30.28,50.31,1.76,711.89,731.37,169.1,Moderate
31.15,52.56,6.84,1116.89,1263.29,320.2,Very Poor
39.26,88.78,2.42,576.91,986.61,163.7,Moderate
32.76,69.39,0.16,697.18,758.11,83.1,Satisfactory
18.37,20.0,2.41,606.07,576.72,95.2,Satisfactory
36.42,66.19,4.98,645.79,953.42,142.0,Moderate
25.95,47.53,0.63,786.66,889.54,156.5,Moderate
28.64,74.17,2.27,551.22,907.33,116.7,Moderate
20.32,65.35,5.05,727.7,1048.61,188.2,Moderate
31.16,26.67,2.65,706.06,986.07,152.4,Moderate
24.09,62.84,2.05,317.4,374.28,36.3,Good
28.6,61.79,1.27,475.29,577.96,98.4,Satisfactory
26.3,64.54,1.53,582.52,614.97,123.3,Moderate
39.55,68.36,3.64,806.45,1131.12,233.2,Poor
39.89,84.93,4.07,534.27,575.04,112.1,Moderate
28.28,65.45,4.0,558.44,740.28,124.6,Moderate
28.38,58.41,0.77,467.69,618.6,77.6,Satisfactory
25.76,78.66,0.0,529.53,473.52,43.9,Good
34.64,95.0,1.11,306.77,564.87,67.5,Satisfactory
26.03,74.47,4.44,316.18,470.08,33.8,Good
25.47,61.71,8.2,732.78,841.12,159.8,Moderate
33.87,65.79,0.48,371.15,259.81,43.2,Good
24.77,62.61,3.46,739.65,879.93,175.8,Moderate
27.77,58.33,0.85,333.22,491.29,44.4,Good
18.51,95.0,6.43,683.41,942.41,156.3,Moderate
32.23,44.52,4.38,560.68,809.94,99.1,Satisfactory
39.65,78.79,2.58,939.98,1069.73,203.6,Poor
32.33,55.73,2.78,488.82,681.4,77.0,Satisfactory
36.77,31.35,5.85,607.82,559.33,119.5,Moderate
22.92,54.61,0.1,417.45,328.88,30.8,Good
29.42,48.16,1.67,606.15,908.29,156.2,Moderate
22.34,68.4,0.39,432.85,621.37,59.6,Satisfactory
26.63,59.64,2.73,615.97,729.52,109.0,Moderate
32.63,39.6,2.2,840.89,1073.43,213.4,Poor
28.61,84.48,2.58,828.03,875.41,136.7,Moderate
19.52,77.62,0.3,957.38,1144.05,241.7,Poor
20.11,86.55,5.03,914.83,1113.61,262.0,Poor
19.71,62.27,3.82,441.5,757.28,99.9,Satisfactory
30.95,57.36,1.07,399.34,577.68,63.6,Satisfactory
40.38,70.66,4.1,560.26,472.96,53.0,Satisfactory
36.17,47.61,0.02,531.66,749.74,80.3,Satisfactory
16.62,60.34,0.41,781.99,749.02,150.0,Moderate
36.53,54.84,1.75,587.04,686.79,103.6,Moderate
33.62,31.7,1.3,969.74,1005.66,226.9,Poor
18.73,60.29,6.16,457.73,589.27,62.9,Satisfactory
26.18,50.06,3.58,470.44,405.93,53.8,Satisfactory
34.57,53.63,7.33,402.09,411.88,28.8,Good
31.3,64.55,0.22,385.32,408.42,41.6,Good
20.15,80.91,1.29,603.67,588.76,120.0,Moderate
31.66,42.72,0.37,385.21,578.34,39.2,Good
15.17,51.94,2.6,433.37,572.13,95.4,Satisfactory
26.66,44.23,0.22,972.72,838.36,197.5,Moderate
34.83,43.06,2.25,945.42,930.74,222.5,Poor
28.11,47.3,0.71,290.1,405.95,10.0,Good
25.01,54.46,4.15,180.19,356.23,31.1,Good
33.34,68.55,1.77,675.43,768.81,99.2,Satisfactory
33.85,63.77,0.15,858.27,906.31,209.3,Poor
35.86,38.98,4.77,532.95,795.12,112.3,Moderate
33.25,81.29,4.84,775.79,818.47,211.0,Poor
34.49,75.0,3.94,574.92,543.7,85.3,Satisfactory
32.4,41.78,1.04,1006.48,958.99,217.8,Poor
29.59,80.03,3.22,921.86,954.14,205.2,Poor
28.54,63.88,5.23,571.29,695.52,133.4,Moderate
26.58,55.18,1.58,689.82,1001.03,171.0,Moderate
20.73,64.45,1.66,456.24,797.44,82.7,Satisfactory
22.27,57.54,2.03,669.21,775.07,145.3,Moderate
26.31,67.81,3.99,831.22,937.68,242.6,Poor
29.45,61.37,2.35,650.19,660.82,153.9,Moderate
36.64,51.93,3.44,757.2,800.8,178.0,Moderate
27.75,21.54,1.49,402.75,298.11,64.4,Satisfactory
34.02,67.49,1.45,394.51,583.17,68.0,Satisfactory
34.48,51.27,3.56,785.75,968.79,172.6,Moderate
26.61,72.0,0.87,526.87,630.38,94.6,Satisfactory
31.57,66.67,0.49,331.7,478.22,56.9,Satisfactory
26.54,51.74,0.82,487.05,562.94,78.1,Satisfactory
35.93,76.41,1.38,1036.62,1257.0,295.6,Poor
31.82,61.69,1.89,545.43,780.92,110.5,Moderate
20.86,60.95,1.05,450.82,823.67,116.8,Moderate
28.97,55.51,1.2,695.7,993.4,178.7,Moderate
37.89,88.3,2.71,1190.56,1186.29,271.9,Poor
26.91,45.16,0.7,549.37,732.34,107.9,Moderate
30.69,52.19,3.88,713.2,1040.09,144.6,Moderate
31.28,35.73,0.59,182.32,173.44,47.7,Good
21.78,71.08,1.84,678.11,696.8,88.2,Satisfactory
31.06,47.52,1.72,517.56,889.12,141.0,Moderate
19.64,49.54,6.12,570.61,741.46,142.8,Moderate
24.25,48.7,1.52,572.94,597.1,123.1,Moderate
34.45,59.13,4.39,927.22,945.6,267.1,Poor
30.14,35.49,3.56,279.68,427.82,14.9,Good
26.17,20.0,0.97,745.1,849.06,169.9,Moderate
30.68,66.24,5.68,752.36,1020.11,202.1,Poor
27.64,20.0,1.03,399.87,547.82,80.3,Satisfactory
28.08,73.37,1.32,271.71,399.81,19.3,Good
31.94,86.05,2.93,333.28,266.57,28.2,Good
23.64,55.04,1.18,272.01,389.5,32.9,Good
28.24,81.39,0.23,600.6,706.68,100.0,Satisfactory
26.13,57.56,1.34,802.51,1100.2,182.3,Moderate
18.49,86.79,1.32,382.29,566.75,45.9,Good
22.48,49.79,0.54,589.44,790.16,137.6,Moderate
37.41,20.0,1.82,617.96,785.81,132.5,Moderate
30.31,56.56,1.86,473.82,400.04,56.6,Satisfactory
20.06,88.74,2.73,503.88,512.25,50.7,Satisfactory
18.76,67.63,0.41,526.97,703.41,115.8,Moderate
27.33,48.72,0.44,180.35,284.19,10.0,Good
37.37,63.92,3.99,476.39,581.73,115.9,Moderate
26.88,75.48,0.57,433.41,341.05,83.5,Satisfactory
35.84,56.46,2.41,348.26,474.07,57.2,Satisfactory
30.11,95.0,1.45,417.32,581.83,98.1,Satisfactory
30.83,48.69,0.76,369.08,417.31,41.4,Good
19.99,76.05,6.06,520.46,588.39,96.8,Satisfactory
33.63,71.71,1.89,413.54,660.75,64.6,Satisfactory
25.99,45.4,0.91,708.94,796.55,157.8,Moderate
33.18,50.36,0.16,537.62,709.37,96.6,Satisfactory
23.11,76.33,3.34,669.83,668.45,135.6,Moderate
29.06,60.61,0.56,365.85,550.82,57.7,Satisfactory
30.11,64.09,5.62,556.22,888.85,126.6,Moderate
27.08,28.55,1.68,419.57,411.7,63.7,Satisfactory
30.43,69.81,13.18,826.85,955.08,252.4,Poor
26.4,63.17,1.31,739.03,826.8,184.8,Moderate
24.11,56.85,0.53,359.37,441.42,59.1,Satisfactory
37.63,64.5,1.93,922.11,1047.12,217.8,Poor
34.29,50.63,0.87,797.6,1007.13,186.4,Moderate
23.43,47.35,0.04,641.46,631.69,117.3,Moderate
31.41,53.65,4.14,553.14,768.72,157.2,Moderate
23.54,49.64,2.47,899.67,1205.09,266.6,Poor
20.89,95.0,0.68,502.93,417.62,104.1,Moderate
34.2,74.41,0.4,1151.58,1226.7,264.7,Poor
17.78,40.57,0.48,262.54,361.36,16.5,Good
33.56,94.65,1.83,486.18,790.78,140.7,Moderate
26.48,50.21,9.11,604.74,773.42,130.2,Moderate
26.73,58.53,1.43,233.57,297.38,22.3,Good
30.46,74.15,0.14,1142.92,1285.26,335.0,Very Poor
31.49,22.54,0.55,737.52,729.12,128.2,Moderate
23.04,53.73,2.07,146.03,312.43,10.0,Good
32.31,47.68,0.7,794.87,828.65,151.8,Moderate
28.68,61.69,0.3,905.06,1057.0,212.1,Poor
20.46,64.66,1.48,187.43,181.0,14.2,Good
26.98,56.61,0.55,1324.02,1403.87,387.7,Very Poor
36.29,55.77,2.19,364.91,582.38,66.0,Satisfactory
38.06,77.17,2.25,634.96,823.42,175.6,Moderate
32.3,63.43,2.98,631.85,585.55,115.6,Moderate
20.86,58.75,3.49,180.01,250.11,23.5,Good
30.94,60.66,0.65,196.97,100.0,10.0,Good
33.11,91.05,4.08,166.82,201.58,38.0,Good
32.35,61.11,1.16,355.69,468.56,41.7,Good
32.71,48.74,0.08,753.41,933.32,179.4,Moderate
30.18,23.64,3.67,904.63,1077.35,229.8,Poor
27.57,32.19,5.98,179.77,250.86,20.0,Good
24.35,49.59,1.39,318.51,319.47,10.0,Good
16.61,56.05,4.28,113.8,337.98,10.0,Good
30.04,48.0,1.5,489.77,597.68,140.2,Moderate
29.12,64.32,0.88,795.68,767.3,127.9,Moderate
31.35,47.77,1.53,501.72,611.03,95.8,Satisfactory
19.97,41.54,1.71,813.56,878.74,204.8,Poor
31.87,69.03,2.08,579.24,682.83,128.4,Moderate
40.33,82.65,1.23,693.21,791.52,117.4,Moderate
28.47,38.07,3.52,976.27,1197.12,254.7,Poor
27.63,62.39,2.84,766.23,1091.16,211.9,Poor
29.85,23.71,0.47,325.5,383.5,77.6,Satisfactory
40.19,31.46,0.97,1031.36,1133.59,276.2,Poor
21.86,47.4,3.35,416.17,602.97,76.9,Satisfactory
29.22,78.43,1.47,490.03,385.17,103.1,Moderate
23.2,43.98,0.71,615.19,781.78,164.6,Moderate
24.72,43.31,1.41,585.66,721.68,104.8,Moderate
27.7,58.65,0.21,235.23,339.6,40.2,Good
36.08,58.67,5.31,720.44,1043.53,182.9,Moderate
38.81,43.87,1.78,390.31,431.5,30.9,Good
30.69,93.75,0.87,708.43,999.68,230.7,Poor
25.74,53.22,7.65,639.76,823.49,166.7,Moderate
42.96,60.04,0.16,427.54,458.49,23.1,Good
25.43,50.77,2.56,902.44,1026.82,243.5,Poor
24.57,65.92,1.24,612.0,760.9,163.0,Moderate
17.35,80.23,1.41,365.38,367.02,62.9,Satisfactory
36.38,87.95,1.6,229.77,236.43,44.3,Good
33.81,44.28,0.91,222.23,448.04,39.2,Good
42.51,77.81,1.73,1326.05,1418.09,351.6,Very Poor
19.66,67.89,2.01,282.35,525.83,66.1,Satisfactory
36.75,75.54,3.16,722.62,811.22,172.4,Moderate
28.42,56.35,2.84,838.32,1179.1,261.0,Poor
32.84,54.63,0.49,984.58,1405.42,269.3,Poor
18.11,74.84,0.63,901.03,1256.31,278.1,Poor
36.81,75.18,4.09,973.22,1143.23,252.9,Poor
32.72,86.18,1.06,268.47,400.39,29.9,Good
27.77,61.57,2.42,296.62,466.86,36.3,Good
31.87,56.08,4.87,267.74,354.7,65.5,Satisfactory
23.41,20.0,1.83,80.0,371.31,10.0,Good
24.52,29.0,0.46,138.02,241.67,10.0,Good
25.22,50.9,0.47,1052.58,1065.66,279.0,Poor
16.88,38.18,1.23,354.65,557.98,56.5,Satisfactory
33.17,72.65,1.23,360.83,243.51,35.2,Good
35.15,34.42,0.36,924.97,1002.53,265.8,Poor
23.79,48.98,0.59,600.27,637.97,87.9,Satisfactory
30.09,49.68,2.88,885.08,1183.44,233.0,Poor
26.41,79.69,4.15,750.12,992.89,238.4,Poor
29.97,47.05,1.1,803.06,1184.96,200.9,Poor
24.23,66.14,2.66,566.7,694.18,101.9,Moderate
22.7,61.52,0.12,318.52,638.26,78.3,Satisfactory
34.31,74.26,0.24,883.46,1165.28,190.2,Moderate
27.62,73.3,1.38,749.24,870.33,153.0,Moderate
40.13,57.4,5.09,505.67,613.46,66.4,Satisfactory
28.28,27.47,3.29,720.71,824.22,193.5,Moderate
22.44,53.83,2.99,710.07,840.97,124.0,Moderate
35.36,57.64,1.4,1272.19,1483.45,404.7,Severe
31.78,63.15,0.31,585.5,612.76,101.6,Moderate
32.36,44.72,4.46,500.87,431.49,83.7,Satisfactory
35.14,78.54,0.33,351.23,482.92,75.5,Satisfactory
24.08,58.25,2.36,814.06,1084.06,220.7,Poor
27.24,41.43,1.96,860.51,920.45,211.2,Poor
26.97,49.75,0.27,1049.75,1230.19,290.3,Poor
20.26,92.71,0.11,325.07,568.76,84.3,Satisfactory
26.42,69.96,2.98,1115.71,1149.5,225.3,Poor
36.02,76.87,1.68,529.07,636.65,76.8,Satisfactory
29.42,39.25,4.43,462.17,618.43,86.3,Satisfactory
19.92,45.6,2.25,172.66,303.19,10.0,Good
18.66,45.73,1.99,543.1,566.33,89.9,Satisfactory
37.99,61.32,0.05,569.23,768.32,126.3,Moderate
27.46,54.87,1.93,1262.73,1458.04,422.1,Severe
24.12,49.19,1.5,557.31,651.69,117.9,Moderate
26.36,51.45,2.28,80.0,271.38,10.0,Good
19.14,43.71,1.5,434.71,611.67,71.8,Satisfactory
36.54,54.76,1.46,317.36,370.22,59.8,Satisfactory
25.64,78.04,1.36,580.01,496.31,103.3,Moderate
36.2,30.76,0.76,277.32,189.8,27.9,Good
28.31,64.24,2.95,1259.24,1343.97,331.2,Very Poor
36.58,82.84,12.54,824.37,962.81,197.6,Moderate
29.54,54.7,0.3,429.8,395.2,30.1,Good
33.12,48.48,0.51,365.66,280.86,52.0,Satisfactory
32.31,74.64,2.94,793.39,1093.25,210.3,Poor
31.74,40.28,1.19,737.3,686.4,147.3,Moderate
30.09,57.59,0.93,270.15,760.73,84.1,Satisfactory
26.6,39.28,0.11,291.16,457.21,51.1,Satisfactory
39.49,24.34,0.55,873.06,1067.14,206.4,Poor
22.56,55.26,0.43,161.49,232.08,10.0,Good
28.03,35.26,0.12,775.0,945.14,190.2,Moderate
28.09,57.79,3.94,702.44,961.17,204.7,Poor
30.41,78.07,1.84,861.82,1155.24,266.0,Poor
25.42,91.38,11.6,171.2,285.56,25.9,Good
29.89,59.68,2.04,1212.59,1433.7,352.5,Very Poor
26.99,76.35,0.34,299.72,323.89,11.2,Good
18.51,65.18,2.24,460.84,843.76,114.9,Moderate
28.06,51.1,2.73,304.11,382.45,47.9,Good
21.4,23.35,0.84,868.82,1161.68,251.3,Poor
17.59,87.28,2.65,155.84,259.29,10.0,Good
28.82,39.12,2.59,262.42,436.4,18.1,Good
30.93,82.89,0.6,676.42,505.87,98.8,Satisfactory
31.16,67.66,3.13,361.97,499.01,59.1,Satisfactory
31.4,40.43,2.15,392.28,508.42,82.8,Satisfactory
16.4,63.62,1.66,219.95,266.94,41.2,Good
19.83,95.0,1.84,80.0,130.24,10.0,Good
39.84,85.64,0.34,1029.48,1140.57,248.7,Poor
21.72,48.77,5.47,220.13,278.4,16.2,Good
31.67,45.18,1.17,764.04,909.03,185.0,Moderate
23.88,59.8,1.04,190.62,316.03,45.8,Good
28.48,55.02,2.33,302.13,561.7,74.5,Satisfactory
24.2,79.6,10.28,195.22,391.13,36.2,Good
31.37,71.31,3.25,538.68,633.01,104.0,Moderate
28.82,27.54,1.19,500.99,511.39,78.6,Satisfactory
25.31,66.26,2.3,327.06,670.56,79.2,Satisfactory
21.7,54.78,2.28,1024.02,1255.89,250.2,Poor
29.61,58.67,1.65,778.79,902.84,164.8,Moderate
20.72,62.48,0.36,279.72,179.0,10.0,Good
30.56,79.58,3.34,800.38,843.93,149.6,Moderate
43.76,75.6,2.3,534.47,490.57,73.1,Satisfactory
36.1,44.5,0.68,931.89,1036.05,218.2,Poor
32.31,56.94,2.59,853.54,979.94,217.8,Poor
27.49,49.93,4.11,434.84,668.72,91.7,Satisfactory
16.37,27.73,1.28,775.36,948.63,232.8,Poor
20.07,56.03,1.98,384.08,286.14,33.6,Good
35.7,91.21,3.43,540.78,621.61,95.4,Satisfactory
23.26,27.18,0.05,426.7,576.01,101.7,Moderate
23.8,57.57,0.85,816.89,960.03,164.4,Moderate
27.01,56.99,1.07,518.92,502.7,95.9,Satisfactory
21.63,63.18,1.33,331.69,701.91,69.2,Satisfactory
20.64,40.67,6.39,410.94,449.49,52.2,Satisfactory
27.7,32.35,0.53,453.61,502.93,88.6,Satisfactory
22.65,33.19,0.95,492.62,313.0,72.3,Satisfactory
23.55,81.96,4.21,853.23,1034.93,241.5,Poor
23.31,40.31,4.14,964.53,967.19,188.6,Moderate
31.13,49.01,0.57,1124.49,1407.84,344.3,Very Poor
26.61,95.0,5.58,564.21,586.12,147.6,Moderate
26.93,44.78,2.9,529.89,433.82,107.3,Moderate
31.58,64.16,4.0,518.8,401.7,58.0,Satisfactory
27.15,77.15,5.85,437.07,403.51,78.5,Satisfactory
26.33,76.28,2.89,723.13,960.84,179.6,Moderate
30.82,34.03,4.41,540.78,582.13,70.0,Satisfactory
32.01,45.16,0.11,489.76,543.35,82.1,Satisfactory
27.12,63.44,0.44,300.27,436.53,38.6,Good
28.48,92.72,5.32,270.98,344.82,28.6,Good
23.31,44.29,1.17,633.17,663.97,99.9,Satisfactory
22.84,49.11,2.93,545.88,647.53,96.7,Satisfactory
32.61,65.55,2.88,551.77,878.69,107.3,Moderate
30.67,69.15,1.42,584.11,773.34,101.8,Moderate
30.73,70.24,0.38,786.9,1085.36,195.6,Moderate
29.69,42.77,2.4,211.51,561.96,48.2,Good
28.28,48.42,3.66,479.82,648.71,101.8,Moderate
32.18,61.88,0.12,415.52,540.96,41.8,Good
33.61,80.72,0.44,776.63,706.99,151.2,Moderate
33.47,53.71,0.26,472.62,722.85,108.4,Moderate
27.4,57.6,0.61,399.78,513.6,63.4,Satisfactory
36.32,39.53,2.9,945.21,1202.15,268.0,Poor
29.37,91.54,2.06,621.04,756.04,129.6,Moderate
31.79,60.78,2.76,426.78,508.28,51.6,Satisfactory
29.69,77.4,0.57,418.29,477.47,92.5,Satisfactory
29.48,58.54,1.96,840.15,947.68,196.3,Moderate
23.59,59.53,3.11,280.22,380.82,11.9,Good
32.21,30.99,0.9,773.4,886.78,146.2,Moderate
45.0,20.0,0.33,704.26,678.04,121.5,Moderate
25.75,80.53,0.82,732.31,933.86,184.3,Moderate
28.43,59.41,2.21,1121.29,1308.01,324.9,Very Poor
25.32,61.72,1.72,956.15,1071.14,282.7,Poor
25.07,35.52,2.28,765.54,674.21,146.4,Moderate
37.27,41.74,1.58,665.75,918.66,167.5,Moderate
23.96,77.12,2.85,620.54,727.67,88.3,Satisfactory
25.16,89.32,1.47,530.44,702.65,89.5,Satisfactory
18.48,46.82,1.22,461.24,534.7,99.6,Satisfactory
23.45,70.09,3.29,995.72,1255.13,283.5,Poor
17.75,61.42,1.13,325.7,500.12,42.8,Good
31.79,55.83,1.71,587.76,811.43,145.2,Moderate
44.8,91.34,5.54,802.62,987.22,183.4,Moderate
25.8,49.84,7.52,514.48,676.59,81.6,Satisfactory
18.0,80.33,4.09,328.1,220.3,54.6,Satisfactory
33.4,64.87,0.13,385.99,405.87,24.7,Good
23.64,57.7,1.19,684.86,897.58,143.8,Moderate
35.8,82.7,1.79,664.64,750.19,168.3,Moderate
26.31,63.22,4.76,388.05,588.21,116.1,Moderate
24.21,56.26,2.31,761.27,868.48,172.6,Moderate
26.93,82.83,1.72,733.26,871.38,178.8,Moderate
32.55,80.49,2.79,958.39,1038.11,215.6,Poor
26.64,79.64,2.36,464.89,555.79,70.5,Satisfactory
25.02,20.0,6.22,335.65,485.58,56.6,Satisfactory
26.81,65.92,1.52,532.85,661.65,124.3,Moderate
20.37,61.82,2.66,646.18,790.72,140.8,Moderate
30.38,57.37,3.96,729.68,845.7,174.6,Moderate
17.28,68.98,12.97,142.75,100.0,10.0,Good
25.34,62.69,0.4,463.09,522.54,70.0,Satisfactory
32.56,70.2,0.05,507.34,559.23,91.6,Satisfactory
29.82,53.18,1.95,418.03,453.88,38.9,Good
31.54,84.97,6.94,900.76,1128.47,212.4,Poor
27.61,72.02,1.28,602.88,930.45,144.7,Moderate
35.02,67.77,6.23,797.31,804.16,159.2,Moderate
33.55,66.89,0.51,448.26,449.82,69.7,Satisfactory
30.68,78.83,1.23,582.56,944.35,194.8,Moderate
33.57,76.39,0.94,523.72,512.72,119.7,Moderate
32.5,55.97,8.49,817.36,1071.15,199.8,Moderate
25.36,75.83,1.03,727.19,790.48,127.1,Moderate
19.94,61.13,0.6,844.9,1013.7,214.6,Poor
30.52,92.5,0.7,517.2,727.35,90.3,Satisfactory
31.28,77.76,2.03,665.16,774.24,87.4,Satisfactory
34.54,46.74,1.22,578.14,798.9,161.3,Moderate
22.38,95.0,1.16,721.61,944.17,154.9,Moderate
22.56,20.16,2.64,647.2,847.24,176.8,Moderate
30.76,69.47,2.33,424.12,755.44,82.2,Satisfactory
27.57,45.47,1.18,349.93,414.38,68.7,Satisfactory
16.69,91.88,1.15,228.3,468.86,63.1,Satisfactory
30.25,62.55,2.73,811.3,845.08,218.2,Poor
16.89,43.71,2.61,194.96,238.01,20.6,Good
22.33,53.2,0.97,247.05,382.71,29.2,Good
36.11,45.15,0.03,615.35,630.98,126.1,Moderate
38.95,52.5,2.29,1134.16,1527.39,299.2,Poor
20.71,52.08,0.84,368.72,753.58,80.3,Satisfactory
26.02,44.48,2.39,369.5,457.54,24.6,Good
28.26,62.86,5.4,294.63,515.73,24.6,Good
38.69,65.04,2.42,1184.82,1368.93,280.6,Poor
25.04,40.07,0.24,398.44,613.45,97.4,Satisfactory
25.14,28.15,1.29,247.93,442.96,10.0,Good
37.29,63.6,0.44,732.08,801.23,148.5,Moderate
25.75,67.57,0.98,755.53,838.6,157.0,Moderate
32.33,71.14,3.8,387.0,477.4,69.1,Satisfactory
19.14,67.92,3.07,248.23,474.6,21.5,Good
26.97,86.31,13.4,330.21,406.17,63.4,Satisfactory
18.04,75.95,2.5,100.3,238.17,10.0,Good
21.67,95.0,0.28,741.16,761.76,130.3,Moderate
33.04,95.0,1.32,266.2,570.99,21.0,Good
27.7,26.35,0.27,368.65,407.15,71.3,Satisfactory
26.09,20.0,1.37,1003.52,1108.51,278.1,Poor
23.51,57.87,0.95,747.66,809.3,167.9,Moderate
26.68,67.08,0.18,334.75,448.01,15.7,Good
29.81,56.63,2.76,742.82,852.8,155.2,Moderate
33.9,70.66,1.75,987.54,805.48,176.7,Moderate
12.25,53.14,0.78,157.84,467.18,10.6,Good
23.01,45.51,0.78,427.46,504.17,49.3,Good
28.95,48.23,0.54,935.32,974.65,200.1,Poor
27.41,54.4,2.91,728.61,691.13,134.6,Moderate
30.42,73.18,1.86,397.04,560.61,92.7,Satisfactory
29.61,49.24,5.83,195.16,197.16,30.9,Good
26.17,52.8,2.14,526.9,803.08,146.7,Moderate
24.84,68.26,0.79,827.85,812.3,203.7,Poor
26.53,54.42,4.98,490.85,569.75,110.7,Moderate
34.89,78.1,5.23,716.31,921.24,154.4,Moderate
23.61,41.45,7.18,779.17,758.05,152.9,Moderate
27.62,37.55,9.42,596.84,754.99,157.5,Moderate
29.1,63.48,1.11,596.68,701.53,114.1,Moderate
37.36,65.28,0.62,826.12,995.99,180.4,Moderate
26.2,42.43,1.57,271.84,165.02,22.3,Good
33.75,82.18,5.43,777.21,999.86,225.9,Poor
35.39,92.65,1.87,629.84,719.45,135.4,Moderate
27.62,46.7,0.66,787.83,678.86,162.6,Moderate
26.74,84.77,0.24,582.01,747.93,126.9,Moderate
26.03,20.0,2.56,869.67,1035.57,209.3,Poor
26.47,77.37,2.45,961.22,1115.05,283.7,Poor
33.13,42.56,1.93,414.61,491.22,58.9,Satisfactory
29.39,75.57,3.49,297.68,493.0,45.3,Good
29.41,40.7,0.7,978.76,1103.94,254.7,Poor
21.25,56.77,0.5,536.59,651.43,94.3,Satisfactory
22.2,43.42,2.13,545.75,696.68,94.2,Satisfactory
40.86,54.15,1.5,358.06,461.91,69.3,Satisfactory
26.93,90.94,2.6,498.67,397.29,36.4,Good
23.35,56.06,2.0,269.29,386.65,95.0,Satisfactory
36.59,95.0,0.49,888.13,836.51,204.8,Poor
29.69,51.06,0.33,873.11,1034.3,212.8,Poor
31.47,84.85,5.05,812.26,1103.33,204.2,Poor
27.17,28.74,1.32,534.35,591.65,72.1,Satisfactory
26.09,52.84,4.43,397.02,461.35,92.4,Satisfactory
26.98,48.35,0.88,1084.34,1136.13,249.3,Poor
19.7,85.68,5.5,557.79,724.88,148.4,Moderate
27.47,61.33,0.41,791.78,876.73,198.9,Moderate
29.78,20.41,0.11,577.91,910.28,126.3,Moderate
39.1,34.42,1.58,887.02,1114.57,246.4,Poor
28.52,39.77,0.23,641.85,904.97,158.9,Moderate
13.99,74.81,2.98,221.56,429.14,29.4,Good
27.44,72.49,7.03,574.52,693.76,120.7,Moderate
44.44,52.59,0.45,1112.61,1107.37,258.8,Poor
33.2,48.13,0.93,267.07,163.64,17.4,Good
23.13,70.89,0.98,999.69,1272.54,239.8,Poor
31.55,37.67,0.98,675.54,788.88,114.4,Moderate
23.55,66.24,1.45,402.85,573.39,94.1,Satisfactory
19.88,64.71,4.59,686.89,803.98,144.1,Moderate
25.91,53.06,1.67,964.41,1150.29,289.8,Poor
28.55,65.16,1.51,393.18,419.17,24.3,Good
16.77,59.84,0.17,515.19,768.67,99.2,Satisfactory
21.11,66.95,0.3,803.1,951.24,203.5,Poor
28.06,33.99,0.24,315.48,307.7,59.6,Satisfactory
25.55,69.06,0.86,604.63,516.76,97.2,Satisfactory
30.37,76.48,2.22,577.48,842.3,171.3,Moderate
20.71,63.78,0.38,949.29,1221.56,223.4,Poor
32.28,68.82,6.92,390.66,510.82,10.0,Good
20.9,56.02,0.26,212.51,457.58,10.0,Good
37.86,74.04,1.94,1047.61,1149.01,257.4,Poor
17.71,59.17,12.02,251.33,282.51,10.0,Good
21.44,37.34,1.65,502.89,688.78,112.9,Moderate
30.5,72.76,2.2,468.12,609.88,78.2,Satisfactory
37.99,28.59,1.96,699.39,783.75,154.1,Moderate
29.89,63.09,0.4,379.64,589.28,48.5,Good
31.38,51.08,1.48,584.18,525.74,93.0,Satisfactory
28.11,49.93,1.09,256.58,460.2,53.8,Satisfactory
21.84,61.1,4.31,343.22,415.26,21.6,Good
25.06,45.23,8.2,392.56,375.9,41.4,Good
20.73,67.22,0.71,306.8,533.28,66.7,Satisfactory
20.33,59.02,6.79,343.22,470.4,65.9,Satisfactory
30.41,46.89,0.43,341.05,498.21,37.6,Good
21.26,82.09,2.54,410.59,448.57,72.4,Satisfactory
29.92,61.69,2.62,738.76,805.09,156.9,Moderate
20.19,69.35,0.65,256.79,225.17,26.0,Good
29.78,83.5,0.26,818.84,943.83,171.7,Moderate
25.07,83.2,0.69,544.36,677.63,79.2,Satisfactory
36.44,68.44,1.93,591.46,565.35,61.1,Satisfactory
29.94,52.55,4.7,633.63,832.53,127.7,Moderate
35.41,32.27,6.31,779.79,1063.78,207.6,Poor
23.47,61.72,1.87,462.5,590.73,65.7,Satisfactory
28.34,77.7,3.15,501.02,458.76,60.0,Satisfactory
22.11,64.38,3.87,131.59,300.64,24.2,Good
25.52,20.0,0.7,471.89,778.08,127.4,Moderate
26.43,73.66,3.07,412.76,671.03,86.1,Satisfactory
23.64,74.77,1.05,654.07,712.2,137.4,Moderate
20.71,52.58,0.86,528.22,538.18,67.9,Satisfactory
19.52,75.79,0.59,506.39,509.63,62.7,Satisfactory
13.96,69.3,0.67,393.41,520.88,97.5,Satisfactory
21.66,45.66,1.84,529.48,428.23,64.1,Satisfactory
31.76,80.88,1.27,613.91,791.53,148.2,Moderate
18.41,35.19,1.31,227.4,100.0,10.0,Good
19.79,56.97,1.03,243.1,297.22,10.0,Good
38.75,55.17,0.26,586.88,900.19,160.5,Moderate
24.18,43.14,0.89,528.45,424.99,89.4,Satisfactory
29.93,63.47,0.36,537.4,332.04,52.9,Satisfactory
31.85,81.59,0.98,525.92,587.41,87.4,Satisfactory
31.98,80.46,0.79,391.17,287.03,10.0,Good
18.87,71.03,2.51,747.93,532.74,122.6,Moderate
26.61,27.47,3.74,654.18,722.28,117.7,Moderate
18.29,33.95,1.27,325.74,593.5,78.6,Satisfactory
42.68,60.99,3.16,349.68,612.93,45.2,Good
18.43,57.38,0.39,471.75,452.62,91.2,Satisfactory
21.71,49.03,12.5,172.24,384.43,10.0,Good
21.76,92.3,4.95,526.33,640.14,117.1,Moderate
19.02,59.91,0.4,341.68,293.89,32.5,Good
36.12,67.76,1.19,398.4,419.39,82.5,Satisfactory
42.53,75.78,3.73,761.54,772.56,160.6,Moderate
25.15,58.99,0.2,606.72,645.89,101.8,Moderate
20.08,95.0,1.71,743.72,886.44,187.8,Moderate
14.58,41.07,0.28,965.29,1036.42,233.5,Poor
26.54,47.09,0.8,454.49,727.44,59.0,Satisfactory
26.1,41.03,1.14,460.61,424.99,38.7,Good
24.09,86.13,0.88,829.52,1088.87,215.0,Poor
29.33,72.44,0.06,1087.54,1217.36,289.9,Poor
30.37,48.21,1.9,299.62,453.61,56.4,Satisfactory
29.94,42.45,8.29,380.25,333.93,29.2,Good
26.1,82.93,1.46,1002.3,1171.5,261.9,Poor
21.39,64.51,9.39,341.51,515.61,58.4,Satisfactory
31.99,83.39,0.01,1243.42,1358.45,339.9,Very Poor
28.08,56.92,0.56,653.33,827.9,153.5,Moderate
33.33,67.21,0.54,177.43,353.54,13.9,Good
32.74,63.4,2.05,444.18,389.69,68.7,Satisfactory
19.47,46.77,1.49,893.54,1036.96,220.7,Poor
19.39,55.41,1.09,876.91,959.24,200.0,Moderate
23.47,36.68,3.77,1005.87,1160.25,262.9,Poor
21.66,66.89,1.55,319.38,388.24,57.7,Satisfactory
32.53,71.7,3.19,476.59,679.48,97.1,Satisfactory
30.11,75.82,7.36,142.69,304.26,15.9,Good
34.6,70.0,3.88,623.12,663.08,117.9,Moderate
30.38,55.69,0.37,904.05,1047.57,201.4,Poor
29.25,85.94,11.05,896.52,1241.6,269.6,Poor
35.2,74.06,2.7,606.13,523.63,104.7,Moderate
30.82,82.99,1.22,474.65,317.42,47.0,Good
28.41,84.12,0.28,550.04,669.1,90.8,Satisfactory
36.88,55.74,1.66,700.06,893.56,145.7,Moderate
28.69,64.98,0.62,546.47,728.9,87.0,Satisfactory
26.17,71.94,0.17,138.15,258.16,18.0,Good
22.97,37.32,0.32,557.66,823.36,138.1,Moderate
32.22,37.71,0.12,443.58,489.43,57.1,Satisfactory
35.42,34.61,1.01,962.72,1131.62,259.4,Poor
27.7,56.05,1.35,881.81,1026.29,194.4,Moderate
35.85,52.0,2.35,586.57,571.44,102.5,Moderate
16.18,32.16,2.62,897.16,1066.76,246.3,Poor
27.67,60.69,0.82,959.19,943.76,213.9,Poor
27.76,56.28,0.96,1063.68,1164.68,302.1,Very Poor
23.64,79.28,1.93,486.97,694.46,64.1,Satisfactory
42.3,94.23,0.35,384.93,528.04,57.6,Satisfactory
27.6,66.22,3.07,785.14,801.54,163.7,Moderate
25.55,45.46,1.06,678.49,876.55,154.7,Moderate
28.16,69.64,3.57,823.02,1178.1,201.1,Poor
15.98,58.17,1.74,723.49,929.08,198.1,Moderate
23.44,53.68,1.21,331.85,277.96,30.0,Good
33.9,42.49,4.54,534.49,498.31,76.7,Satisfactory
24.23,49.64,0.15,192.46,385.88,73.0,Satisfactory
23.03,54.8,2.25,608.21,901.26,155.6,Moderate
35.86,72.47,6.29,1079.3,1385.3,280.4,Poor
36.04,67.2,1.82,570.86,584.4,81.5,Satisfactory
31.1,90.86,1.46,762.87,824.69,171.3,Moderate
25.27,70.14,3.66,567.82,885.24,112.3,Moderate
26.56,65.64,0.81,377.65,256.82,34.8,Good
23.18,52.49,1.12,294.78,221.3,47.5,Good
22.03,39.33,0.28,1123.97,1099.53,305.0,Very Poor
21.73,47.74,0.75,594.74,536.46,96.8,Satisfactory
24.29,45.4,2.87,318.97,398.34,59.0,Satisfactory
21.79,20.0,1.16,702.22,626.76,168.6,Moderate
18.62,39.84,0.48,248.19,368.49,73.9,Satisfactory
29.32,86.84,4.71,630.3,477.59,91.7,Satisfactory
29.41,64.63,4.17,361.53,693.93,48.2,Good
38.2,51.22,0.57,392.56,659.53,70.5,Satisfactory
23.99,65.17,4.14,437.61,769.41,64.6,Satisfactory
29.78,22.84,2.8,529.16,577.67,113.8,Moderate
29.88,63.08,1.94,850.26,995.68,223.4,Poor
26.48,80.99,6.64,377.71,555.49,53.6,Satisfactory
32.47,55.82,2.23,433.26,681.08,100.1,Moderate
32.65,26.1,0.64,603.95,890.22,144.5,Moderate
29.96,50.55,1.03,695.5,810.19,163.6,Moderate
26.47,81.03,2.71,316.43,484.41,33.4,Good
25.85,62.66,6.55,602.9,669.92,132.0,Moderate
19.79,32.47,2.26,421.35,450.96,52.6,Satisfactory
23.16,95.0,1.94,839.56,1057.19,218.6,Poor
24.27,35.43,3.56,557.55,605.9,104.8,Moderate
21.26,53.63,3.05,235.35,100.0,25.0,Good
30.64,39.33,4.82,262.58,291.8,21.0,Good
35.18,39.35,1.54,546.06,832.53,138.8,Moderate
22.55,49.86,2.47,813.17,855.39,212.0,Poor
29.7,69.45,1.45,793.34,873.1,112.9,Moderate
21.8,81.23,0.27,593.61,790.89,129.2,Moderate
26.17,51.05,0.38,478.5,572.63,83.3,Satisfactory
23.86,39.82,0.7,326.23,276.51,74.0,Satisfactory
31.61,66.62,0.25,648.52,1063.98,172.6,Moderate
23.93,67.14,1.87,808.05,931.18,162.4,Moderate
34.07,62.33,3.78,608.93,713.15,128.7,Moderate
26.53,62.96,0.82,489.13,452.29,70.1,Satisfactory
24.1,55.97,0.09,710.42,1025.96,196.0,Moderate
20.48,59.77,0.61,172.28,195.49,10.0,Good
29.52,54.73,1.17,1081.35,1024.62,253.6,Poor
33.37,77.26,3.54,337.42,185.53,10.0,Good
29.64,95.0,1.69,396.3,637.29,105.1,Moderate
41.43,61.23,1.69,690.3,664.08,123.0,Moderate
36.58,57.88,2.59,490.42,503.26,67.1,Satisfactory
26.15,62.61,4.07,428.93,312.36,94.1,Satisfactory
26.09,46.16,6.34,204.0,246.3,37.6,Good
30.82,71.77,0.83,378.09,285.18,32.1,Good
22.97,65.94,1.54,712.7,931.85,151.1,Moderate
35.0,50.43,0.82,197.46,333.59,49.2,Good
30.17,74.24,2.46,292.12,504.68,57.6,Satisfactory
29.54,58.34,0.09,618.0,595.61,96.5,Satisfactory
32.12,40.54,7.84,743.11,857.68,189.1,Moderate
38.34,64.33,2.72,1177.47,1264.17,306.5,Very Poor
29.03,62.27,2.33,477.16,647.78,122.1,Moderate
27.32,75.29,0.63,663.88,871.17,123.8,Moderate
37.05,72.97,1.0,351.47,369.76,32.2,Good
33.81,56.03,0.25,855.03,738.34,161.4,Moderate
26.07,49.5,0.59,673.31,755.98,144.6,Moderate
28.03,58.03,4.07,244.1,169.24,10.0,Good
29.17,64.54,0.13,357.9,530.09,101.7,Moderate
30.17,66.71,9.21,959.88,1151.23,283.5,Poor
19.86,63.43,4.81,828.64,881.78,143.0,Moderate
18.75,56.37,2.28,261.76,231.53,10.0,Good
22.68,75.94,0.53,869.48,1054.94,211.7,Poor
22.21,45.86,3.19,637.92,554.12,89.7,Satisfactory
24.14,95.0,2.91,553.89,687.41,97.7,Satisfactory
31.81,71.74,0.8,752.24,997.09,150.0,Moderate
26.99,37.71,2.66,557.01,519.69,108.1,Moderate
29.18,61.33,1.16,519.96,605.67,73.1,Satisfactory
20.65,71.91,0.07,242.76,522.54,44.1,Good
25.23,51.71,0.28,1061.7,1081.48,260.1,Poor
31.52,31.09,4.65,342.95,566.13,58.5,Satisfactory
31.57,39.3,0.94,757.7,777.63,156.4,Moderate
23.65,67.76,0.67,203.53,368.64,12.0,Good
28.97,26.42,1.86,430.95,726.61,75.1,Satisfactory
41.19,31.91,0.03,329.68,443.23,54.2,Satisfactory
27.89,67.66,1.65,777.95,983.95,170.7,Moderate
23.84,53.99,1.99,732.15,844.02,180.0,Moderate
26.96,45.48,3.11,266.0,100.0,10.0,Good
28.55,49.09,0.38,1044.81,1451.79,323.9,Very Poor
27.09,31.53,0.79,625.99,902.29,158.4,Moderate
27.81,66.72,1.94,791.41,865.67,175.0,Moderate
19.34,43.48,0.44,348.57,335.95,10.0,Good
22.22,48.36,2.12,379.23,294.74,58.0,Satisfactory
27.1,64.24,1.86,435.75,661.22,77.2,Satisfactory
27.01,53.38,0.02,579.49,719.61,160.3,Moderate
24.6,45.32,3.98,814.7,871.86,193.5,Moderate
26.94,22.19,0.46,416.85,503.71,55.3,Satisfactory
28.37,64.61,1.7,752.85,852.33,165.3,Moderate
33.34,59.42,7.93,821.04,840.23,172.9,Moderate
27.4,48.69,0.54,694.48,862.92,112.0,Moderate
30.39,39.33,2.6,700.78,908.58,210.5,Poor
24.75,58.23,9.62,177.58,146.47,10.0,Good
31.43,66.65,3.0,582.54,729.7,99.2,Satisfactory
30.25,59.76,4.77,124.91,193.64,10.0,Good
33.19,87.49,0.32,310.35,376.86,41.7,Good
32.28,70.69,6.3,588.43,559.77,114.1,Moderate
31.53,56.07,0.07,972.06,1262.81,265.1,Poor
27.41,71.29,2.8,396.58,502.78,61.8,Satisfactory
29.47,58.88,1.62,870.47,1037.8,196.7,Moderate
34.38,58.81,1.12,356.67,561.95,64.7,Satisfactory
24.09,81.33,0.9,971.48,1122.8,248.6,Poor
24.23,41.83,3.07,321.49,329.75,24.4,Good
29.09,58.42,0.63,337.51,639.53,62.9,Satisfactory
30.49,79.41,0.96,380.65,485.04,54.9,Satisfactory
23.06,63.56,2.82,649.71,717.84,94.8,Satisfactory
27.55,51.36,4.6,398.36,509.22,61.7,Satisfactory
27.44,27.29,1.43,116.58,564.6,26.0,Good
14.71,20.0,6.52,745.37,758.66,157.5,Moderate
26.68,95.0,1.98,786.15,907.49,193.9,Moderate
27.06,63.55,1.78,360.64,440.83,19.8,Good
27.04,47.49,13.78,561.89,750.51,132.4,Moderate
36.5,64.29,2.43,682.17,645.6,93.2,Satisfactory
20.71,40.94,8.65,737.35,825.08,170.9,Moderate
23.05,52.04,12.87,308.46,540.39,42.4,Good
12.33,41.06,0.34,581.26,774.09,164.3,Moderate
25.11,32.56,0.62,286.79,165.71,37.4,Good
25.63,20.11,0.12,645.75,718.53,175.0,Moderate
24.94,29.24,3.29,299.9,305.43,19.0,Good
34.65,76.38,3.33,343.31,392.55,52.2,Satisfactory
33.16,40.24,0.83,278.34,192.82,10.0,Good
28.47,67.63,0.01,755.15,671.81,145.1,Moderate
25.78,75.22,2.56,183.27,277.42,10.0,Good
34.16,58.3,0.14,305.24,389.59,51.1,Satisfactory
27.88,52.63,1.31,574.9,612.73,88.1,Satisfactory
23.09,60.39,3.46,852.32,873.56,205.3,Poor
17.7,50.5,1.92,1113.3,1263.57,306.7,Very Poor
25.35,79.67,4.57,335.02,526.11,19.6,Good
32.53,91.78,1.22,803.97,861.32,160.4,Moderate
41.66,84.1,0.66,798.1,1096.99,197.0,Moderate
28.37,20.0,0.5,578.54,740.25,150.1,Moderate
23.41,50.13,3.38,191.84,397.7,30.3,Good
20.89,58.07,1.5,162.13,106.46,48.4,Good
31.31,66.34,0.62,594.1,646.14,105.4,Moderate
17.41,26.91,2.44,256.68,521.49,74.0,Satisfactory
31.3,26.62,0.1,562.71,664.78,120.8,Moderate
32.91,81.52,1.76,964.5,1183.01,289.1,Poor
30.62,47.94,2.2,337.89,499.47,44.5,Good
26.68,31.23,2.52,432.06,863.16,137.0,Moderate
31.39,38.13,6.55,498.44,644.99,54.3,Satisfactory
29.03,65.03,1.14,712.03,696.62,141.4,Moderate
23.33,43.19,2.24,558.75,511.82,78.8,Satisfactory
39.1,62.35,2.62,858.6,1274.32,263.4,Poor
25.89,40.38,1.52,917.19,1044.05,267.6,Poor
32.65,26.6,0.28,694.81,901.24,196.9,Moderate
13.49,83.64,3.69,609.89,866.93,109.8,Moderate
35.66,65.17,0.01,491.88,684.32,104.8,Moderate
36.81,51.99,0.31,382.07,672.79,60.0,Satisfactory
28.18,48.62,1.1,186.47,117.17,27.5,Good
31.35,84.37,0.31,832.94,571.49,128.1,Moderate
31.35,68.65,1.75,657.13,666.51,148.5,Moderate
24.14,78.64,4.98,781.44,1069.21,210.9,Poor
31.28,47.49,8.91,795.27,726.91,168.2,Moderate
23.15,58.91,1.55,852.78,795.24,144.8,Moderate
24.35,65.24,2.42,811.68,879.18,151.0,Moderate
34.76,48.1,1.74,502.27,445.68,39.4,Good
33.85,56.28,1.46,485.06,452.29,40.9,Good
23.76,47.5,1.47,298.25,333.62,25.1,Good
23.6,65.18,7.58,721.07,710.97,145.1,Moderate
24.13,34.21,0.03,860.59,966.35,193.0,Moderate
32.4,68.3,3.99,394.75,804.04,75.6,Satisfactory
22.0,63.59,0.53,842.25,908.41,178.2,Moderate
30.14,54.34,1.25,993.19,1111.59,249.8,Poor
32.48,66.09,0.29,511.43,381.38,74.3,Satisfactory
27.47,51.43,0.25,840.62,890.98,163.7,Moderate
34.06,45.94,4.59,713.75,799.91,177.8,Moderate
26.17,67.79,0.71,875.78,966.62,156.7,Moderate
26.72,68.57,1.68,791.04,1131.3,230.7,Poor
22.14,48.87,2.75,181.04,117.15,10.0,Good
34.1,47.33,6.53,613.87,604.96,82.6,Satisfactory
23.4,54.71,0.26,859.88,1032.31,226.7,Poor
30.1,48.06,6.91,390.79,451.72,51.7,Satisfactory
27.57,85.45,2.15,248.47,264.92,57.0,Satisfactory
21.68,63.7,2.05,751.37,1071.96,198.1,Moderate
24.35,58.26,1.13,776.4,731.56,128.1,Moderate
36.3,41.21,0.93,991.59,1118.28,245.4,Poor
29.21,71.3,0.11,659.3,793.56,98.2,Satisfactory
21.95,46.99,5.33,731.16,844.68,181.2,Moderate
29.83,46.25,0.23,832.05,1066.6,227.4,Poor
27.12,71.91,0.78,577.65,650.22,137.4,Moderate
45.0,64.97,4.6,1037.97,1187.85,238.3,Poor
29.71,20.0,1.43,820.65,984.52,237.8,Poor
25.72,55.16,0.35,886.73,1042.98,193.5,Moderate
36.52,60.26,3.75,717.69,669.43,132.5,Moderate
16.95,51.89,0.94,370.91,452.99,63.4,Satisfactory
28.57,60.89,0.77,861.67,957.75,164.1,Moderate
39.97,25.43,0.24,229.56,354.74,20.7,Good
27.3,20.0,0.86,592.0,782.66,137.7,Moderate
17.6,40.44,1.09,380.03,578.22,125.3,Moderate
25.62,63.08,2.69,657.21,723.94,108.2,Moderate
36.73,20.0,0.6,399.71,735.41,127.4,Moderate
30.26,42.82,5.47,578.52,538.27,79.4,Satisfactory
22.97,23.39,4.72,581.26,653.58,70.8,Satisfactory
23.89,53.63,4.72,616.94,684.13,105.4,Moderate
24.64,93.24,1.99,226.75,527.63,34.4,Good
30.17,54.09,3.52,219.42,254.17,16.6,Good
36.03,56.06,3.22,576.37,604.74,108.3,Moderate
34.31,73.11,4.27,1185.66,1335.12,331.2,Very Poor
30.74,58.38,4.64,582.16,664.77,106.3,Moderate
20.01,54.13,3.35,849.25,1008.95,194.3,Moderate
20.03,74.68,3.42,467.94,889.11,104.8,Moderate
31.2,66.49,3.13,695.32,859.0,143.6,Moderate
19.93,63.2,3.43,460.89,613.76,70.3,Satisfactory
26.65,55.5,1.8,824.77,704.49,164.3,Moderate
29.82,51.77,0.79,750.0,794.23,147.2,Moderate
21.17,74.51,0.37,387.23,516.03,65.4,Satisfactory
21.85,51.94,0.24,366.55,390.88,71.6,Satisfactory
27.44,80.16,0.42,559.75,458.94,58.7,Satisfactory
31.02,39.15,4.39,587.63,555.58,64.5,Satisfactory
34.37,83.81,6.17,257.81,440.82,15.2,Good
31.64,66.5,3.27,333.91,589.27,54.5,Satisfactory
28.44,40.57,2.19,667.31,633.8,148.4,Moderate
23.52,67.16,1.48,640.91,750.96,103.0,Moderate
21.57,46.29,0.74,821.63,822.92,174.1,Moderate
24.93,58.6,0.74,639.38,878.17,140.1,Moderate
30.46,49.24,1.92,625.09,903.55,159.7,Moderate
30.02,55.61,3.25,330.25,537.99,50.3,Satisfactory
15.4,74.95,1.72,474.02,557.1,105.8,Moderate
23.29,67.33,10.27,419.68,518.68,73.2,Satisfactory
35.23,37.74,2.13,1213.82,1410.43,385.7,Very Poor
28.48,38.77,0.07,752.85,614.62,99.9,Satisfactory
19.5,62.87,7.62,464.3,819.26,120.5,Moderate
42.13,64.18,1.62,660.42,836.45,139.6,Moderate
27.83,45.86,6.14,630.39,786.48,126.1,Moderate
30.31,86.64,0.23,397.1,254.67,43.6,Good
30.4,72.64,0.59,396.77,775.96,122.8,Moderate
25.79,46.74,0.41,795.76,1021.68,254.7,Poor
23.63,45.0,4.29,307.64,223.38,15.0,Good
40.73,53.9,5.3,560.79,396.76,40.5,Good
34.02,52.03,2.86,262.55,764.4,70.9,Satisfactory
32.93,80.61,2.3,790.78,953.94,147.5,Moderate
31.46,75.72,0.09,429.99,383.49,42.8,Good
21.98,58.63,0.68,301.24,433.82,10.7,Good
35.67,70.2,0.82,341.28,428.11,27.5,Good
22.94,72.81,0.15,452.76,480.35,57.1,Satisfactory
29.7,59.05,1.53,1066.67,1288.59,290.8,Poor
18.16,65.25,2.94,246.89,248.48,31.0,Good
15.75,68.7,3.88,80.0,258.86,10.0,Good
29.91,66.78,3.14,186.2,327.8,23.9,Good
23.15,43.98,1.21,655.23,863.66,155.8,Moderate
16.06,45.8,0.9,80.0,233.55,14.8,Good
31.24,52.81,1.3,431.42,530.44,80.5,Satisfactory
40.72,45.28,1.48,999.77,1191.4,253.3,Poor
36.34,31.48,0.39,750.13,949.8,181.7,Moderate
26.46,70.17,0.97,735.05,826.73,123.2,Moderate
28.05,64.24,0.77,424.7,393.11,33.4,Good
33.33,33.89,6.86,578.83,825.43,165.1,Moderate
34.73,53.66,4.19,282.87,263.15,28.1,Good
25.94,54.68,2.91,597.78,916.11,159.0,Moderate
28.21,61.27,0.5,600.96,654.92,135.2,Moderate
29.8,38.53,3.49,976.39,1301.47,297.2,Poor
31.32,33.63,0.65,1141.4,1258.39,340.0,Very Poor
27.2,67.36,3.53,479.42,539.29,60.0,Satisfactory
27.28,30.39,1.26,235.46,289.92,14.7,Good
36.28,53.81,4.87,474.66,575.86,77.6,Satisfactory
35.26,52.13,0.21,582.15,532.83,92.4,Satisfactory
30.86,55.78,3.37,488.14,669.48,100.9,Moderate
38.31,62.55,5.25,1012.39,1212.95,271.3,Poor
25.68,86.77,1.34,879.59,1246.16,284.6,Poor
37.74,29.21,1.23,806.06,1003.92,174.7,Moderate
31.26,73.78,1.69,736.25,933.33,161.9,Moderate
45.0,20.0,2.88,931.87,1234.73,272.9,Poor
20.85,83.09,0.86,968.62,1172.82,268.4,Poor
23.86,21.23,0.7,353.63,599.91,61.9,Satisfactory
30.51,95.0,7.75,239.73,428.51,48.9,Good
30.38,50.98,1.16,812.1,1099.47,228.4,Poor
39.7,81.23,1.59,602.27,662.94,113.1,Moderate
23.99,77.51,1.0,260.28,362.13,33.0,Good
33.43,50.14,3.1,628.69,637.62,67.2,Satisfactory
34.97,51.52,0.77,861.52,880.15,146.7,Moderate
32.23,42.93,1.45,276.26,539.15,44.2,Good
22.23,72.17,4.41,510.07,590.65,95.7,Satisfactory
36.45,50.38,3.91,777.75,1219.88,208.8,Poor
35.38,43.26,1.13,1005.36,1348.21,334.8,Very Poor
31.6,67.67,1.74,583.39,689.66,153.1,Moderate
29.23,41.85,0.54,650.72,738.62,110.5,Moderate
29.36,52.08,1.74,784.3,938.61,188.0,Moderate
27.53,59.93,8.98,443.4,552.78,46.7,Good
31.84,46.44,3.67,355.55,603.89,61.3,Satisfactory
28.19,49.15,0.53,347.23,359.76,38.8,Good
22.91,85.63,0.16,524.37,618.0,72.6,Satisfactory
21.71,54.32,0.55,777.39,935.02,162.7,Moderate
23.49,51.53,0.31,400.44,487.7,76.9,Satisfactory
29.33,54.85,1.46,397.49,430.74,70.2,Satisfactory
27.84,66.18,4.76,469.81,566.8,22.3,Good
29.29,39.39,1.48,150.98,290.14,10.0,Good
31.0,65.69,0.78,1069.31,1243.13,321.4,Very Poor
24.24,62.6,1.16,930.32,1027.63,205.2,Poor
36.79,25.8,2.81,356.16,444.03,50.4,Satisfactory
26.39,90.3,2.03,80.0,366.79,10.0,Good
25.4,84.29,0.57,1057.53,998.19,213.1,Poor
30.89,43.59,3.69,767.35,899.41,178.5,Moderate
16.98,37.8,0.42,504.79,707.8,106.3,Moderate
23.26,62.1,1.89,679.43,784.34,166.9,Moderate
33.89,32.33,0.98,419.28,592.22,43.1,Good
17.58,82.56,1.34,357.59,585.08,78.0,Satisfactory
34.71,49.57,0.45,802.29,910.33,195.7,Moderate
37.07,87.19,1.76,822.02,833.49,175.4,Moderate
25.78,43.16,0.38,424.57,629.97,76.4,Satisfactory
29.75,55.98,0.9,401.45,331.19,39.4,Good
34.71,80.81,1.25,809.19,877.82,188.6,Moderate
25.2,52.18,0.58,665.22,835.36,148.3,Moderate
33.21,62.9,5.52,776.97,755.3,133.2,Moderate
23.97,77.67,0.89,200.54,355.37,20.5,Good
25.13,47.99,1.16,1039.0,1210.07,283.7,Poor
23.2,35.29,1.7,369.91,277.7,66.6,Satisfactory
30.06,31.74,0.23,329.06,203.37,10.0,Good
34.95,68.5,0.1,519.73,812.68,101.8,Moderate
26.9,65.0,1.25,555.04,645.87,118.0,Moderate
20.37,77.11,0.14,558.81,512.5,59.2,Satisfactory
21.5,53.07,2.33,674.96,847.14,130.6,Moderate
30.37,32.25,2.44,356.69,476.89,96.3,Satisfactory
39.06,20.0,2.33,557.93,637.1,122.5,Moderate
30.36,95.0,3.43,762.24,845.58,181.1,Moderate
25.68,67.48,1.25,81.41,388.52,24.4,Good
32.6,60.46,5.66,553.47,617.63,120.7,Moderate
26.56,63.02,2.11,954.15,1127.59,254.5,Poor
25.73,32.24,5.27,627.72,578.88,120.2,Moderate
22.25,43.69,3.29,172.72,333.85,19.6,Good
36.45,89.38,1.3,475.33,691.94,90.4,Satisfactory
12.76,69.85,2.09,234.65,100.0,10.0,Good
32.79,44.26,2.79,726.52,665.11,113.1,Moderate
25.22,35.92,0.09,577.58,574.06,63.5,Satisfactory
25.54,48.72,0.24,510.25,533.82,89.3,Satisfactory
38.15,52.32,6.61,948.61,983.62,205.5,Poor
23.72,94.88,2.76,399.64,661.88,78.8,Satisfactory
23.92,54.61,4.3,705.11,956.44,127.6,Moderate
27.22,36.59,1.23,537.4,441.88,99.6,Satisfactory
30.48,56.95,5.36,673.76,843.83,147.7,Moderate
25.35,62.76,1.32,995.56,910.45,203.0,Poor
18.56,34.95,2.74,160.89,220.62,22.6,Good
22.81,65.24,6.02,613.62,665.59,130.7,Moderate
35.69,79.76,3.08,574.44,808.35,131.3,Moderate
28.45,60.5,0.43,450.0,379.52,67.1,Satisfactory
30.71,43.65,1.42,744.94,818.1,169.4,Moderate
26.43,48.48,2.18,563.08,651.64,163.2,Moderate
24.04,28.14,2.92,197.96,411.64,39.8,Good
38.07,55.59,4.82,752.87,937.39,170.2,Moderate
26.87,63.59,2.95,949.6,1113.81,235.4,Poor
25.34,41.86,1.5,456.02,389.19,23.0,Good
34.58,92.91,1.17,424.35,855.02,79.1,Satisfactory
23.67,72.26,1.24,1071.05,1415.83,301.1,Very Poor
24.43,25.73,0.91,713.24,593.11,145.5,Moderate
28.06,26.1,0.86,647.81,881.42,160.8,Moderate
28.0,40.29,4.22,440.51,483.68,59.3,Satisfactory
29.56,86.32,1.88,462.46,583.77,76.1,Satisfactory
40.55,74.04,0.94,623.58,781.74,113.8,Moderate
30.02,87.23,1.65,1183.78,1387.56,321.2,Very Poor
13.73,58.18,1.02,411.09,299.03,25.9,Good
29.96,54.23,0.11,759.84,802.88,150.3,Moderate
28.23,35.54,2.98,477.72,511.01,102.1,Moderate
28.26,64.29,4.46,1287.22,1392.34,378.5,Very Poor
29.48,54.47,3.79,310.89,393.1,43.9,Good
27.83,53.78,3.58,527.56,565.99,112.4,Moderate
27.68,87.12,0.39,637.19,708.79,105.6,Moderate
31.68,55.73,5.34,530.07,502.73,91.7,Satisfactory
24.75,81.96,0.81,981.2,1169.33,248.7,Poor
22.31,29.41,0.3,150.92,100.0,10.0,Good
45.0,95.0,2.13,588.07,706.91,100.3,Moderate
23.7,51.28,5.45,498.49,525.1,85.0,Satisfactory
28.6,70.73,4.81,479.31,322.46,20.5,Good
19.03,73.59,1.71,533.87,710.07,123.8,Moderate
28.7,49.05,4.1,473.41,631.47,64.7,Satisfactory
22.4,72.74,9.23,830.07,737.85,155.5,Moderate
25.35,73.68,1.09,587.35,547.05,89.7,Satisfactory
34.27,45.16,2.64,592.0,738.53,154.2,Moderate
30.83,45.38,5.54,316.49,346.8,23.4,Good
31.41,58.82,0.31,334.53,330.44,36.5,Good
17.37,55.92,0.36,448.48,307.58,45.1,Good
39.02,83.08,6.31,990.45,1461.32,309.2,Very Poor
20.85,70.65,4.21,139.96,317.54,10.0,Good
37.17,56.73,0.72,320.64,610.02,62.6,Satisfactory
34.13,68.91,0.38,716.57,1168.29,211.4,Poor
31.46,21.16,2.06,507.9,622.74,99.8,Satisfactory
22.87,46.92,0.74,779.04,1060.93,190.1,Moderate
28.91,63.18,0.76,938.25,1155.46,260.3,Poor
25.17,78.08,0.38,326.78,559.09,47.6,Good
28.17,61.6,1.77,837.71,1044.12,179.9,Moderate
26.5,84.25,0.31,697.45,930.52,163.9,Moderate
15.77,73.62,3.03,292.52,408.64,42.5,Good
34.73,49.21,4.94,1114.95,1326.75,301.1,Very Poor
27.51,55.48,2.16,490.12,744.13,103.2,Moderate
25.09,65.35,4.19,584.67,515.95,52.3,Satisfactory
24.64,49.92,1.42,898.95,1088.3,263.1,Poor
30.15,85.56,0.61,464.59,486.96,86.5,Satisfactory
22.64,38.04,1.11,856.22,958.1,222.4,Poor
14.47,63.69,0.16,121.71,290.84,20.4,Good
30.44,71.24,0.81,1034.48,891.07,232.4,Poor
31.11,52.36,1.35,893.13,1077.67,204.8,Poor
26.8,48.3,1.69,332.19,581.88,60.8,Satisfactory
21.11,56.63,4.31,312.67,345.69,31.5,Good
28.53,72.62,5.72,578.62,615.58,90.6,Satisfactory
19.21,49.0,2.07,921.89,1040.85,246.2,Poor
21.84,38.76,0.43,997.75,1280.74,277.8,Poor
23.5,78.71,0.42,152.57,430.44,23.9,Good
33.06,65.19,0.83,751.1,848.75,127.2,Moderate
25.82,76.14,0.66,851.17,1123.35,213.7,Poor
25.31,71.67,2.12,376.59,390.7,37.1,Good
39.73,95.0,0.46,734.48,924.04,188.6,Moderate
30.11,78.07,5.84,751.23,991.0,159.2,Moderate
30.03,44.97,3.72,528.01,616.31,72.0,Satisfactory
25.78,66.46,4.45,895.07,1163.12,247.9,Poor
24.42,47.97,0.78,287.09,235.72,30.6,Good
14.88,49.83,0.46,526.27,507.54,105.1,Moderate
33.81,32.57,0.73,752.35,983.23,164.8,Moderate
30.69,52.85,1.83,451.07,530.08,50.2,Satisfactory
26.93,67.81,1.63,668.56,635.12,124.8,Moderate
27.18,56.81,5.35,154.46,315.13,29.3,Good
32.42,38.21,6.2,987.77,1109.88,249.3,Poor
18.67,30.59,1.93,691.6,762.43,162.4,Moderate
24.46,95.0,0.24,639.52,665.69,145.4,Moderate
21.18,63.85,1.19,495.96,594.18,83.3,Satisfactory
38.63,43.17,12.77,308.41,270.0,11.2,Good
33.25,66.31,0.26,1202.57,1346.19,285.1,Poor
14.78,95.0,2.2,178.53,309.57,10.0,Good
18.92,69.17,0.72,450.49,474.81,81.0,Satisfactory
27.21,20.0,8.46,420.29,571.08,99.9,Satisfactory
25.17,95.0,2.4,556.36,777.8,135.4,Moderate
20.05,24.71,0.73,466.87,498.15,89.4,Satisfactory
39.67,54.29,1.0,625.38,498.33,80.4,Satisfactory
29.88,37.6,0.07,289.73,370.36,37.9,Good
30.85,44.68,2.17,182.98,325.49,10.0,Good
23.85,63.12,2.24,366.14,284.57,46.3,Good
32.33,20.72,0.26,821.27,1086.44,236.7,Poor
25.72,56.38,3.0,923.87,1226.77,256.2,Poor
26.3,78.65,6.13,312.62,363.03,48.7,Good
31.67,42.82,0.36,256.6,264.95,48.2,Good
18.23,32.97,2.93,558.32,541.25,99.0,Satisfactory
37.58,55.49,3.0,866.34,932.47,198.5,Moderate
29.09,51.91,1.94,508.58,933.22,131.8,Moderate
35.69,47.29,2.08,627.83,784.06,127.9,Moderate
21.55,36.61,0.95,400.05,507.9,56.7,Satisfactory
22.46,67.35,2.35,586.09,927.81,127.9,Moderate
21.03,68.71,3.67,845.04,904.57,210.5,Poor
29.5,38.82,0.51,1136.79,1355.48,311.4,Very Poor
28.4,41.31,0.74,467.66,500.43,52.8,Satisfactory
25.21,60.46,0.63,193.87,374.32,34.1,Good
21.92,40.63,2.52,150.72,271.31,26.8,Good
20.4,61.22,2.19,482.93,391.54,55.0,Satisfactory
27.71,84.42,0.56,296.54,551.45,38.2,Good
25.21,56.92,1.59,336.57,569.93,92.7,Satisfactory
23.89,36.15,1.64,226.06,393.95,11.9,Good
37.28,65.06,2.39,1312.47,1494.7,368.4,Very Poor
27.51,54.8,1.08,1207.45,1599.86,340.1,Very Poor
35.62,55.3,4.63,581.36,555.98,103.2,Moderate
24.8,66.56,2.42,512.42,599.1,67.3,Satisfactory
29.47,70.44,4.56,307.33,442.9,35.4,Good
27.67,58.64,2.36,422.36,410.22,48.2,Good
17.81,56.91,2.57,1149.61,1211.9,307.2,Very Poor
36.57,95.0,0.18,1016.93,1109.99,222.8,Poor
27.19,79.61,2.19,976.97,1093.72,207.2,Poor
32.48,73.0,1.55,646.03,756.22,123.2,Moderate
23.49,60.36,4.98,404.27,469.44,53.6,Satisfactory
27.01,39.9,4.39,1293.73,1529.22,416.5,Severe
22.8,78.29,5.44,485.55,743.08,156.2,Moderate
35.42,60.6,0.77,1016.79,1279.37,323.8,Very Poor
29.87,47.61,1.67,679.01,639.76,164.2,Moderate
30.2,53.62,5.88,835.14,951.24,140.8,Moderate
36.15,40.61,0.74,514.83,680.19,113.4,Moderate
34.94,77.03,5.01,746.06,822.68,169.1,Moderate
32.59,70.29,4.55,523.54,694.78,122.9,Moderate
19.47,61.27,1.61,1102.93,955.3,272.4,Poor
23.83,57.23,7.17,764.88,863.39,204.0,Poor
21.98,45.75,4.72,335.66,465.47,56.5,Satisfactory
32.37,20.0,0.32,396.08,461.42,61.0,Satisfactory
29.02,32.57,6.28,548.63,685.59,148.9,Moderate
19.66,44.63,1.62,685.07,707.42,123.4,Moderate
26.87,41.93,2.52,283.99,265.36,20.7,Good
19.04,63.21,2.53,275.53,261.2,34.9,Good
27.68,72.61,3.14,711.26,743.64,132.5,Moderate
18.07,55.69,5.99,329.06,288.97,28.8,Good
31.17,83.36,2.48,1061.62,1523.92,351.8,Very Poor
30.27,43.91,1.5,794.5,958.01,212.1,Poor
39.45,55.56,0.53,656.31,824.64,124.2,Moderate
33.09,57.08,1.01,778.47,736.52,178.2,Moderate
25.46,77.66,4.44,693.39,645.11,118.0,Moderate
32.91,59.91,5.3,80.0,100.0,10.0,Good
19.61,60.4,1.16,247.35,100.0,28.6,Good
22.23,28.21,3.72,96.37,215.88,10.0,Good
30.0,41.8,0.91,799.02,857.51,149.4,Moderate
15.05,77.73,0.11,428.33,573.3,74.4,Satisfactory
27.78,20.64,0.24,247.99,665.51,73.0,Satisfactory
21.88,82.17,4.8,203.37,358.08,10.0,Good
28.61,66.99,0.12,181.68,229.14,10.0,Good
21.53,44.54,3.44,542.66,385.73,87.1,Satisfactory
30.55,43.02,2.3,955.23,1011.5,238.7,Poor
28.12,92.13,5.06,209.88,430.65,10.0,Good
36.4,83.41,2.06,608.49,820.71,109.2,Moderate
28.04,55.85,2.85,450.94,476.49,50.4,Satisfactory
23.39,60.42,2.24,607.5,856.39,151.2,Moderate
26.52,46.37,2.55,689.08,660.17,130.1,Moderate
19.93,60.43,1.73,889.15,868.56,144.1,Moderate
30.44,45.87,2.9,879.54,968.11,194.7,Moderate
31.54,56.59,1.31,984.07,1218.93,257.8,Poor
42.82,90.59,4.18,669.15,850.9,150.0,Moderate
24.27,56.28,2.02,906.62,817.01,147.2,Moderate
26.39,39.14,3.9,448.23,625.29,127.1,Moderate
24.55,33.41,0.76,821.22,930.86,218.5,Poor
29.27,60.29,1.18,674.08,1044.84,206.9,Poor
30.29,44.3,0.25,205.57,306.07,11.1,Good
27.68,62.44,2.59,557.26,684.64,94.4,Satisfactory
34.52,28.85,2.48,160.5,118.38,10.0,Good
24.3,70.42,0.98,664.22,837.75,133.9,Moderate
33.92,38.92,1.83,894.41,1073.1,232.7,Poor
31.23,58.83,0.52,319.23,344.1,10.0,Good
27.93,51.91,4.54,694.22,823.42,155.2,Moderate
26.11,88.93,4.42,766.49,1117.58,232.1,Poor
42.56,61.09,1.74,1252.55,1469.94,355.5,Very Poor
23.1,93.02,1.42,408.72,569.37,58.7,Satisfactory
29.79,68.09,0.18,222.83,380.94,29.5,Good
23.5,83.66,3.8,133.42,243.25,10.0,Good
38.71,54.24,0.66,633.47,769.45,126.0,Moderate
33.32,64.22,4.09,617.66,677.73,113.8,Moderate
23.93,79.94,0.24,683.1,670.35,137.5,Moderate
31.08,74.29,0.49,532.05,729.9,99.8,Satisfactory
29.55,67.56,0.35,770.31,668.95,130.8,Moderate
24.9,52.1,0.62,639.62,601.9,109.5,Moderate
32.55,55.14,10.97,665.44,839.15,159.9,Moderate
30.34,78.48,1.53,734.5,644.81,140.5,Moderate
29.29,82.23,3.3,689.43,756.02,165.2,Moderate
27.75,47.33,0.46,343.3,597.9,61.0,Satisfactory
30.59,44.61,0.76,1234.94,1413.19,352.1,Very Poor
29.38,41.73,7.84,285.64,528.44,93.8,Satisfactory
28.35,72.93,1.59,860.11,949.17,182.3,Moderate
24.15,41.27,2.11,602.55,534.55,140.1,Moderate
38.16,72.72,2.75,793.17,1105.54,204.6,Poor
21.7,67.82,7.04,596.48,981.6,162.5,Moderate
30.57,48.19,4.79,1000.6,1241.52,294.3,Poor
26.08,86.15,5.65,500.85,572.8,104.8,Moderate
38.56,31.68,3.02,709.61,1002.52,182.6,Moderate
22.58,87.87,1.3,457.2,553.65,94.2,Satisfactory
23.59,63.74,2.39,819.08,1059.93,205.4,Poor
22.18,20.68,0.41,669.12,690.43,133.0,Moderate
29.94,86.65,0.07,1025.12,1354.43,273.0,Poor
19.76,75.5,2.13,682.37,810.61,165.7,Moderate
25.13,50.29,0.95,758.11,970.74,184.3,Moderate
15.09,40.64,0.5,385.1,437.28,50.8,Satisfactory
29.44,29.76,1.29,822.35,817.05,220.4,Poor
25.0,95.0,1.41,353.82,626.7,76.4,Satisfactory
19.07,41.38,0.33,334.83,408.71,35.5,Good
34.51,35.26,2.88,878.32,906.46,240.0,Poor
20.15,62.82,5.36,332.45,295.61,18.4,Good
32.78,28.52,0.41,791.11,1088.59,216.9,Poor
23.79,40.33,0.37,897.04,1316.5,272.9,Poor
37.61,75.91,1.65,503.24,525.35,95.0,Satisfactory
32.5,66.36,0.08,536.08,643.24,102.9,Moderate
21.95,51.05,1.69,462.23,481.18,49.2,Good
22.5,58.33,4.79,407.01,398.49,86.6,Satisfactory
31.63,50.04,0.37,400.03,515.09,41.2,Good
26.43,56.88,6.67,1053.53,1077.0,269.7,Poor
26.98,44.29,1.08,653.94,875.58,129.6,Moderate
35.63,47.56,1.27,447.7,645.01,96.9,Satisfactory
23.51,47.01,0.85,694.82,679.43,111.7,Moderate
28.55,44.93,3.66,698.89,768.07,143.7,Moderate
33.73,76.79,1.94,414.63,664.67,78.3,Satisfactory
32.85,71.86,1.16,669.27,631.86,143.4,Moderate
27.04,41.22,0.65,936.03,1230.13,278.5,Poor
26.27,36.5,2.28,379.11,455.76,57.2,Satisfactory
17.57,55.17,5.69,302.78,384.93,26.3,Good
21.66,95.0,1.28,853.99,1251.02,245.8,Poor
29.91,39.5,1.89,592.9,848.75,118.9,Moderate
27.17,55.1,0.18,550.54,747.88,100.3,Moderate
28.45,59.6,1.86,210.33,432.66,60.5,Satisfactory
34.24,56.04,11.09,540.42,533.35,50.2,Satisfactory
20.88,49.75,0.31,713.01,787.26,149.5,Moderate
26.58,78.79,2.48,432.34,515.0,37.6,Good
29.13,66.18,0.91,185.01,389.64,43.6,Good
23.78,73.22,0.16,218.89,473.08,34.4,Good
36.59,68.61,1.07,507.6,700.9,133.4,Moderate
33.45,74.09,9.12,1116.01,1450.19,318.9,Very Poor
29.74,86.52,2.44,918.34,1090.43,234.7,Poor
38.77,81.96,2.18,671.79,558.74,98.6,Satisfactory
19.01,95.0,0.36,779.7,1082.72,204.0,Poor
27.95,79.91,4.44,377.89,413.56,73.0,Satisfactory
30.2,45.95,6.03,660.6,840.27,146.2,Moderate
22.51,73.25,5.83,913.08,1265.46,241.0,Poor
29.8,70.79,4.18,583.91,528.87,115.4,Moderate
21.36,92.57,0.57,967.72,1252.98,261.8,Poor
32.14,40.59,0.4,755.85,889.44,170.4,Moderate
34.35,68.04,0.06,558.0,703.46,99.7,Satisfactory
29.63,45.74,0.46,1035.71,1033.42,294.9,Poor
16.88,67.23,2.35,228.04,391.33,21.7,Good
22.2,54.13,0.45,631.13,879.2,129.9,Moderate
31.39,66.63,4.63,253.62,588.81,25.8,Good
28.13,32.61,5.28,550.51,539.44,113.7,Moderate
12.0,72.28,5.02,1062.24,1190.66,299.1,Poor
35.46,61.71,0.11,909.97,1462.02,258.3,Poor
28.82,60.74,2.19,837.5,741.32,186.9,Moderate
23.09,93.1,1.94,515.24,754.94,110.6,Moderate
33.97,51.12,4.91,407.33,531.84,84.8,Satisfactory
23.93,64.16,0.17,1148.37,1306.13,359.1,Very Poor
23.87,59.8,1.91,224.03,226.7,10.0,Good
30.15,61.56,0.16,476.55,1022.17,126.9,Moderate
38.69,95.0,4.29,291.6,460.03,16.3,Good
37.74,59.15,0.01,301.22,422.64,34.6,Good
30.16,47.79,8.96,779.9,882.01,153.0,Moderate
30.77,91.68,2.93,1138.67,1377.42,287.5,Poor
32.75,52.46,1.64,208.24,277.42,29.4,Good
20.46,29.11,0.77,206.03,235.58,38.2,Good
31.86,44.66,5.1,392.28,427.54,65.2,Satisfactory
23.6,35.56,0.18,390.12,610.6,88.9,Satisfactory
29.91,25.6,2.77,601.82,593.73,112.7,Moderate
26.64,51.47,1.51,1074.75,1266.25,271.9,Poor
31.01,56.74,2.35,193.78,439.66,18.9,Good
28.71,79.25,2.02,514.51,544.1,89.2,Satisfactory
12.0,69.33,3.17,445.52,475.91,69.6,Satisfactory
29.07,68.51,1.65,235.66,309.77,28.2,Good
31.85,41.92,1.06,1231.94,1495.19,385.3,Very Poor
30.68,73.93,1.71,520.96,685.69,123.2,Moderate
27.38,83.04,3.66,655.83,639.36,69.9,Satisfactory
37.85,65.1,3.91,520.02,615.63,20.5,Good
29.87,65.61,2.46,524.03,751.92,95.9,Satisfactory
30.63,35.24,0.03,730.07,645.92,102.8,Moderate
34.27,76.98,2.19,608.78,996.06,182.9,Moderate
30.18,90.05,0.12,762.73,919.85,197.2,Moderate
22.61,63.81,4.09,487.03,470.68,95.3,Satisfactory
13.37,47.3,3.6,151.29,187.8,10.0,Good
25.14,55.08,0.52,877.63,1129.48,208.5,Poor
32.57,50.43,3.07,372.15,479.2,47.4,Good
25.88,51.51,1.85,582.31,880.85,112.3,Moderate
32.81,69.66,0.68,435.95,555.9,46.3,Good
28.89,63.03,3.01,675.45,794.04,156.9,Moderate
35.73,76.07,6.43,513.81,495.98,67.2,Satisfactory
26.23,64.68,1.01,1133.29,1276.21,308.7,Very Poor
30.81,42.45,2.49,646.62,805.28,150.6,Moderate
31.04,48.99,0.47,687.19,680.58,124.7,Moderate
37.01,47.87,0.77,731.57,768.76,113.6,Moderate
17.76,54.64,1.74,345.99,396.13,72.8,Satisfactory
25.25,90.3,0.64,282.9,192.35,10.8,Good
33.09,93.19,0.58,809.63,980.47,190.6,Moderate
37.28,73.06,0.37,849.18,1163.9,219.1,Poor
29.44,60.14,5.26,575.35,701.25,95.9,Satisfactory
26.24,33.49,3.73,394.66,444.08,49.9,Good
32.54,61.96,1.68,547.82,675.58,122.3,Moderate
33.21,43.78,3.98,813.3,1043.51,182.9,Moderate
25.84,87.35,4.27,560.72,764.29,101.1,Moderate
29.98,29.09,1.4,878.44,931.21,210.4,Poor
35.08,64.92,0.44,265.79,212.03,10.0,Good
39.34,42.26,2.51,494.02,642.31,80.6,Satisfactory
32.46,57.83,5.31,459.24,585.48,48.1,Good
28.26,69.99,3.45,707.37,683.31,131.9,Moderate
27.68,76.4,6.2,563.13,738.1,62.6,Satisfactory
31.34,56.91,4.22,763.63,932.5,169.2,Moderate
27.31,71.7,9.8,440.39,565.71,31.7,Good
29.14,46.08,2.66,804.41,806.01,155.0,Moderate
21.65,62.42,1.23,422.24,512.2,85.6,Satisfactory
35.78,76.04,3.68,433.67,428.64,47.9,Good
21.16,63.98,5.5,381.83,409.82,35.3,Good
25.41,48.47,2.21,914.17,1081.34,225.4,Poor
28.59,52.98,4.3,1105.87,1330.16,289.6,Poor
39.95,76.28,1.08,658.41,587.74,104.5,Moderate
25.46,38.35,4.2,1068.64,1152.39,290.8,Poor
24.0,41.0,13.59,830.15,912.33,226.4,Poor
24.7,68.83,1.1,417.99,333.4,79.6,Satisfactory
37.95,50.1,2.36,500.94,572.24,61.4,Satisfactory
12.0,31.84,3.25,607.8,850.79,139.8,Moderate
21.98,82.31,1.59,467.4,765.45,109.5,Moderate
44.39,38.21,1.18,656.61,992.91,189.5,Moderate
31.55,54.41,1.92,343.4,194.48,35.9,Good
21.36,46.85,4.88,753.48,718.76,112.6,Moderate
27.75,52.64,0.19,381.11,708.84,58.1,Satisfactory
28.4,42.08,0.61,807.64,895.01,222.6,Poor
33.08,70.86,1.54,572.78,797.36,126.1,Moderate
39.04,59.99,4.41,841.39,914.89,187.0,Moderate
30.33,75.71,1.9,576.12,688.72,101.2,Moderate
24.76,47.03,0.87,281.03,179.99,10.0,Good
32.72,95.0,2.29,276.36,376.78,28.5,Good
23.81,23.72,1.16,518.5,548.08,82.8,Satisfactory
21.8,29.47,3.2,306.2,516.65,42.7,Good
17.44,89.56,3.06,691.44,683.29,168.0,Moderate
18.61,66.53,2.35,346.37,715.45,74.4,Satisfactory
22.62,64.14,0.8,609.93,839.32,127.8,Moderate
20.93,65.76,4.34,286.48,405.94,29.7,Good
29.88,68.28,7.73,312.63,280.28,21.3,Good
20.8,63.4,2.74,880.49,1170.63,230.6,Poor
12.0,40.61,0.25,329.98,519.36,87.6,Satisfactory
21.74,72.73,11.02,677.97,748.0,165.3,Moderate
25.17,69.89,3.18,521.01,724.94,128.9,Moderate
24.37,83.71,0.51,629.87,977.15,143.8,Moderate
37.12,89.76,4.14,482.81,775.94,97.7,Satisfactory
24.32,63.95,5.33,124.05,309.88,10.0,Good
33.29,35.9,1.98,1001.75,1032.7,205.2,Poor
27.89,89.91,0.13,649.97,774.64,139.4,Moderate
27.75,39.67,2.47,702.85,722.5,159.7,Moderate
22.99,64.08,0.49,114.91,271.77,10.0,Good
27.65,53.38,3.27,193.05,248.87,26.7,Good
23.41,50.25,0.85,673.64,700.44,86.9,Satisfactory
29.02,71.76,2.93,207.35,463.24,10.0,Good
26.58,62.4,1.21,550.25,535.98,85.7,Satisfactory
22.33,67.24,2.58,671.3,775.39,149.9,Moderate
33.95,43.32,4.25,555.78,877.04,152.5,Moderate
30.56,54.87,4.36,250.95,312.97,10.0,Good
25.31,44.15,0.71,203.76,146.2,10.0,Good
28.87,54.42,1.38,593.2,772.92,120.8,Moderate
27.5,55.86,1.46,892.19,1076.65,255.3,Poor
22.79,91.2,2.43,534.69,621.78,158.7,Moderate
28.42,53.33,5.65,472.22,519.93,73.5,Satisfactory
24.27,20.0,1.65,463.49,485.44,105.6,Moderate
22.33,83.11,2.98,458.56,505.78,64.3,Satisfactory
18.26,66.09,1.57,286.61,366.57,65.5,Satisfactory
25.85,55.64,0.85,141.43,379.44,10.0,Good
31.4,50.13,0.22,519.11,666.62,74.6,Satisfactory
23.83,40.96,1.13,597.21,362.42,74.3,Satisfactory
43.12,92.88,0.39,803.26,1206.46,207.8,Poor
33.31,58.93,0.42,685.2,723.7,103.5,Moderate
35.83,26.72,2.64,642.63,775.15,126.6,Moderate
32.77,63.9,2.95,352.64,254.47,38.8,Good
39.12,79.71,4.53,726.44,780.62,67.0,Satisfactory
23.28,60.82,3.88,313.34,465.03,68.1,Satisfactory
12.64,41.77,0.86,368.43,352.2,40.4,Good
25.32,40.16,1.57,827.36,790.84,189.9,Moderate
31.35,41.49,0.85,656.11,784.19,144.9,Moderate
28.91,85.39,1.84,877.37,853.91,167.1,Moderate
29.65,56.71,2.27,632.68,517.67,118.7,Moderate
35.93,27.78,3.03,540.54,708.26,94.6,Satisfactory
30.29,64.91,1.03,765.66,842.4,169.8,Moderate
32.79,60.54,3.75,428.28,641.9,106.3,Moderate
22.36,49.92,3.88,772.65,929.71,199.8,Moderate
21.43,39.63,2.07,793.24,875.02,198.7,Moderate
37.68,38.85,4.35,788.54,943.85,181.2,Moderate
28.61,77.56,0.62,688.03,756.44,126.7,Moderate
24.26,62.46,0.88,912.77,993.81,217.1,Poor
24.27,66.62,0.08,814.17,949.28,156.5,Moderate
24.11,62.41,3.14,887.87,1046.33,201.9,Poor
23.75,63.9,1.88,346.62,562.88,55.8,Satisfactory
20.3,49.57,1.55,191.63,326.31,21.8,Good
19.0,54.3,1.45,229.53,215.29,28.3,Good
26.83,78.97,1.22,625.65,953.54,146.4,Moderate
24.44,83.46,0.43,1032.27,1159.91,278.9,Poor
34.64,36.0,0.31,916.13,1038.98,279.7,Poor
29.76,54.25,7.78,904.51,1093.61,248.5,Poor
29.59,73.11,2.87,193.06,345.75,14.5,Good
23.54,91.88,1.51,455.82,772.45,101.2,Moderate
27.27,90.08,1.3,513.25,618.69,112.4,Moderate
30.17,43.68,2.56,609.12,759.05,122.4,Moderate
32.3,80.95,5.14,343.16,549.95,46.6,Good
27.44,59.06,2.12,1199.0,1256.01,350.0,Very Poor
34.47,76.8,3.25,1283.94,1508.58,390.7,Very Poor
28.05,72.19,1.04,730.94,765.43,168.7,Moderate
32.76,35.25,0.3,632.6,766.46,128.7,Moderate
25.06,67.9,4.91,609.51,675.63,94.4,Satisfactory
17.12,76.1,0.53,495.59,662.69,120.5,Moderate
29.61,57.64,3.76,646.21,897.65,119.5,Moderate
32.35,53.57,2.62,538.13,655.58,49.7,Good
31.45,29.71,0.2,769.16,828.33,174.9,Moderate
30.53,70.31,2.5,473.76,591.05,115.8,Moderate
25.91,61.76,2.99,896.48,1076.33,178.3,Moderate
23.16,41.4,1.24,232.49,406.76,66.5,Satisfactory
31.31,52.13,1.15,397.55,600.06,47.0,Good
30.56,60.78,1.33,811.07,654.52,161.9,Moderate
24.63,47.94,4.81,385.58,533.3,89.9,Satisfactory
34.66,58.05,1.08,1076.51,1365.29,289.2,Poor
22.7,26.5,1.89,915.24,925.68,243.3,Poor
24.5,82.29,0.07,623.64,502.38,90.1,Satisfactory
37.82,58.29,2.43,729.34,785.49,180.8,Moderate
33.21,38.21,0.47,896.1,997.79,234.8,Poor
25.85,20.0,1.42,204.63,241.21,22.2,Good
29.72,76.52,0.48,576.58,761.36,107.6,Moderate
28.93,68.05,6.34,1005.17,1280.69,265.8,Poor
12.0,61.79,2.6,144.27,127.88,10.0,Good
22.56,73.55,0.44,704.62,802.72,116.0,Moderate
27.69,73.5,2.1,587.89,499.42,79.9,Satisfactory
25.86,61.5,0.32,474.67,387.61,72.6,Satisfactory
29.48,53.42,1.4,649.16,683.27,135.4,Moderate
34.78,50.49,5.13,424.22,406.13,37.2,Good
26.07,65.58,2.65,787.18,778.64,145.2,Moderate
21.65,83.15,0.52,347.67,310.66,27.8,Good
29.95,56.15,0.24,646.26,730.08,76.2,Satisfactory
26.04,84.58,3.01,292.23,284.34,55.4,Satisfactory
27.06,64.72,7.35,617.9,802.01,117.8,Moderate
26.25,64.85,1.49,605.12,919.77,161.0,Moderate
41.45,95.0,4.91,556.51,564.14,81.1,Satisfactory
14.56,87.75,2.69,388.97,231.65,48.1,Good
25.67,88.21,2.97,606.59,685.09,122.2,Moderate
27.98,43.64,0.31,477.76,640.4,81.5,Satisfactory
23.31,95.0,1.39,905.58,1109.82,237.0,Poor
33.4,56.52,1.5,1098.58,1590.47,365.8,Very Poor
32.88,53.91,0.03,479.2,409.37,77.4,Satisfactory
27.71,20.0,0.77,80.0,246.51,10.0,Good
26.38,63.87,0.89,592.48,821.09,105.2,Moderate
27.33,38.5,0.51,419.66,662.71,108.8,Moderate
27.37,65.35,1.33,135.35,112.31,10.0,Good
27.53,37.09,3.6,485.92,569.67,67.1,Satisfactory
26.87,90.36,3.7,361.33,543.9,58.0,Satisfactory
29.51,67.93,5.71,541.22,668.05,146.5,Moderate
32.52,95.0,4.19,1042.43,1109.34,220.4,Poor
20.62,39.59,2.27,1014.37,1215.26,252.5,Poor
21.7,85.89,5.87,364.29,464.33,64.7,Satisfactory
17.51,25.55,0.98,589.1,738.52,142.1,Moderate
33.2,61.75,1.67,767.39,733.16,158.5,Moderate
29.5,46.63,7.82,657.82,769.96,171.0,Moderate
31.03,49.94,0.94,301.08,245.12,25.5,Good
19.42,48.7,0.01,296.26,342.61,30.0,Good
38.71,41.54,1.48,690.49,776.4,151.1,Moderate
24.35,35.33,0.5,654.63,891.47,180.0,Moderate
29.01,50.04,0.21,549.2,833.48,136.5,Moderate
33.13,60.09,3.78,700.81,832.6,162.2,Moderate
22.08,78.95,2.7,477.34,716.22,59.9,Satisfactory
24.72,63.32,4.5,1086.43,1161.87,297.4,Poor
29.08,79.0,9.58,320.23,317.51,52.9,Satisfactory
45.0,31.39,0.75,381.22,366.2,76.1,Satisfactory
29.81,50.21,2.75,519.49,684.8,134.0,Moderate
37.64,70.8,0.41,1064.74,1100.68,230.6,Poor
35.23,64.18,1.99,864.51,967.96,212.7,Poor
30.21,42.5,2.84,744.22,963.95,158.2,Moderate
22.06,74.81,1.49,710.89,852.85,189.7,Moderate
34.36,48.44,0.61,508.38,386.17,44.8,Good
19.01,44.01,0.93,523.66,249.87,12.0,Good
37.61,66.77,0.06,554.62,537.81,41.5,Good
29.2,58.11,1.77,266.15,132.23,10.0,Good
12.1,48.59,6.82,306.04,326.13,30.8,Good
25.96,47.98,0.25,636.02,910.73,151.9,Moderate
31.92,38.74,5.68,1130.62,1376.62,339.5,Very Poor
26.58,50.88,1.2,80.0,411.1,10.0,Good
32.29,77.8,0.06,616.57,874.34,161.0,Moderate
22.9,62.4,3.83,314.39,357.04,31.6,Good
20.16,75.25,1.8,358.28,597.43,98.5,Satisfactory
27.57,67.29,0.36,750.34,872.21,162.2,Moderate
28.19,46.98,0.66,597.41,856.52,154.7,Moderate
25.91,28.32,0.87,183.04,196.47,10.0,Good
35.36,41.32,1.4,748.64,813.59,157.8,Moderate
22.9,45.92,1.99,642.19,524.57,86.4,Satisfactory
29.88,44.53,2.06,555.42,686.9,119.2,Moderate
28.41,75.66,3.49,478.29,518.44,69.5,Satisfactory
18.66,75.47,1.72,337.15,422.59,56.2,Satisfactory
20.09,95.0,2.38,349.71,438.18,75.7,Satisfactory
28.07,44.25,1.8,554.01,662.75,104.0,Moderate
39.89,86.75,0.27,776.4,763.64,147.4,Moderate
31.48,86.64,0.41,750.82,843.44,151.2,Moderate
17.65,53.82,1.64,204.72,447.12,50.8,Satisfactory
12.0,66.52,1.81,406.39,620.79,76.7,Satisfactory
32.4,80.33,1.23,622.13,687.68,105.7,Moderate
27.42,56.94,2.77,556.43,849.36,116.5,Moderate
34.85,55.54,3.16,486.53,551.49,64.6,Satisfactory
22.72,46.71,1.38,80.0,257.58,10.0,Good
30.1,20.0,3.54,789.86,983.39,243.8,Poor
33.08,59.27,1.16,966.21,1164.58,214.9,Poor
25.32,45.22,2.24,380.99,365.85,54.1,Satisfactory
25.44,38.64,1.41,432.67,442.14,29.9,Good
28.15,65.6,3.67,863.68,854.14,181.4,Moderate
31.26,31.88,1.66,612.5,775.83,165.8,Moderate
27.91,72.51,0.38,695.06,1057.26,205.2,Poor
33.84,66.7,2.09,581.24,715.9,84.9,Satisfactory
25.23,50.8,1.22,865.37,884.81,221.8,Poor
20.03,56.86,2.33,299.75,381.85,17.8,Good
39.86,36.58,0.61,639.62,855.7,135.6,Moderate
24.37,71.51,1.33,575.08,906.46,101.4,Moderate
24.59,61.37,0.35,980.46,1121.52,235.4,Poor
27.61,62.71,0.87,919.15,987.77,239.7,Poor
28.4,67.03,1.92,677.11,819.51,180.4,Moderate
25.68,46.44,0.09,389.27,462.04,53.4,Satisfactory
27.9,30.66,1.4,1024.24,1075.62,243.6,Poor
27.76,75.23,0.25,341.47,451.03,20.5,Good
29.05,70.4,1.12,932.07,1062.37,188.4,Moderate
13.86,48.36,0.19,210.84,480.58,16.3,Good
39.29,65.36,8.61,670.58,771.54,101.2,Moderate
27.12,80.64,3.66,298.52,305.21,17.8,Good
31.48,78.5,1.21,640.21,663.6,124.4,Moderate
19.73,47.84,5.64,598.4,687.79,112.9,Moderate
25.17,31.2,0.64,689.64,852.54,170.8,Moderate
23.97,34.29,4.61,841.16,877.32,195.6,Moderate
36.82,52.39,2.38,675.04,525.45,102.4,Moderate
24.49,84.32,0.68,1160.2,1122.74,265.9,Poor
32.55,44.89,2.85,720.87,635.97,159.1,Moderate
24.1,47.27,3.82,478.79,466.33,68.9,Satisfactory
25.28,46.9,1.46,648.61,699.64,108.5,Moderate
26.53,48.43,3.41,86.23,168.75,10.0,Good
35.7,57.8,3.14,743.33,953.68,211.0,Poor
16.66,34.96,2.12,1044.2,1045.4,241.1,Poor
20.11,77.52,0.19,362.26,290.01,21.6,Good
16.32,55.39,2.03,596.33,723.19,83.9,Satisfactory
21.47,95.0,1.42,825.57,1047.05,187.5,Moderate
23.13,36.88,2.66,158.27,349.45,10.0,Good
18.31,86.62,0.4,201.06,546.25,41.3,Good
23.6,83.04,3.51,387.01,643.95,53.4,Satisfactory
15.91,50.59,0.82,80.0,102.93,10.0,Good
21.89,50.89,3.04,985.23,1011.64,213.5,Poor
35.2,41.42,5.77,256.55,195.07,10.0,Good
30.42,41.62,1.79,539.13,620.43,84.5,Satisfactory
29.12,57.99,5.41,265.44,460.66,32.4,Good
21.98,58.37,0.68,549.01,751.85,134.7,Moderate
18.78,29.16,0.51,80.0,266.61,30.7,Good
21.17,95.0,4.32,1201.4,1433.51,272.0,Poor
27.74,53.33,2.68,545.17,486.74,63.9,Satisfactory
33.21,59.18,0.23,1073.72,1145.61,250.5,Poor
33.41,46.73,6.22,484.29,507.86,51.6,Satisfactory
31.78,53.19,1.42,730.26,941.01,201.8,Poor
23.57,51.56,1.56,859.18,861.47,184.4,Moderate
28.15,57.95,6.97,347.37,407.12,38.4,Good
26.07,57.74,5.54,345.57,400.04,18.4,Good
26.79,72.49,5.17,340.14,363.48,51.7,Satisfactory
40.22,62.09,0.68,663.56,703.2,81.9,Satisfactory
17.43,70.68,2.11,516.28,537.36,94.2,Satisfactory
26.59,57.82,2.54,617.23,645.47,105.3,Moderate
35.27,62.16,0.45,987.0,1063.87,221.7,Poor
19.2,53.66,0.24,765.8,991.9,211.4,Poor
24.14,76.06,1.32,570.22,489.35,107.9,Moderate
24.83,63.81,3.47,375.37,405.39,42.3,Good
26.66,55.15,0.0,404.14,697.04,95.7,Satisfactory
18.42,54.62,1.7,697.38,984.74,155.0,Moderate
31.57,56.03,0.3,209.52,478.06,55.9,Satisfactory
32.0,58.55,3.78,298.11,431.06,58.0,Satisfactory
31.05,56.99,2.21,480.35,565.52,88.1,Satisfactory
22.78,47.94,3.85,593.13,667.75,101.7,Moderate
28.52,71.77,2.19,791.04,949.49,192.8,Moderate
22.6,72.91,1.2,615.98,560.6,103.6,Moderate
26.0,90.11,8.7,1022.62,1245.19,276.5,Poor
40.92,47.13,1.35,416.54,719.61,84.1,Satisfactory
28.57,70.0,0.83,509.42,866.94,150.3,Moderate
20.87,23.64,2.86,80.0,247.85,18.7,Good
29.08,72.92,6.52,450.54,550.26,82.1,Satisfactory
19.89,31.78,0.0,209.33,360.1,23.3,Good
20.81,40.28,4.57,272.63,182.5,10.0,Good
21.75,63.98,2.98,183.82,184.4,10.0,Good
25.33,46.81,5.67,931.09,1297.12,276.4,Poor
33.62,44.35,4.83,772.27,814.13,179.0,Moderate
31.47,49.27,2.45,610.57,624.93,95.1,Satisfactory
31.14,71.13,2.91,331.38,486.18,65.4,Satisfactory
21.41,41.21,1.8,906.75,834.75,191.6,Moderate
24.75,57.03,5.88,577.03,579.82,108.5,Moderate
29.63,51.18,0.66,924.1,1237.73,288.3,Poor
24.23,72.76,1.78,646.67,911.38,182.6,Moderate
26.33,73.26,3.48,529.94,588.49,121.4,Moderate
30.65,24.96,3.86,754.67,753.83,205.3,Poor
25.91,76.81,3.87,136.36,325.72,10.0,Good
29.36,47.01,2.68,611.43,350.17,74.0,Satisfactory
37.56,62.25,3.89,719.53,1141.04,197.7,Moderate
26.97,41.1,2.9,517.92,735.83,122.9,Moderate
35.08,64.68,7.01,744.24,604.88,114.1,Moderate
31.36,95.0,0.63,568.12,594.83,111.2,Moderate
19.2,60.29,3.88,400.58,447.42,69.5,Satisfactory
21.39,49.72,1.51,812.2,954.08,184.5,Moderate
23.0,53.82,1.94,411.0,642.69,51.8,Satisfactory
22.87,31.56,7.45,209.44,239.11,28.4,Good
27.46,84.08,7.37,522.14,609.13,92.7,Satisfactory
31.69,63.63,5.87,450.27,503.58,60.2,Satisfactory
35.53,39.12,0.97,572.01,816.44,138.4,Moderate
29.85,39.71,0.85,1075.36,1539.4,353.5,Very Poor
25.33,58.28,0.29,424.78,768.27,64.5,Satisfactory
15.51,74.78,6.31,539.63,658.78,69.9,Satisfactory
28.42,37.28,0.47,908.25,904.2,192.2,Moderate
28.15,78.04,1.23,526.23,700.18,72.3,Satisfactory
29.1,56.35,0.97,889.29,1056.63,198.1,Moderate
40.64,41.26,0.83,892.72,1094.44,233.4,Poor
35.44,49.58,0.08,718.42,812.25,141.3,Moderate
32.71,89.47,1.1,955.01,1175.42,278.9,Poor
22.23,33.01,2.11,1105.6,1342.62,327.3,Very Poor
24.92,44.83,0.36,494.16,456.59,67.8,Satisfactory
27.43,75.15,0.69,667.21,764.25,139.9,Moderate
23.35,61.9,5.56,327.16,483.78,66.7,Satisfactory
31.0,43.76,0.54,245.56,411.85,22.0,Good
30.14,75.37,1.59,913.03,842.68,201.5,Poor
21.47,76.22,1.7,530.96,682.33,108.6,Moderate
35.18,63.97,0.71,334.19,494.15,76.4,Satisfactory
28.61,46.98,4.28,840.04,1131.81,197.8,Moderate
17.63,49.75,5.37,630.12,1091.47,192.1,Moderate
27.69,63.12,0.23,256.99,383.11,49.8,Good
29.69,34.39,0.95,717.68,817.67,145.1,Moderate
33.84,81.9,0.64,727.25,892.99,161.5,Moderate
25.98,88.6,1.24,585.29,766.55,125.1,Moderate
32.97,53.75,1.71,564.88,462.72,68.6,Satisfactory
29.12,64.41,0.1,565.2,716.1,124.4,Moderate
20.11,79.34,1.7,247.54,220.54,10.3,Good
19.51,93.2,7.42,223.03,363.59,47.7,Good
34.74,86.03,4.95,276.52,507.47,30.8,Good
35.18,26.76,2.09,783.28,926.85,182.5,Moderate
29.94,52.32,0.14,563.59,704.62,86.4,Satisfactory
36.97,67.01,3.76,610.75,1037.62,190.6,Moderate
34.34,49.1,1.07,818.06,692.64,146.4,Moderate
32.1,90.09,4.59,436.9,497.92,68.4,Satisfactory
22.53,87.33,3.98,622.25,777.95,111.4,Moderate
38.39,43.31,1.23,730.53,1022.21,158.2,Moderate
31.22,55.08,1.56,422.26,352.33,38.5,Good
25.68,44.51,0.66,560.71,670.02,126.7,Moderate
23.99,54.49,0.16,714.41,671.48,125.1,Moderate
29.54,53.94,1.67,485.65,448.52,65.8,Satisfactory
17.97,75.18,3.27,759.84,661.51,138.5,Moderate
32.2,42.01,1.88,914.33,1287.65,287.8,Poor
22.28,20.0,1.48,210.39,473.02,53.1,Satisfactory
30.22,29.12,2.89,800.43,1156.14,215.2,Poor
24.87,39.49,1.43,415.84,419.89,97.2,Satisfactory
26.41,46.2,2.09,388.76,551.35,89.5,Satisfactory
23.46,61.37,1.17,452.78,668.31,124.6,Moderate
27.03,38.56,1.63,399.09,597.05,66.9,Satisfactory
39.34,36.2,0.33,654.86,913.63,153.7,Moderate
36.31,41.27,0.78,1124.71,1565.89,337.6,Very Poor
30.13,37.92,7.24,583.05,522.71,52.1,Satisfactory
27.85,48.02,0.27,587.47,610.0,75.6,Satisfactory
33.07,47.25,7.66,613.25,774.77,127.9,Moderate
34.78,70.4,2.01,469.17,656.4,125.1,Moderate
23.02,40.19,0.15,351.48,430.82,34.5,Good
27.54,51.56,3.86,400.95,466.76,80.0,Satisfactory
17.07,48.19,0.25,753.66,837.24,198.8,Moderate
34.74,72.56,3.53,396.3,774.38,90.5,Satisfactory
40.39,55.22,2.59,583.55,647.09,93.7,Satisfactory
28.48,76.91,1.87,922.51,1230.01,253.2,Poor
15.25,37.26,2.29,80.0,100.0,10.0,Good
31.65,57.11,2.42,238.59,411.59,69.0,Satisfactory
22.58,47.63,1.37,431.0,279.68,80.3,Satisfactory
24.02,35.93,8.12,316.65,422.44,55.3,Satisfactory
31.76,56.78,5.73,806.5,953.46,166.9,Moderate
29.53,89.19,3.72,847.32,1003.35,215.4,Poor
25.07,42.65,1.18,593.7,871.94,155.8,Moderate
24.1,55.71,1.05,832.49,1011.08,203.6,Poor
28.76,34.38,2.4,297.88,403.52,28.6,Good
25.54,31.73,1.06,928.07,1066.23,259.0,Poor
21.34,43.83,1.39,837.18,865.39,197.8,Moderate
26.0,49.9,3.79,359.39,482.01,69.3,Satisfactory
30.04,50.7,5.92,883.86,1112.35,237.7,Poor
26.93,53.93,2.46,209.93,190.22,10.0,Good
19.52,28.33,2.15,763.91,819.52,160.7,Moderate
33.93,46.73,0.14,476.79,581.91,51.2,Satisfactory
12.0,67.03,3.62,746.54,1058.11,182.8,Moderate
25.32,33.55,4.0,674.81,746.28,129.3,Moderate
24.28,51.61,4.87,892.44,1227.56,263.1,Poor
28.89,63.27,12.58,585.45,527.59,104.9,Moderate
31.37,43.92,1.01,787.42,936.8,234.6,Poor
34.76,64.15,6.62,326.29,216.54,10.0,Good
23.73,30.62,6.07,546.88,528.12,107.7,Moderate
31.52,73.99,2.19,618.7,628.98,113.3,Moderate
29.17,64.58,0.25,579.66,678.23,90.1,Satisfactory
17.73,59.0,5.47,262.36,392.73,19.0,Good
39.4,78.25,6.8,747.18,855.77,164.3,Moderate
19.37,52.07,0.41,734.8,817.92,181.4,Moderate
30.52,46.88,3.33,905.67,1103.46,200.4,Poor
30.34,82.71,2.03,261.66,411.21,62.7,Satisfactory
29.65,91.13,1.92,312.05,431.79,69.9,Satisfactory
25.03,45.52,0.15,188.0,322.02,24.3,Good
32.96,55.95,5.35,1132.69,1291.83,266.9,Poor
18.64,76.81,1.19,847.88,1123.4,256.5,Poor
27.61,56.59,9.06,330.96,199.54,14.7,Good
24.62,68.7,1.49,444.01,721.26,49.5,Good
23.94,72.05,1.02,932.96,1065.09,215.5,Poor
30.57,47.88,1.16,446.24,544.42,68.1,Satisfactory
34.46,65.55,1.57,439.62,619.62,76.8,Satisfactory
25.94,57.89,1.53,532.73,703.16,100.7,Moderate
32.68,36.1,5.37,680.89,1051.03,180.2,Moderate
28.3,40.19,1.51,745.36,734.39,132.2,Moderate
22.64,46.26,6.15,250.78,307.63,10.0,Good
26.45,74.71,5.26,372.47,397.87,51.4,Satisfactory
26.2,75.3,4.66,536.79,516.05,54.9,Satisfactory
23.82,71.5,3.95,265.43,418.35,69.7,Satisfactory
30.57,65.92,0.5,427.56,651.38,72.2,Satisfactory
29.41,65.43,4.2,575.22,586.83,113.1,Moderate
18.46,63.0,5.27,539.21,684.88,118.6,Moderate
18.09,65.34,6.47,810.12,1000.05,248.0,Poor
30.55,66.56,0.17,480.61,746.33,84.9,Satisfactory
23.11,32.72,5.05,281.66,282.61,65.8,Satisfactory
29.81,43.78,0.18,867.87,972.39,250.1,Poor
32.69,39.48,3.5,295.75,428.21,17.0,Good
20.37,77.93,2.97,498.02,765.8,122.0,Moderate
19.53,87.77,0.66,422.35,559.91,96.8,Satisfactory
38.05,20.0,2.15,767.83,947.05,187.6,Moderate
30.11,86.17,1.72,1182.69,1399.03,355.0,Very Poor
25.48,59.56,3.14,417.13,466.77,38.2,Good
22.4,76.23,2.06,452.07,532.98,55.6,Satisfactory
24.94,67.12,2.75,393.87,373.42,42.3,Good
20.86,83.93,1.42,1229.9,1268.85,333.7,Very Poor
33.3,61.78,11.63,540.94,717.71,117.8,Moderate
23.34,33.46,2.82,182.66,412.35,11.3,Good
34.56,56.1,1.17,762.47,718.33,149.8,Moderate
25.6,67.28,1.09,364.61,686.74,83.0,Satisfactory
21.74,54.11,4.01,268.93,330.21,26.5,Good
25.44,69.84,16.37,940.15,965.66,206.3,Poor
12.25,56.82,5.77,481.35,643.16,103.8,Moderate
27.28,47.28,1.94,312.11,308.88,10.3,Good
26.98,38.45,0.14,696.24,817.89,160.1,Moderate
32.95,50.95,0.71,474.14,520.65,55.2,Satisfactory
16.68,61.68,0.98,309.58,401.16,23.4,Good
34.97,22.73,0.12,499.21,735.21,80.0,Satisfactory
32.92,43.96,1.61,297.58,134.65,18.4,Good
35.51,22.06,3.57,477.7,425.4,66.7,Satisfactory
27.68,46.89,1.28,272.52,490.72,66.7,Satisfactory
34.08,79.55,4.4,520.08,747.2,131.9,Moderate
19.17,36.65,1.07,405.51,245.01,35.5,Good
32.28,70.66,0.3,462.27,781.51,97.2,Satisfactory
23.37,95.0,0.86,804.78,1187.06,227.5,Poor
18.09,84.16,0.74,588.56,635.0,122.9,Moderate
21.26,60.4,0.19,249.81,326.98,10.0,Good
28.03,73.45,0.54,1020.67,1270.59,273.1,Poor
23.05,33.35,0.08,788.13,892.59,172.2,Moderate
30.26,29.68,0.07,1014.47,1067.09,256.7,Poor
17.15,58.52,1.25,871.64,1042.65,227.8,Poor
15.24,65.17,0.96,509.02,594.67,122.0,Moderate
36.23,77.7,9.75,510.07,518.46,56.6,Satisfactory
33.42,47.76,0.57,1165.94,1295.1,330.4,Very Poor
21.7,61.48,1.15,640.08,955.77,153.5,Moderate
27.98,60.86,2.33,671.15,668.9,147.1,Moderate
34.12,55.63,4.69,1121.56,1338.25,292.5,Poor
30.52,56.7,6.27,641.79,602.18,92.3,Satisfactory
28.89,42.62,2.36,641.15,698.88,126.9,Moderate
34.57,63.03,1.64,248.15,438.54,42.7,Good
23.62,61.51,0.8,444.96,556.68,63.6,Satisfactory
28.19,50.08,2.07,453.03,379.2,37.2,Good
27.89,69.98,5.85,698.25,764.54,146.6,Moderate
26.36,76.5,1.99,891.59,919.02,151.1,Moderate
25.66,70.19,2.89,262.19,193.91,10.0,Good
28.44,39.24,4.2,234.67,243.72,23.1,Good
28.21,59.79,2.67,243.65,378.63,27.1,Good
21.71,41.59,3.15,690.13,856.49,174.2,Moderate
32.81,59.74,2.59,519.85,507.23,31.3,Good
22.14,41.66,0.5,573.45,572.03,108.9,Moderate
26.69,80.99,2.12,376.12,674.06,54.5,Satisfactory
26.23,72.1,2.36,709.57,961.57,193.4,Moderate
30.15,78.75,0.81,667.46,620.15,88.9,Satisfactory
15.29,76.93,2.25,357.26,508.15,46.5,Good
33.35,53.13,1.24,735.58,759.33,128.4,Moderate
23.94,50.34,7.35,634.04,525.28,117.8,Moderate
35.32,89.35,5.18,627.31,791.54,132.5,Moderate
25.13,55.03,2.21,80.0,184.21,10.0,Good
27.71,33.62,5.39,175.05,265.78,15.5,Good
39.48,76.13,0.22,1159.87,1527.77,321.1,Very Poor
26.34,60.59,0.09,887.41,1162.43,281.6,Poor
35.43,85.11,4.42,1147.33,1301.07,298.3,Poor
28.23,62.37,3.01,391.77,343.17,54.9,Satisfactory
30.49,57.64,2.75,878.81,904.79,156.4,Moderate
28.42,85.47,0.86,799.84,1024.7,257.6,Poor
33.09,30.31,0.16,332.19,254.78,55.6,Satisfactory
23.89,47.46,2.73,486.56,417.64,106.9,Moderate
22.1,42.03,0.3,943.67,1390.64,305.4,Very Poor
24.17,20.0,3.22,947.16,889.47,220.2,Poor
28.6,73.72,0.38,424.58,427.03,54.7,Satisfactory
26.68,47.97,2.27,398.72,372.8,24.2,Good
32.26,74.3,0.47,902.52,1066.36,244.8,Poor
35.83,65.0,4.07,522.96,766.28,121.6,Moderate
22.14,68.93,2.62,345.32,251.07,31.2,Good
23.6,49.8,2.06,991.66,1108.48,227.7,Poor
19.38,44.24,0.59,433.76,546.13,66.7,Satisfactory
40.18,59.62,0.2,609.1,728.29,132.5,Moderate
29.83,74.55,2.75,501.12,354.87,57.6,Satisfactory
30.88,57.09,0.89,887.56,1040.88,210.3,Poor
19.96,45.37,1.92,195.32,358.93,27.2,Good
27.99,36.42,1.8,1202.92,1115.15,317.8,Very Poor
31.06,61.67,1.68,996.58,1277.34,260.9,Poor
26.48,48.03,1.71,725.1,621.32,148.3,Moderate
34.45,56.71,0.48,429.56,639.21,57.9,Satisfactory
41.87,53.7,3.43,312.33,160.54,10.0,Good
22.32,50.0,3.32,234.44,291.34,21.9,Good
21.87,63.29,0.77,188.88,323.61,10.0,Good
22.73,67.98,0.6,1199.0,1254.22,336.4,Very Poor
37.64,93.38,2.6,1066.62,1465.21,298.2,Poor
34.25,71.64,0.33,760.94,775.24,183.4,Moderate
27.19,86.69,2.63,591.19,726.83,107.3,Moderate
28.22,43.27,6.54,514.95,547.72,109.0,Moderate
23.1,29.18,3.39,240.53,317.34,10.0,Good
33.34,57.74,6.85,581.87,1078.7,184.3,Moderate
25.72,73.44,1.94,368.25,359.83,53.5,Satisfactory
26.44,70.62,1.93,326.96,627.54,79.8,Satisfactory
31.65,79.8,2.17,802.86,883.79,154.8,Moderate
26.87,20.0,2.89,312.11,502.19,90.1,Satisfactory
26.59,80.55,2.73,153.82,145.86,33.6,Good
28.06,64.04,0.63,600.56,613.76,97.3,Satisfactory
32.77,30.21,1.76,1201.23,1510.43,373.6,Very Poor
37.88,71.02,5.08,498.83,597.07,101.5,Moderate
31.51,61.05,0.46,860.14,988.0,175.2,Moderate
32.82,64.86,1.81,1021.92,1301.53,302.7,Very Poor
26.8,75.98,1.71,547.19,791.04,96.3,Satisfactory
23.75,65.74,1.95,139.69,170.9,10.0,Good
31.92,31.49,0.84,761.17,684.38,144.8,Moderate
29.03,55.43,1.65,369.06,380.95,33.2,Good
19.46,28.88,0.7,1053.16,1279.5,340.7,Very Poor
26.03,69.68,6.55,840.98,1022.57,223.3,Poor
27.5,83.16,4.2,1093.71,1308.62,290.2,Poor
24.94,35.65,4.39,807.21,998.81,178.9,Moderate
36.89,45.91,8.48,362.33,324.85,10.0,Good
30.88,42.12,3.31,620.16,681.63,108.8,Moderate
36.24,49.83,3.33,528.66,655.38,82.1,Satisfactory
29.58,65.42,0.31,1003.96,1185.77,259.7,Poor
28.49,50.02,2.25,250.01,328.59,27.9,Good
22.38,69.75,11.47,778.16,849.64,151.0,Moderate
28.07,77.18,3.61,943.23,1076.68,257.1,Poor
28.08,77.83,3.36,696.87,891.38,173.7,Moderate
19.8,37.87,4.69,581.22,621.45,128.6,Moderate
24.76,82.95,0.08,533.12,530.13,52.9,Satisfactory
26.06,84.39,0.9,939.87,1025.53,257.2,Poor
30.48,85.95,1.37,322.48,250.34,17.9,Good
30.77,55.16,3.74,657.59,814.07,136.4,Moderate
24.51,44.47,0.25,633.33,478.2,105.7,Moderate
30.81,40.28,1.24,414.74,125.8,10.0,Good
26.91,38.17,1.82,495.29,260.84,72.4,Satisfactory
12.0,58.21,4.08,300.2,257.42,10.0,Good
25.09,73.26,0.99,309.11,384.31,29.9,Good
34.47,81.52,1.44,1059.17,1451.55,327.4,Very Poor
17.91,49.26,0.39,699.91,630.84,107.8,Moderate
28.68,57.3,1.36,816.61,1131.58,183.5,Moderate
37.51,56.12,2.05,263.29,418.66,30.4,Good
23.44,46.56,0.21,324.16,287.79,35.6,Good
28.01,71.24,6.5,473.05,725.34,82.5,Satisfactory
20.18,64.53,1.55,618.75,517.55,125.8,Moderate
37.76,60.55,0.94,487.55,743.82,110.4,Moderate
27.5,64.45,1.91,565.01,759.5,100.7,Moderate
28.28,69.08,5.06,473.04,538.2,94.6,Satisfactory
36.13,68.9,3.11,110.7,228.12,10.0,Good
31.97,42.91,1.73,318.24,473.51,40.9,Good
22.75,74.13,2.54,794.05,881.26,181.3,Moderate
24.12,62.6,3.99,947.85,1166.58,293.9,Poor
30.97,50.18,5.08,592.87,555.66,41.5,Good
24.26,62.22,1.89,176.57,164.23,10.0,Good
15.3,64.2,1.09,500.58,803.56,75.8,Satisfactory
27.68,77.47,1.74,346.33,516.67,41.8,Good
19.12,39.17,4.09,274.84,107.03,10.0,Good
37.7,81.85,1.61,846.45,965.27,201.9,Poor
29.06,58.42,0.85,810.99,995.74,230.2,Poor
22.57,48.89,0.12,572.49,869.17,121.7,Moderate
23.81,48.34,2.04,531.41,727.28,125.3,Moderate
16.66,39.98,0.08,165.81,355.53,62.8,Satisfactory
21.4,26.66,0.48,651.4,701.67,168.4,Moderate
34.1,70.19,0.92,360.62,471.19,40.6,Good
41.39,93.66,4.18,387.25,514.18,46.2,Good
32.36,28.88,0.48,328.63,600.24,84.3,Satisfactory
27.45,40.89,0.86,681.21,901.89,168.1,Moderate
25.41,71.53,3.58,385.9,501.08,76.9,Satisfactory
22.26,57.18,1.18,278.96,504.61,82.3,Satisfactory
40.36,73.02,1.96,426.5,662.31,120.5,Moderate
26.87,56.17,0.24,659.34,808.01,152.8,Moderate
40.69,47.55,0.34,494.2,410.2,68.5,Satisfactory
36.36,53.93,1.68,176.92,237.05,10.0,Good
17.56,20.0,1.93,424.6,130.4,32.0,Good
24.0,37.42,2.14,817.23,932.59,208.6,Poor
23.99,75.07,4.94,277.91,523.59,39.5,Good
27.52,79.45,0.84,1056.37,1349.23,299.0,Poor
27.64,83.31,0.16,446.77,759.62,104.3,Moderate
45.0,65.94,3.67,661.38,704.26,111.1,Moderate
21.54,20.0,2.25,411.47,577.06,72.7,Satisfactory
29.37,46.57,3.44,807.41,684.34,166.4,Moderate
31.7,81.84,2.25,293.37,345.64,11.3,Good
27.99,87.21,0.95,767.68,949.58,207.4,Poor
28.66,82.53,0.95,654.98,849.71,113.9,Moderate
21.73,53.75,0.72,784.49,820.41,122.5,Moderate
28.64,34.48,5.64,948.63,1013.0,216.8,Poor
31.07,57.27,10.22,775.73,895.04,190.4,Moderate
29.97,58.27,3.08,375.73,470.11,54.3,Satisfactory
31.42,86.18,1.36,1133.26,1396.63,340.6,Very Poor
36.48,62.1,0.8,775.35,649.51,135.7,Moderate
33.62,58.3,2.64,554.59,633.17,87.2,Satisfactory
28.43,59.32,0.25,518.63,660.35,87.0,Satisfactory
20.97,65.2,2.98,795.28,940.56,151.7,Moderate
24.4,69.28,0.74,900.22,875.59,211.5,Poor
26.68,44.96,6.9,324.51,405.64,56.9,Satisfactory
29.51,38.96,3.76,466.69,434.7,98.1,Satisfactory
25.13,82.67,0.2,534.1,783.01,111.4,Moderate
22.39,28.46,4.35,599.82,677.95,129.3,Moderate
20.87,87.48,0.72,541.63,735.17,148.8,Moderate
18.09,23.61,4.27,715.2,1122.51,211.8,Poor
26.59,47.48,1.66,968.88,1066.21,194.8,Moderate
19.18,75.49,1.78,1106.16,1204.69,282.2,Poor
22.0,58.01,1.94,324.52,690.13,68.3,Satisfactory
25.64,34.3,1.67,905.57,1191.15,192.8,Moderate
19.98,65.68,0.46,888.31,1287.34,280.5,Poor
30.28,59.21,6.92,303.75,375.4,46.1,Good
32.44,54.11,3.06,424.68,414.19,57.1,Satisfactory
24.7,46.77,0.31,930.13,1095.67,207.6,Poor
25.38,57.38,0.87,293.52,387.72,10.0,Good
31.22,47.53,6.99,310.28,589.87,71.1,Satisfactory
23.72,95.0,0.19,346.69,248.98,67.0,Satisfactory
23.3,53.68,2.96,674.86,747.11,142.0,Moderate
35.18,51.27,0.41,994.66,1270.18,271.2,Poor
33.31,48.25,0.7,407.39,371.06,38.1,Good
31.61,89.99,1.67,686.9,886.27,152.9,Moderate
33.55,28.5,2.71,712.42,963.74,185.1,Moderate
16.14,64.47,2.0,296.52,345.99,22.1,Good
36.12,53.69,6.74,967.91,1115.28,227.8,Poor
30.35,32.38,3.39,213.93,422.87,39.6,Good
34.06,43.26,5.21,994.32,1068.55,275.6,Poor
30.32,63.71,1.57,580.87,717.46,111.5,Moderate
28.29,42.44,3.61,684.16,776.79,182.8,Moderate
26.35,62.67,5.26,623.06,750.62,122.0,Moderate
30.2,89.12,2.48,476.05,580.76,61.7,Satisfactory
26.13,61.07,2.4,923.31,1146.77,271.2,Poor
33.21,31.84,2.91,358.49,553.87,64.5,Satisfactory
18.48,42.76,2.89,572.77,880.04,148.8,Moderate
24.75,52.86,2.53,535.17,688.51,120.4,Moderate
40.27,51.66,4.05,614.7,662.63,181.0,Moderate
24.24,60.74,1.54,113.83,284.78,10.0,Good
26.57,63.62,6.34,556.24,629.83,85.7,Satisfactory
22.7,89.15,0.04,276.66,438.03,26.3,Good
30.02,57.93,3.54,436.89,545.69,53.4,Satisfactory
23.58,37.26,6.04,326.69,479.47,72.5,Satisfactory
26.89,78.77,0.85,1099.82,1323.3,295.4,Poor
33.09,80.73,1.14,1169.43,1395.9,358.6,Very Poor
23.81,62.18,6.45,212.49,213.58,48.9,Good
32.73,53.56,3.52,533.16,819.97,133.7,Moderate
32.93,69.21,3.75,933.17,1040.22,228.4,Poor
34.33,54.2,1.45,635.15,879.08,126.4,Moderate
28.84,21.0,1.32,842.75,943.56,214.6,Poor
45.0,68.14,1.45,954.78,1057.56,239.7,Poor
34.33,74.06,1.28,402.06,396.41,58.4,Satisfactory
29.95,83.94,1.48,571.04,770.57,81.6,Satisfactory
22.74,44.85,3.18,711.23,1040.37,185.5,Moderate
27.42,62.07,1.22,480.66,577.74,65.0,Satisfactory
36.56,62.46,0.42,879.62,982.11,158.6,Moderate
38.26,59.54,5.77,743.85,716.93,128.7,Moderate
36.87,60.07,0.84,433.33,574.73,69.9,Satisfactory
32.71,58.67,1.14,587.06,583.7,104.5,Moderate
20.47,61.81,0.23,508.36,672.08,105.2,Moderate
30.92,71.33,2.43,541.54,595.38,93.0,Satisfactory
20.55,79.97,0.8,1191.76,1440.85,339.8,Very Poor
19.08,44.39,0.4,685.25,913.9,142.3,Moderate
29.43,54.9,4.39,708.36,845.11,170.1,Moderate
31.14,50.39,8.04,443.68,624.39,107.0,Moderate
33.42,47.82,0.97,278.89,420.5,51.8,Satisfactory
30.98,28.91,3.56,676.08,635.89,122.4,Moderate
31.19,58.44,2.62,406.5,340.64,58.6,Satisfactory
22.09,66.63,2.17,254.08,290.3,20.9,Good
27.37,55.21,0.37,811.25,914.42,240.6,Poor
18.96,57.84,2.39,233.0,546.9,36.3,Good
15.98,65.53,3.7,415.12,693.07,117.5,Moderate
32.44,83.4,9.92,958.21,955.1,235.6,Poor
23.48,50.44,0.06,117.78,100.0,10.0,Good
33.23,36.91,3.51,251.59,383.99,44.9,Good
34.65,56.37,2.17,437.37,569.56,46.2,Good
24.28,91.9,1.5,851.08,880.74,206.1,Poor
31.54,37.1,5.82,729.93,573.01,91.2,Satisfactory
24.03,69.7,0.94,998.91,1231.38,283.5,Poor
16.92,78.84,7.9,267.94,154.23,23.3,Good
28.74,20.0,0.04,666.91,679.34,131.1,Moderate
25.17,65.38,1.26,680.3,870.66,168.7,Moderate
25.36,68.86,4.47,1049.88,1131.73,237.6,Poor
39.85,53.19,2.28,1173.43,1163.32,298.0,Poor
18.84,46.36,0.8,639.42,881.16,115.8,Moderate
30.3,47.37,1.01,906.41,983.18,213.0,Poor
22.03,52.09,2.99,445.33,494.81,47.7,Good
33.45,52.56,0.67,483.74,616.58,95.5,Satisfactory
29.79,49.17,6.59,389.77,228.33,45.4,Good
30.28,51.8,1.73,563.33,511.86,58.5,Satisfactory
22.33,79.43,1.55,308.64,285.0,49.5,Good
23.41,36.14,2.67,344.25,572.1,81.1,Satisfactory
33.56,26.52,0.24,650.21,955.23,135.4,Moderate
38.62,79.72,2.3,700.22,996.97,166.1,Moderate
30.88,54.54,11.14,358.9,429.53,24.5,Good
22.62,51.01,1.67,923.95,1021.31,225.9,Poor
30.03,56.0,2.21,532.41,596.4,75.4,Satisfactory
42.56,61.77,3.93,493.35,543.44,76.5,Satisfactory
28.61,48.57,2.27,420.62,651.12,98.5,Satisfactory
36.77,67.11,1.47,990.28,1223.95,270.9,Poor
23.56,40.68,4.33,340.5,424.78,10.0,Good
27.75,52.57,0.66,572.18,791.45,68.7,Satisfactory
31.72,20.0,6.3,410.82,521.48,65.7,Satisfactory
30.38,79.1,4.87,605.63,800.12,101.8,Moderate
23.4,54.83,4.22,362.14,470.32,32.1,Good
23.14,70.06,2.79,954.16,952.89,227.7,Poor
33.93,66.58,3.46,396.04,601.7,96.4,Satisfactory
35.15,67.9,3.45,440.63,522.83,73.3,Satisfactory
37.07,57.86,2.52,375.19,557.65,56.5,Satisfactory
38.82,64.99,0.95,362.86,477.86,55.9,Satisfactory
28.81,40.7,3.55,582.44,638.8,93.6,Satisfactory
26.13,36.92,0.35,404.52,528.79,73.9,Satisfactory
36.11,56.18,0.48,436.61,460.76,65.2,Satisfactory
32.28,45.76,6.59,461.2,697.18,95.3,Satisfactory
22.11,83.66,0.46,264.74,279.86,34.5,Good
21.8,64.75,5.38,848.1,985.5,205.4,Poor
30.95,45.1,0.44,186.29,120.46,10.0,Good
26.94,53.11,1.58,636.19,980.73,172.7,Moderate
27.84,60.39,1.76,1080.3,1266.39,298.9,Poor
34.44,56.78,0.2,643.91,475.15,103.8,Moderate
32.55,62.89,3.17,820.59,938.45,191.2,Moderate
35.98,59.24,0.27,250.9,336.22,24.3,Good
16.41,32.97,0.31,504.38,605.53,104.4,Moderate
29.52,20.0,0.25,659.2,969.52,157.9,Moderate
32.17,51.28,0.04,510.55,530.5,83.6,Satisfactory
18.84,68.09,4.14,735.81,891.39,174.8,Moderate
24.07,51.48,1.0,683.36,700.7,153.7,Moderate
22.96,80.26,1.33,390.23,420.97,49.2,Good
28.13,57.16,1.55,815.11,688.02,139.1,Moderate
37.77,82.43,1.07,240.13,338.42,30.8,Good
40.14,78.73,0.41,471.41,623.18,98.6,Satisfactory
23.11,76.92,0.93,813.67,857.14,170.5,Moderate
31.16,36.34,1.54,885.68,782.0,211.9,Poor
31.35,58.31,0.37,687.96,776.5,117.4,Moderate
30.33,80.01,0.97,1244.46,1128.06,295.4,Poor
30.39,62.9,4.69,434.91,473.98,78.1,Satisfactory
29.82,67.98,0.92,741.29,827.51,107.4,Moderate
38.13,33.02,2.7,697.62,645.85,124.3,Moderate
34.61,92.54,0.25,684.21,958.28,200.3,Poor
21.64,43.76,3.98,619.16,599.5,94.6,Satisfactory
32.77,22.1,3.27,222.68,427.96,42.2,Good
33.35,51.68,5.84,933.63,1146.65,253.1,Poor
29.89,20.0,5.67,880.47,1015.06,225.3,Poor
34.79,38.47,2.73,1009.05,1286.42,280.4,Poor
29.13,95.0,3.75,270.87,396.79,46.4,Good
29.2,51.16,1.49,1010.84,1303.95,273.8,Poor
28.73,32.3,5.9,939.52,1022.53,285.9,Poor
15.89,58.46,4.23,224.11,257.36,10.0,Good
27.52,41.84,4.3,591.84,552.12,90.1,Satisfactory
23.99,73.56,3.47,612.59,677.6,110.4,Moderate
20.88,41.99,0.33,383.22,363.84,49.7,Good
36.6,62.87,5.54,756.03,1051.23,188.0,Moderate
31.03,37.35,0.18,161.44,406.31,13.0,Good
27.82,95.0,0.11,427.18,441.38,116.0,Moderate
24.61,67.07,6.46,336.94,435.59,29.4,Good
29.78,55.38,1.71,219.7,465.06,37.5,Good
33.95,52.73,5.64,686.52,742.9,140.2,Moderate
23.04,48.04,6.03,334.71,356.56,27.9,Good
27.97,44.3,1.39,440.13,602.9,73.5,Satisfactory
33.21,43.81,2.02,921.3,1195.66,237.1,Poor
16.38,88.21,1.02,556.2,665.84,105.3,Moderate
27.65,48.05,0.86,673.35,888.18,202.0,Poor
25.42,20.0,5.39,716.79,584.21,173.3,Moderate
27.2,37.01,3.89,575.16,759.8,142.1,Moderate
24.99,74.7,2.53,473.58,465.27,67.0,Satisfactory
28.83,53.46,0.71,886.78,1121.28,251.8,Poor
39.54,55.59,2.89,381.28,490.7,65.8,Satisfactory
26.06,79.06,0.24,351.33,320.91,39.6,Good
29.75,44.01,3.55,261.01,499.22,15.2,Good
39.97,69.38,5.08,1112.09,1302.25,265.5,Poor
24.7,45.98,1.29,396.76,533.6,78.4,Satisfactory
38.89,68.37,0.3,822.99,938.24,191.9,Moderate
28.03,50.96,1.64,960.05,1064.23,216.7,Poor
38.69,53.65,1.91,521.91,519.97,85.0,Satisfactory
32.5,72.76,0.35,423.51,686.48,75.6,Satisfactory
29.84,71.46,0.6,162.28,307.82,42.1,Good
27.61,55.02,1.92,1109.11,889.7,206.4,Poor
24.26,49.51,4.72,439.54,505.23,38.3,Good
28.45,86.78,1.74,442.96,590.07,97.5,Satisfactory
33.38,68.61,2.04,505.02,476.17,116.2,Moderate
27.92,50.96,1.69,457.92,490.49,32.2,Good
26.1,46.24,0.74,340.89,480.88,65.9,Satisfactory
26.5,76.45,1.21,801.7,826.47,238.1,Poor
33.95,60.08,1.57,652.19,806.46,102.5,Moderate
35.35,55.06,1.42,461.87,689.37,100.3,Moderate
24.0,60.07,2.61,256.77,314.61,42.0,Good
23.99,64.08,0.2,1341.04,1560.62,399.4,Very Poor
30.28,56.98,4.59,471.08,647.42,105.6,Moderate
37.17,79.67,2.8,1168.61,1210.17,288.0,Poor
34.88,80.67,0.69,975.92,1149.38,215.3,Poor
20.49,67.57,2.55,263.72,421.87,10.0,Good
26.42,82.74,1.8,848.38,1074.69,197.8,Moderate
22.42,58.15,4.8,521.15,552.48,70.3,Satisfactory
26.39,70.43,2.72,297.42,378.48,35.3,Good
37.63,76.08,0.88,258.1,435.02,76.6,Satisfactory
19.46,76.34,0.42,579.98,808.12,131.2,Moderate
18.29,74.49,1.06,649.62,762.02,135.3,Moderate
23.03,69.36,1.66,868.82,855.24,214.4,Poor
29.72,93.23,1.09,334.83,407.33,65.4,Satisfactory
31.72,48.29,0.63,850.11,846.96,181.8,Moderate
30.62,55.21,0.0,735.57,900.44,149.7,Moderate
35.05,54.14,3.7,555.67,580.36,49.3,Good
17.42,51.37,0.71,80.0,195.13,10.0,Good
35.13,22.2,0.79,363.24,473.94,114.1,Moderate
26.13,82.75,0.65,473.6,468.0,40.9,Good
32.39,39.53,2.21,947.29,1216.16,313.4,Very Poor
20.06,61.06,2.75,494.61,491.89,63.5,Satisfactory
28.03,32.41,0.85,562.6,588.77,100.1,Moderate
29.42,69.17,1.73,1213.46,1364.82,360.6,Very Poor
34.93,43.86,0.92,513.95,509.82,56.2,Satisfactory
18.49,37.55,3.71,643.71,589.63,100.1,Moderate
28.18,61.5,2.41,1256.95,1391.74,362.6,Very Poor
21.49,45.39,0.04,512.63,570.12,99.8,Satisfactory
31.03,47.67,2.66,90.08,308.84,21.7,Good
32.66,61.09,1.85,252.98,472.63,40.6,Good
35.72,72.4,0.57,381.84,529.52,36.7,Good
24.79,43.27,0.47,688.78,1023.68,197.0,Moderate
33.56,40.16,3.34,397.99,513.92,33.1,Good
36.17,58.42,3.54,807.87,893.83,148.7,Moderate
18.14,67.71,1.96,175.37,260.51,10.0,Good
31.67,84.33,0.87,636.4,651.67,103.3,Moderate
33.75,38.72,0.59,865.45,1158.13,245.3,Poor
26.45,52.28,0.63,186.01,357.76,39.2,Good
20.74,79.16,1.12,195.08,122.88,10.0,Good
33.66,93.52,4.28,587.18,883.36,113.2,Moderate
20.8,40.12,0.11,296.53,380.14,24.0,Good
26.93,44.7,1.67,681.65,895.73,173.4,Moderate
27.76,64.86,1.13,422.66,472.81,43.0,Good
32.29,47.6,2.45,448.61,446.97,37.6,Good
24.24,44.33,0.43,677.32,769.58,108.1,Moderate
23.89,62.4,1.3,476.75,446.22,78.7,Satisfactory
28.59,85.89,3.47,453.05,802.41,64.2,Satisfactory
34.04,34.43,1.98,688.05,911.19,178.7,Moderate
41.72,84.97,0.94,641.59,784.78,132.8,Moderate
18.96,47.65,0.55,852.23,1122.64,251.3,Poor
29.89,64.22,5.21,308.79,379.43,47.5,Good
21.48,86.64,0.24,211.18,272.53,20.9,Good
34.11,63.86,1.93,487.73,638.33,99.6,Satisfactory
22.37,52.65,1.44,247.94,216.45,10.0,Good
23.95,70.93,4.21,683.86,713.37,143.5,Moderate
24.46,54.88,4.38,433.96,474.46,29.7,Good
27.54,67.38,1.79,122.44,196.62,30.7,Good
29.94,54.32,2.53,564.22,696.06,90.3,Satisfactory
30.9,73.5,0.35,536.92,671.02,89.4,Satisfactory
27.97,32.9,1.3,284.75,515.22,43.1,Good
20.02,39.76,0.74,714.28,795.21,188.9,Moderate
32.37,32.64,5.28,768.47,1096.15,199.0,Moderate
27.68,56.98,4.85,912.14,1280.4,277.1,Poor
34.97,30.47,0.36,298.39,405.33,66.8,Satisfactory
23.75,45.55,0.33,453.83,511.51,125.1,Moderate
18.39,38.06,1.37,118.69,316.07,56.0,Satisfactory
27.8,84.63,6.01,131.29,374.57,16.8,Good
35.78,40.17,1.01,771.98,927.32,155.7,Moderate
28.97,34.84,9.66,992.13,993.88,221.8,Poor
26.8,62.47,0.26,442.54,522.82,104.0,Moderate
22.78,88.36,0.7,487.03,714.14,102.1,Moderate
38.55,55.91,0.35,895.61,995.37,190.5,Moderate
21.82,57.3,1.82,753.21,1044.08,182.1,Moderate
23.65,81.23,0.98,307.54,192.64,10.5,Good
31.42,73.81,5.55,481.28,719.55,102.3,Moderate
16.86,65.66,0.88,123.11,291.24,19.1,Good
35.65,47.52,3.6,413.7,437.8,74.0,Satisfactory
31.75,66.21,0.38,445.72,494.81,92.0,Satisfactory
33.4,33.51,1.21,403.32,403.74,65.2,Satisfactory
31.35,46.77,0.07,474.16,480.08,57.0,Satisfactory
27.03,83.77,6.09,810.85,918.95,179.8,Moderate
21.62,81.44,1.37,504.44,751.43,125.2,Moderate
27.16,65.87,3.57,177.57,206.65,46.2,Good
22.15,23.27,0.15,455.24,564.73,120.8,Moderate
30.92,36.25,0.22,594.68,879.79,126.8,Moderate
32.84,45.77,0.4,285.62,430.13,79.7,Satisfactory
36.86,54.91,0.78,824.5,982.11,172.1,Moderate
30.23,35.49,4.33,449.28,215.13,69.6,Satisfactory
33.55,53.57,0.93,308.29,323.77,51.2,Satisfactory
26.22,89.81,2.68,149.1,172.57,24.9,Good
25.13,65.22,7.34,370.25,541.02,41.9,Good
30.84,61.94,1.15,191.78,285.75,10.0,Good
25.68,39.68,0.19,256.86,367.66,42.1,Good
29.62,28.5,0.41,925.51,864.31,211.9,Poor
21.63,35.89,2.93,621.45,866.9,165.0,Moderate
22.71,27.77,0.75,513.15,495.01,52.0,Satisfactory
31.81,59.35,0.15,1029.08,1048.68,262.9,Poor
33.32,64.91,12.91,823.29,1010.67,178.6,Moderate
22.09,40.62,4.63,169.48,113.64,10.0,Good
32.02,60.66,0.53,343.93,445.34,46.9,Good
24.8,84.44,9.09,80.0,161.88,10.0,Good
28.1,93.24,10.92,241.49,172.35,16.6,Good
36.5,71.87,7.69,830.18,855.38,192.5,Moderate
32.84,54.85,1.19,1105.4,1343.58,275.4,Poor
32.78,71.29,1.53,1134.72,1279.62,341.0,Very Poor
39.45,82.33,2.8,1135.13,1358.98,317.2,Very Poor
23.78,21.87,0.63,497.2,605.37,96.1,Satisfactory
22.08,84.68,4.31,346.7,482.01,71.5,Satisfactory
23.67,48.2,2.3,232.22,254.38,10.0,Good
26.47,48.37,4.2,994.21,1318.46,300.6,Very Poor
13.87,51.61,0.95,583.08,391.83,84.3,Satisfactory
26.76,63.76,2.12,423.74,450.67,80.6,Satisfactory
24.73,38.0,0.29,725.19,891.17,155.7,Moderate
32.7,52.87,0.84,442.82,291.29,50.8,Satisfactory
30.11,67.45,1.06,842.68,883.34,224.4,Poor
24.4,61.93,2.92,391.43,568.53,57.0,Satisfactory
31.54,64.85,3.95,211.45,263.2,10.0,Good
32.34,52.17,0.38,256.41,419.73,15.8,Good
23.39,70.49,5.21,379.97,455.15,87.3,Satisfactory
25.04,77.02,2.58,614.66,809.47,146.8,Moderate
14.65,75.94,3.16,319.11,427.5,41.4,Good
21.46,65.7,3.92,933.8,996.49,220.6,Poor
23.55,74.9,0.5,1282.16,1528.38,364.4,Very Poor
28.44,73.68,5.13,436.43,742.17,107.7,Moderate
22.33,95.0,0.76,362.81,598.36,107.2,Moderate
24.92,79.93,1.45,966.92,1296.25,258.0,Poor
20.65,56.4,1.2,195.52,179.82,10.0,Good
29.03,41.59,9.11,805.8,1249.3,268.6,Poor
30.55,53.3,0.53,398.3,734.34,66.3,Satisfactory
30.41,52.03,7.72,346.76,502.53,15.3,Good
28.07,67.21,6.14,415.21,522.06,13.3,Good
18.75,45.4,0.25,579.65,669.09,70.1,Satisfactory
24.28,79.46,0.73,390.98,496.3,35.3,Good
25.56,32.99,0.75,420.17,430.6,69.7,Satisfactory
25.58,28.61,3.22,680.27,768.06,138.8,Moderate
28.45,55.57,5.14,1158.22,1276.36,282.8,Poor
36.55,42.83,0.75,453.63,466.44,62.1,Satisfactory
32.87,35.35,0.17,352.94,685.6,84.9,Satisfactory
22.07,46.53,3.23,387.23,601.4,91.0,Satisfactory
32.07,44.29,1.87,671.49,720.34,163.8,Moderate
31.84,58.18,0.24,435.76,615.65,91.7,Satisfactory
23.16,46.83,2.82,445.95,672.5,125.4,Moderate
33.09,48.3,1.72,706.48,825.37,109.8,Moderate
27.04,57.91,0.38,425.11,471.88,47.9,Good
19.54,76.26,0.91,578.9,596.21,98.5,Satisfactory
30.73,84.47,7.3,651.29,941.84,132.5,Moderate
29.3,60.66,0.46,770.31,1048.17,166.7,Moderate
26.63,62.06,0.2,447.88,423.13,89.0,Satisfactory
27.78,54.7,1.24,678.28,811.47,155.6,Moderate
23.69,66.66,2.03,878.42,1081.32,226.7,Poor
31.66,65.02,1.49,1147.6,1230.71,302.0,Very Poor
27.74,81.87,1.7,535.06,541.34,59.2,Satisfactory
29.0,24.0,2.17,592.69,1045.57,179.9,Moderate
30.14,53.78,0.9,760.48,871.56,167.4,Moderate
21.07,64.11,11.44,649.43,910.44,123.4,Moderate
22.63,57.53,1.85,856.99,1264.54,233.0,Poor
14.74,41.09,0.28,204.08,235.16,47.4,Good
31.39,34.61,1.54,322.17,529.11,41.5,Good
20.73,72.51,3.24,578.5,609.21,96.9,Satisfactory
28.8,44.38,3.7,416.21,494.08,60.5,Satisfactory
30.23,26.41,2.81,640.12,847.46,167.0,Moderate
31.61,73.42,1.98,635.54,686.71,89.0,Satisfactory
20.78,66.26,0.5,305.54,350.19,56.5,Satisfactory
27.61,55.91,2.4,454.0,563.87,123.3,Moderate
38.02,41.54,1.5,470.97,644.25,65.1,Satisfactory
38.29,55.96,0.71,400.14,582.58,94.1,Satisfactory
33.92,79.88,1.85,887.0,963.86,204.7,Poor
30.02,28.94,3.9,494.02,634.33,87.0,Satisfactory
21.97,29.85,0.16,423.8,593.12,78.2,Satisfactory
32.31,46.7,0.49,433.76,683.67,85.2,Satisfactory
27.05,57.52,2.13,1247.08,1432.04,329.3,Very Poor
31.36,49.07,1.54,624.74,925.99,143.8,Moderate
24.2,69.57,8.52,547.55,740.48,105.3,Moderate
26.96,77.6,0.92,385.11,407.99,57.0,Satisfactory
28.98,63.02,0.04,375.06,529.33,46.3,Good
29.48,68.09,0.23,1225.01,1241.69,354.4,Very Poor
30.96,62.9,4.43,447.68,358.41,43.9,Good
24.52,58.17,0.41,491.82,575.66,49.7,Good
19.94,34.72,1.74,92.01,100.0,10.0,Good
37.75,39.5,0.51,676.23,841.5,164.0,Moderate
42.94,33.68,1.38,750.48,795.43,132.2,Moderate
30.68,55.33,0.51,517.51,618.37,109.2,Moderate
20.06,62.18,7.5,655.77,710.57,138.7,Moderate
23.36,31.91,3.91,602.85,640.72,143.3,Moderate
31.05,59.31,0.42,1087.52,1269.82,306.8,Very Poor
36.05,42.25,0.25,549.84,660.34,106.7,Moderate
20.72,38.75,1.07,998.15,1373.84,335.9,Very Poor
27.25,46.74,1.24,692.51,851.8,151.5,Moderate
29.18,37.83,1.74,533.38,749.63,100.6,Moderate
33.19,68.92,4.98,752.43,971.13,136.7,Moderate
25.94,54.98,5.21,214.09,295.9,10.7,Good
18.62,72.67,3.82,333.12,441.61,44.8,Good
31.73,50.02,0.06,909.84,1066.17,201.4,Poor
34.75,50.7,6.66,572.06,692.54,111.4,Moderate
27.5,91.72,4.3,611.53,697.45,92.9,Satisfactory
30.43,28.78,3.01,1126.18,1434.95,371.0,Very Poor
25.15,81.12,1.31,628.22,930.92,158.6,Moderate
22.93,87.78,2.78,643.28,831.69,114.9,Moderate
34.16,71.78,0.19,616.68,628.96,106.3,Moderate
30.32,52.05,2.67,242.68,429.43,37.0,Good
30.94,83.68,4.12,502.05,531.18,78.4,Satisfactory
37.01,52.21,2.31,439.98,732.37,119.6,Moderate
21.67,45.3,1.3,728.83,913.77,180.9,Moderate
24.69,51.01,5.38,467.76,537.91,72.1,Satisfactory
28.95,47.74,10.31,1212.27,1367.84,389.0,Very Poor
24.61,40.96,2.97,242.53,423.27,10.0,Good
32.7,77.98,4.04,186.53,179.73,10.0,Good
26.88,44.08,1.65,538.98,569.91,126.4,Moderate
22.04,57.47,1.05,597.34,668.15,113.1,Moderate
28.39,32.01,4.34,1218.42,1365.59,347.2,Very Poor
29.02,58.55,8.41,460.91,784.53,126.4,Moderate
33.61,37.19,0.76,713.66,880.01,127.2,Moderate
30.36,36.75,0.44,342.15,322.54,67.8,Satisfactory
30.77,56.03,0.94,867.03,983.42,215.5,Poor
29.92,77.03,0.71,502.16,552.87,62.2,Satisfactory
26.87,65.93,5.73,783.7,822.26,149.7,Moderate
23.7,67.16,5.18,462.21,417.26,61.6,Satisfactory
29.73,55.66,0.89,928.75,958.98,214.3,Poor
26.0,51.96,2.18,504.38,520.79,64.1,Satisfactory
38.14,72.24,0.46,653.38,977.0,154.8,Moderate
36.05,47.86,1.58,347.49,496.72,51.9,Satisfactory
31.8,73.02,0.43,446.64,599.17,78.8,Satisfactory
30.27,80.25,1.32,491.37,563.36,68.0,Satisfactory
27.47,42.86,0.44,480.17,695.49,91.8,Satisfactory
20.43,45.5,5.34,990.47,1201.6,251.4,Poor
26.7,48.18,2.26,458.82,572.29,76.4,Satisfactory
28.61,31.59,2.62,631.7,803.5,155.3,Moderate
29.38,49.55,0.75,422.44,612.27,50.2,Satisfactory
30.82,81.43,1.13,693.72,771.62,133.2,Moderate
33.53,39.18,2.08,755.64,907.83,151.6,Moderate
23.85,81.85,8.37,258.86,692.77,57.9,Satisfactory
23.9,50.2,1.83,407.08,365.85,49.3,Good
36.71,95.0,6.21,485.56,794.68,107.9,Moderate
32.63,45.73,1.23,1054.04,984.98,254.4,Poor
25.66,55.41,1.93,246.61,536.51,31.8,Good
27.36,41.62,5.02,815.86,891.03,168.0,Moderate
27.38,45.62,3.64,895.46,948.91,206.1,Poor
28.19,82.09,0.69,991.95,1096.11,209.8,Poor
30.84,66.54,2.68,712.86,1060.07,227.9,Poor
43.21,76.52,2.85,608.93,704.3,88.1,Satisfactory
29.14,34.32,3.3,795.66,818.92,151.5,Moderate
31.98,69.79,0.77,383.03,454.63,49.1,Good
17.88,40.51,0.34,239.89,141.96,25.0,Good
25.09,33.93,6.53,371.16,361.75,37.3,Good
35.37,62.3,10.45,879.32,1108.3,182.7,Moderate
30.41,62.11,3.23,492.68,619.86,65.5,Satisfactory
12.0,58.96,1.16,552.95,711.28,156.7,Moderate
32.04,70.92,5.71,713.54,904.81,153.2,Moderate
39.51,73.72,0.59,762.05,925.67,120.3,Moderate
16.02,84.46,0.66,492.49,442.21,67.7,Satisfactory
37.12,36.57,6.91,874.09,934.65,234.2,Poor
12.0,85.04,9.72,399.15,465.07,59.1,Satisfactory
33.63,91.88,1.0,666.45,875.03,137.3,Moderate
27.95,51.41,0.75,1130.12,1297.01,267.2,Poor
13.9,27.97,1.87,449.53,545.84,84.9,Satisfactory
30.68,33.1,0.51,563.54,576.22,120.5,Moderate
34.91,49.69,0.26,786.56,915.49,206.7,Poor
30.18,94.25,0.27,768.25,739.63,166.2,Moderate
31.51,58.31,2.6,599.8,1030.48,191.9,Moderate
25.53,46.89,1.75,452.23,514.72,59.4,Satisfactory
16.83,45.66,4.97,672.6,997.21,148.6,Moderate
32.15,34.19,6.93,841.91,1073.99,201.8,Poor
38.5,73.74,3.1,605.34,961.66,127.7,Moderate
34.78,56.34,0.51,958.18,1175.92,278.6,Poor
16.07,95.0,0.07,286.99,179.55,24.9,Good
18.91,69.31,1.26,346.56,415.33,31.8,Good
22.92,72.94,1.08,234.23,346.44,10.0,Good
18.44,53.64,0.55,992.55,955.05,226.5,Poor
28.27,38.36,3.02,378.73,469.14,51.7,Satisfactory
30.36,42.28,3.24,225.71,233.67,20.6,Good
19.42,33.35,2.52,535.1,679.28,122.9,Moderate
32.66,74.39,10.13,1150.94,1424.57,365.5,Very Poor
31.61,51.07,0.29,810.97,874.11,137.7,Moderate
24.71,75.15,1.35,212.15,364.5,45.2,Good
26.96,60.45,1.84,189.59,397.31,31.4,Good
16.3,52.73,1.16,761.92,846.7,171.8,Moderate
26.01,36.95,0.99,381.2,510.33,59.4,Satisfactory
28.04,63.43,3.75,366.02,179.21,45.3,Good
29.01,54.06,0.78,429.52,439.97,45.4,Good
30.27,74.24,0.61,827.75,929.96,176.8,Moderate
29.47,45.12,3.22,903.07,1022.49,238.2,Poor
26.41,69.09,3.13,543.73,590.76,116.1,Moderate
29.72,87.54,0.22,841.89,940.86,208.6,Poor
34.01,62.91,5.04,438.75,652.49,100.9,Moderate
27.43,72.14,8.79,925.48,937.21,238.8,Poor
29.91,68.29,0.12,1069.86,955.2,238.9,Poor
26.88,92.17,3.79,1264.82,1416.52,360.9,Very Poor
24.12,64.69,2.38,372.34,344.23,49.9,Good
31.14,70.6,2.15,374.7,680.22,83.1,Satisfactory
24.67,57.35,5.32,484.32,580.12,73.4,Satisfactory
30.32,44.06,2.33,1092.91,1223.01,249.8,Poor
28.17,36.25,2.24,832.52,980.82,210.8,Poor
26.18,80.8,1.08,1215.24,1355.89,363.1,Very Poor
26.03,39.85,5.54,382.36,640.68,57.1,Satisfactory
24.95,71.43,0.21,680.94,655.15,139.1,Moderate
18.13,65.49,4.44,146.68,343.2,10.0,Good
30.3,74.52,0.74,622.85,737.65,139.4,Moderate
29.39,48.74,1.76,307.3,474.02,66.3,Satisfactory
33.1,43.77,0.52,284.76,396.3,44.0,Good
24.81,64.81,1.23,767.54,815.79,175.1,Moderate
39.37,52.74,0.65,1232.35,1271.02,278.9,Poor
25.72,35.84,1.38,872.89,1101.56,222.1,Poor
22.75,92.89,4.72,423.94,403.84,53.5,Satisfactory
22.04,43.75,1.05,890.12,1030.44,199.1,Moderate
17.6,40.11,2.99,131.5,213.1,10.0,Good
37.2,53.64,0.92,899.35,1025.99,200.8,Poor
36.23,80.55,0.65,463.24,568.35,53.4,Satisfactory
31.6,20.0,1.91,418.61,475.09,113.9,Moderate
22.62,79.06,0.98,526.04,772.21,104.9,Moderate
38.87,41.59,5.67,650.91,689.26,119.5,Moderate
25.89,62.76,2.82,966.78,1099.16,306.9,Very Poor
26.39,45.83,1.8,213.22,403.57,17.4,Good
36.62,93.85,1.63,682.76,730.15,110.5,Moderate
31.95,60.24,4.72,620.86,792.84,117.5,Moderate
41.21,45.25,0.92,533.09,604.44,104.1,Moderate
29.49,52.58,1.3,628.3,730.52,110.1,Moderate
25.62,59.61,0.02,641.74,756.64,86.0,Satisfactory
24.33,61.2,1.64,325.56,549.36,63.7,Satisfactory
16.92,65.9,2.98,629.49,1076.86,195.8,Moderate
26.33,57.97,1.02,728.67,890.74,140.3,Moderate
34.87,33.21,2.6,490.82,467.91,77.4,Satisfactory
31.59,51.88,1.3,854.93,1002.38,212.7,Poor
28.12,68.92,2.71,198.2,467.86,25.2,Good
22.03,45.94,2.06,379.68,359.39,54.2,Satisfactory
29.36,70.11,0.74,938.69,921.84,215.2,Poor
34.08,58.57,1.33,974.57,1203.29,253.6,Poor
30.58,54.08,1.65,232.0,263.18,10.3,Good
29.0,79.49,1.61,481.51,743.69,88.9,Satisfactory
23.22,26.71,6.99,227.3,120.04,25.5,Good
33.2,45.84,1.56,600.59,620.53,98.7,Satisfactory
12.0,80.18,5.77,388.03,519.49,52.0,Satisfactory
30.3,90.94,0.49,978.43,1148.93,230.5,Poor
43.42,95.0,2.62,759.18,831.68,157.2,Moderate
18.95,58.91,3.78,193.14,266.28,24.5,Good
26.55,66.24,0.21,660.54,822.05,123.0,Moderate
27.95,72.71,3.06,249.7,100.0,10.0,Good
25.22,80.95,0.88,411.07,510.91,75.6,Satisfactory
34.22,63.64,1.88,841.12,1131.8,234.2,Poor
30.83,74.67,7.1,397.29,366.78,52.5,Satisfactory
28.91,66.28,3.07,934.9,1159.49,251.3,Poor
32.78,67.4,0.84,594.91,779.09,111.3,Moderate
28.1,41.47,4.63,316.54,483.46,50.9,Satisfactory
45.0,52.07,0.33,862.37,962.69,203.1,Poor
28.91,48.59,0.1,1000.62,1065.59,246.4,Poor
29.17,36.6,2.59,1227.75,1537.1,389.5,Very Poor
17.74,28.27,0.99,615.77,905.44,147.1,Moderate
24.74,50.37,1.95,1286.45,1469.2,343.8,Very Poor
34.88,53.25,0.31,944.73,1142.73,260.2,Poor
19.99,59.89,5.07,479.35,441.35,96.6,Satisfactory
15.05,68.0,4.64,110.91,231.2,10.0,Good
28.19,61.39,0.2,246.85,286.58,10.0,Good
36.22,53.38,0.47,684.27,809.48,120.1,Moderate
28.25,41.53,5.81,511.94,617.1,97.7,Satisfactory
25.98,73.79,0.97,359.77,486.36,76.9,Satisfactory
16.85,56.17,0.34,309.2,287.38,54.5,Satisfactory
30.71,50.19,2.2,274.04,277.61,42.0,Good
31.97,54.64,1.06,395.84,589.16,77.3,Satisfactory
17.31,44.81,0.32,803.62,1104.71,191.2,Moderate
34.81,48.45,7.31,744.61,789.84,115.1,Moderate
32.59,47.88,0.09,481.8,364.29,28.9,Good
34.79,52.83,1.47,681.64,632.17,138.6,Moderate
31.5,69.8,3.86,798.58,946.43,183.2,Moderate
31.92,65.33,5.38,618.84,646.7,90.4,Satisfactory
31.12,85.84,3.13,1037.82,1202.12,302.4,Very Poor
33.21,79.81,4.08,380.09,252.73,24.0,Good
17.09,93.22,3.5,524.74,664.08,105.6,Moderate
18.99,68.06,1.87,1064.11,884.19,226.9,Poor
23.58,67.78,0.63,275.72,348.46,35.6,Good
27.22,49.23,1.13,958.68,1145.72,219.7,Poor
30.33,72.87,0.42,430.31,398.16,37.4,Good
29.95,46.19,2.04,918.04,1107.63,257.7,Poor
34.7,31.53,0.61,810.57,914.17,168.8,Moderate
34.89,85.47,1.52,803.98,1165.62,215.4,Poor
22.77,35.51,1.35,404.92,572.46,118.1,Moderate
29.43,65.9,2.42,411.4,411.38,94.4,Satisfactory
22.91,42.15,1.52,995.33,1161.81,288.6,Poor
26.87,78.28,1.67,948.34,1097.17,230.0,Poor
29.93,80.73,0.26,790.98,937.97,197.9,Moderate
12.0,67.53,0.85,281.01,386.89,14.0,Good
42.47,80.43,3.3,609.38,955.23,162.7,Moderate
31.4,58.13,2.64,1131.82,1277.63,300.4,Very Poor
24.43,95.0,3.73,217.5,304.25,10.0,Good
39.56,71.43,1.67,685.37,828.55,189.7,Moderate
25.92,41.79,6.14,734.91,951.38,208.0,Poor
28.8,59.25,0.44,512.4,507.69,65.5,Satisfactory
25.08,55.25,2.81,330.02,389.1,50.9,Satisfactory
37.91,53.49,1.64,635.71,695.84,109.3,Moderate
27.37,28.17,1.92,216.23,263.09,26.0,Good
28.9,64.96,1.31,376.35,423.28,34.6,Good
35.22,33.06,4.28,483.21,626.11,109.9,Moderate
31.51,20.0,0.36,348.34,678.45,109.3,Moderate
27.67,51.81,1.22,450.84,498.4,53.2,Satisfactory
34.66,44.39,1.92,819.59,708.95,142.9,Moderate
43.23,42.49,1.91,516.89,565.92,55.3,Satisfactory
29.9,20.0,6.7,81.06,217.28,10.0,Good
28.7,42.68,2.26,918.99,763.6,193.2,Moderate
29.02,54.87,2.68,818.75,905.89,221.8,Poor
35.86,46.59,0.39,807.67,924.78,193.6,Moderate
24.4,64.97,0.56,248.71,280.35,22.7,Good
26.33,83.07,1.0,810.76,857.04,184.1,Moderate
18.78,67.29,3.21,569.52,900.15,146.8,Moderate
20.9,76.48,1.9,593.53,881.14,157.7,Moderate
24.89,77.96,0.22,661.45,572.66,115.4,Moderate
27.66,39.66,5.65,362.35,190.35,24.7,Good
38.61,65.9,6.02,499.78,906.99,113.2,Moderate
31.22,75.91,4.06,379.02,448.35,57.2,Satisfactory
22.53,50.15,3.09,951.73,1202.24,271.0,Poor
23.63,43.77,0.64,1150.56,1354.22,341.2,Very Poor
36.25,67.55,7.95,385.18,716.67,62.4,Satisfactory
34.76,31.33,1.54,675.13,835.38,122.5,Moderate
28.17,38.42,0.03,753.38,975.96,166.7,Moderate
25.34,46.0,0.92,493.71,557.21,78.9,Satisfactory
34.75,66.11,1.79,259.72,233.04,10.0,Good
22.04,61.94,2.82,435.97,367.3,78.2,Satisfactory
30.35,76.58,2.41,569.93,809.46,146.9,Moderate
41.64,41.41,1.83,516.27,550.95,93.0,Satisfactory
29.23,40.44,2.3,586.92,752.57,152.2,Moderate
23.35,67.43,2.31,741.5,741.85,169.9,Moderate
30.46,43.62,0.7,903.1,987.24,220.3,Poor
25.18,47.14,7.18,485.79,578.93,65.7,Satisfactory
19.64,24.58,4.11,349.88,430.76,22.5,Good
32.21,63.24,1.34,1038.45,840.64,238.1,Poor
34.71,85.74,2.89,494.9,692.4,86.2,Satisfactory
26.13,39.47,2.08,451.56,797.97,116.4,Moderate
25.74,76.39,5.34,677.58,792.01,159.2,Moderate
22.23,56.93,1.01,235.61,445.41,38.1,Good
27.1,26.22,0.51,352.22,353.39,90.9,Satisfactory
24.63,41.89,5.04,868.46,898.95,132.7,Moderate
21.93,40.78,4.33,1017.45,1158.65,272.8,Poor
39.35,52.3,0.38,1306.45,1452.81,401.3,Severe
30.8,65.55,1.89,487.54,448.72,19.1,Good
31.43,91.28,2.89,636.86,870.97,111.7,Moderate
33.3,32.24,2.77,1222.3,1704.79,363.7,Very Poor
32.63,49.27,0.19,815.41,1031.34,185.9,Moderate
25.52,41.87,1.08,909.04,1178.39,249.2,Poor
29.64,35.18,4.42,464.73,611.27,115.5,Moderate
26.39,59.72,1.99,475.99,600.42,41.2,Good
30.63,58.03,3.98,385.69,626.76,95.7,Satisfactory
30.05,25.35,0.5,664.23,830.65,172.5,Moderate
25.7,58.33,0.25,650.13,609.81,152.3,Moderate
20.02,36.3,1.19,415.01,361.13,61.0,Satisfactory
28.88,58.21,1.63,740.78,875.71,183.2,Moderate
26.77,80.85,3.03,949.85,991.06,214.1,Poor
16.66,66.34,1.18,585.44,773.04,96.0,Satisfactory
31.05,61.2,1.68,608.06,980.48,138.5,Moderate
33.79,48.48,0.19,924.08,993.64,188.5,Moderate
43.17,59.2,0.4,640.7,712.61,98.0,Satisfactory
25.65,68.14,2.2,261.67,380.26,12.0,Good
24.77,66.35,3.99,338.6,591.67,47.1,Good
21.34,56.21,4.13,684.53,872.72,124.0,Moderate
29.25,61.91,0.27,527.64,659.42,98.0,Satisfactory
29.21,34.3,1.6,480.89,520.42,55.8,Satisfactory
23.13,44.78,0.32,385.53,362.16,47.1,Good
26.95,70.74,0.27,326.87,397.15,37.8,Good
16.13,73.16,0.2,253.72,350.96,10.5,Good
33.56,59.68,7.73,615.02,763.86,127.4,Moderate
23.38,84.62,0.13,348.96,410.47,62.0,Satisfactory
27.79,67.14,0.93,419.81,603.47,51.1,Satisfactory
19.44,53.8,1.61,441.8,786.67,79.6,Satisfactory
24.51,36.04,2.35,384.18,523.23,48.4,Good
26.32,83.9,4.53,397.79,598.76,55.7,Satisfactory
27.93,71.87,1.2,375.13,557.97,59.3,Satisfactory
30.88,90.37,0.39,462.34,607.74,125.3,Moderate
36.63,95.0,0.56,615.12,852.04,140.0,Moderate
32.4,34.84,2.59,1018.06,1220.84,261.0,Poor
33.77,34.88,3.91,275.64,184.9,30.5,Good
36.68,20.0,4.35,423.52,557.4,83.1,Satisfactory
31.42,74.53,3.18,537.57,460.76,115.0,Moderate
27.78,69.82,0.68,489.18,569.48,109.4,Moderate
34.05,59.76,3.14,593.45,667.21,103.2,Moderate
34.44,35.93,0.61,410.9,526.82,92.0,Satisfactory
31.89,56.4,1.29,330.48,551.51,44.9,Good
19.27,61.32,8.3,636.28,608.85,85.6,Satisfactory
22.95,72.09,1.94,289.93,444.53,48.2,Good
26.35,62.91,3.56,233.59,476.41,90.3,Satisfactory
32.68,69.95,0.05,378.21,373.58,27.8,Good
27.87,55.77,1.87,514.39,554.95,31.6,Good
34.82,79.27,0.93,1160.69,1395.63,343.0,Very Poor
35.89,69.37,1.29,453.83,699.4,131.6,Moderate
35.2,36.64,0.85,577.09,385.88,66.6,Satisfactory
35.23,83.01,3.05,702.17,899.45,167.0,Moderate
21.78,80.06,1.18,1027.98,1120.86,246.9,Poor
30.9,66.38,3.32,716.36,1008.69,198.3,Moderate
24.35,63.05,1.68,659.81,798.94,128.4,Moderate
18.11,87.86,1.76,450.78,755.07,84.2,Satisfactory
26.28,28.6,2.49,760.77,954.33,199.9,Moderate
35.95,80.34,2.18,490.96,561.03,100.6,Moderate
30.76,49.43,1.7,1166.73,1196.07,341.5,Very Poor
40.11,77.71,2.41,326.91,436.76,44.0,Good
29.06,60.17,1.33,926.71,1276.99,225.8,Poor
42.69,35.63,4.44,713.5,903.63,181.8,Moderate
29.07,49.06,2.04,286.38,498.03,53.8,Satisfactory
28.13,76.39,2.67,519.69,629.96,94.3,Satisfactory
20.32,54.22,0.07,990.34,1141.54,256.7,Poor
34.66,46.81,3.37,615.95,850.15,126.9,Moderate
24.99,46.69,0.13,424.75,542.22,64.6,Satisfactory
24.12,69.56,4.64,177.88,301.77,10.0,Good
35.69,89.51,5.38,905.31,1080.54,262.2,Poor
34.95,20.0,4.72,704.55,777.99,182.2,Moderate
34.79,95.0,2.52,329.12,258.58,37.0,Good
25.83,61.67,0.04,677.3,756.94,147.4,Moderate
27.69,68.44,0.18,314.26,413.82,24.6,Good
27.64,50.15,0.65,342.08,388.2,32.9,Good
32.7,57.94,3.9,603.7,1064.12,186.2,Moderate
37.32,61.47,1.05,362.95,478.38,63.7,Satisfactory
30.21,39.12,4.87,595.12,836.93,152.3,Moderate
39.85,43.5,0.82,708.54,764.95,129.7,Moderate
33.38,79.32,11.87,331.75,341.71,23.4,Good
26.59,30.06,6.05,80.0,268.42,23.6,Good
32.97,65.94,0.96,489.73,470.45,78.3,Satisfactory
38.24,51.33,0.54,705.59,1100.96,168.9,Moderate
39.99,40.71,6.11,1112.37,1151.15,297.4,Poor
35.12,93.49,0.37,564.14,525.78,72.6,Satisfactory
28.15,40.82,0.87,464.34,491.51,69.5,Satisfactory
26.7,37.66,0.36,988.79,1238.87,260.7,Poor
31.46,54.63,2.18,369.03,678.99,57.1,Satisfactory
38.04,44.17,5.17,187.4,278.35,10.0,Good
30.6,58.11,1.0,673.18,548.51,92.4,Satisfactory
30.73,60.8,4.27,827.17,814.96,178.4,Moderate
28.31,62.22,2.34,432.82,566.2,62.5,Satisfactory
26.03,55.77,0.35,276.59,309.28,31.3,Good
27.03,45.36,0.91,330.14,391.28,43.3,Good
28.81,69.58,0.17,465.2,634.63,64.3,Satisfactory
38.31,55.99,7.7,1068.12,1103.52,198.2,Moderate
26.56,49.08,1.96,707.6,646.72,97.8,Satisfactory
28.32,84.64,1.65,805.03,924.41,215.2,Poor
22.81,55.82,1.91,153.33,253.89,39.2,Good
32.3,77.66,0.52,612.08,812.91,121.8,Moderate
36.2,80.08,1.06,918.36,951.74,206.0,Poor
37.75,81.18,2.5,766.64,881.8,123.2,Moderate
29.22,70.44,0.09,208.68,439.33,14.3,Good
31.45,57.99,0.02,817.9,990.57,183.7,Moderate
27.08,56.85,0.8,566.24,479.32,105.7,Moderate
31.17,53.61,0.64,755.56,897.62,174.4,Moderate
29.88,20.0,5.47,184.31,323.22,10.0,Good
28.35,70.94,0.52,710.65,629.67,103.8,Moderate
28.83,62.4,2.56,809.98,873.45,136.6,Moderate
30.71,72.86,0.64,807.08,918.74,183.1,Moderate
26.24,55.89,2.41,273.2,255.46,10.0,Good
26.55,69.97,1.99,193.68,319.54,34.2,Good
38.24,33.2,6.71,281.08,228.34,10.0,Good
44.26,36.95,0.45,684.79,931.73,137.9,Moderate
20.77,20.0,0.45,375.37,411.26,79.5,Satisfactory
20.44,55.58,5.0,410.69,456.17,47.9,Good
22.26,44.09,0.89,277.0,457.42,62.6,Satisfactory
27.38,41.74,0.49,680.51,851.13,142.5,Moderate
33.37,64.02,0.4,1052.18,1045.51,228.4,Poor
31.55,50.34,4.81,983.26,1046.17,253.8,Poor
29.03,32.2,0.71,873.26,930.01,214.2,Poor
31.17,95.0,0.55,876.94,1052.34,189.6,Moderate
23.85,57.33,0.53,175.45,564.9,26.3,Good
26.54,38.5,2.96,531.67,570.76,59.9,Satisfactory
27.88,45.94,1.24,350.12,468.11,34.2,Good
18.49,54.88,4.96,589.92,757.51,137.1,Moderate
21.03,54.85,9.11,845.61,716.0,122.9,Moderate
21.27,81.44,2.0,553.25,671.86,123.8,Moderate
32.58,56.57,2.23,256.51,264.08,10.0,Good
29.47,91.39,1.16,720.81,626.92,132.2,Moderate
31.67,50.22,1.91,1095.9,1198.18,269.2,Poor
16.96,65.68,2.45,208.99,325.33,15.4,Good
19.1,76.4,4.02,777.8,878.53,186.2,Moderate
31.98,79.51,0.35,919.35,974.97,185.0,Moderate
12.0,81.61,7.84,348.8,533.15,56.4,Satisfactory
35.35,53.1,0.82,883.65,940.2,198.3,Moderate
17.06,57.9,6.14,169.05,249.57,28.7,Good
33.06,20.0,3.23,797.66,851.28,222.3,Poor
22.67,54.47,0.29,676.59,727.97,139.1,Moderate
34.29,77.64,4.7,624.26,918.9,158.3,Moderate
45.0,74.14,1.66,1289.54,1445.79,395.8,Very Poor
14.36,56.44,2.7,601.23,997.07,120.8,Moderate
32.17,88.58,1.2,1084.89,1472.7,365.1,Very Poor
17.15,51.09,1.43,374.81,609.17,86.1,Satisfactory
30.56,45.11,0.1,595.8,631.41,82.0,Satisfactory
26.76,49.57,2.91,601.95,850.77,129.2,Moderate
28.78,37.8,1.62,808.9,845.63,191.7,Moderate
22.53,69.2,2.25,705.13,527.24,129.8,Moderate
32.68,63.19,2.78,1113.63,1415.97,302.4,Very Poor
19.31,68.98,2.57,167.58,281.81,10.0,Good
35.45,50.54,3.03,1281.85,1353.8,324.0,Very Poor
25.54,56.95,0.09,544.02,614.35,97.5,Satisfactory
19.58,20.0,1.24,150.36,182.74,36.6,Good
37.57,64.77,0.28,361.33,452.7,52.5,Satisfactory
27.6,59.78,2.65,406.56,436.34,51.2,Satisfactory
39.45,38.19,8.96,420.08,726.2,90.9,Satisfactory
35.33,56.12,2.93,330.44,681.22,59.4,Satisfactory
23.21,53.36,1.08,659.65,701.49,124.8,Moderate
27.49,89.76,1.44,599.93,713.2,78.6,Satisfactory
28.73,38.9,2.84,716.32,1013.37,150.4,Moderate
37.16,63.97,2.45,865.88,958.6,181.6,Moderate
30.63,38.37,1.2,1065.8,1165.69,248.2,Poor
29.06,47.96,0.83,527.91,721.36,134.4,Moderate
26.8,62.98,2.48,866.9,1055.06,214.6,Poor
27.7,54.2,2.81,609.03,596.67,84.9,Satisfactory
35.83,57.89,1.08,733.99,904.97,188.9,Moderate
28.02,63.99,5.63,1170.42,1133.36,271.8,Poor
25.63,49.11,1.58,651.06,387.23,39.7,Good
24.61,73.91,5.39,526.86,716.52,80.2,Satisfactory
24.68,52.5,0.42,572.8,868.44,137.5,Moderate
19.59,56.24,0.37,620.8,827.77,136.2,Moderate
23.5,64.5,0.61,625.11,658.11,104.0,Moderate
36.99,62.09,6.53,775.48,975.42,177.1,Moderate
26.76,69.6,1.51,677.66,750.15,119.9,Moderate
32.23,63.71,0.78,420.54,493.48,61.5,Satisfactory
13.13,66.44,2.43,193.43,152.26,34.2,Good
31.41,52.14,0.66,523.41,723.06,96.1,Satisfactory
27.03,38.76,2.41,505.14,543.1,86.4,Satisfactory
25.11,32.3,1.5,502.36,741.22,137.2,Moderate
29.09,27.93,0.75,743.49,721.02,160.9,Moderate
25.03,89.73,1.6,1204.03,1651.25,346.4,Very Poor
15.26,20.0,1.6,847.63,923.84,239.4,Poor
33.53,79.49,3.67,733.9,822.85,131.3,Moderate
29.46,43.22,0.26,573.18,812.94,135.0,Moderate
26.12,79.36,0.92,584.66,1050.78,129.3,Moderate
22.2,20.0,2.04,233.55,261.86,34.8,Good
19.18,53.77,0.56,929.12,1005.22,195.9,Moderate
29.34,84.17,1.3,880.81,1130.82,212.8,Poor
37.68,70.84,0.73,413.85,426.4,58.7,Satisfactory
29.22,51.93,1.03,829.27,895.48,150.4,Moderate
19.7,23.03,0.38,568.51,795.73,98.2,Satisfactory
29.35,34.2,8.99,468.11,678.49,62.3,Satisfactory
27.68,83.0,0.03,560.88,1165.29,213.0,Poor
33.18,51.73,0.72,735.08,766.36,140.0,Moderate
31.64,56.71,1.57,814.37,847.35,136.4,Moderate
12.0,63.1,1.55,431.62,590.8,66.7,Satisfactory
31.27,34.55,4.87,898.77,1061.87,223.2,Poor
21.98,65.33,0.11,570.62,530.97,39.8,Good
19.47,50.45,0.86,547.66,674.68,106.4,Moderate
26.87,63.29,1.57,1219.5,1413.66,329.5,Very Poor
30.47,47.6,1.12,711.26,813.04,162.4,Moderate
18.16,29.68,3.98,378.06,351.69,59.2,Satisfactory
32.23,50.31,0.31,293.32,241.45,62.7,Satisfactory
32.58,69.53,0.76,1018.06,1182.77,235.2,Poor
28.28,65.09,2.77,1018.38,1373.9,309.5,Very Poor
22.79,58.56,1.6,789.59,831.09,128.1,Moderate
22.12,74.17,4.96,490.33,637.81,50.4,Satisfactory
34.16,54.34,1.61,950.27,1245.23,315.5,Very Poor
18.93,59.01,0.25,170.15,380.98,10.0,Good
34.39,49.36,4.43,374.71,429.57,62.7,Satisfactory
27.01,75.22,3.99,720.64,937.7,167.6,Moderate
27.42,63.25,2.4,666.66,869.48,154.0,Moderate
17.75,47.97,10.34,1121.24,1134.09,368.3,Very Poor
27.12,31.2,1.69,119.75,100.0,11.0,Good
31.68,77.89,1.84,439.24,656.09,88.4,Satisfactory
19.98,44.61,3.9,670.07,1034.66,205.6,Poor
30.99,59.3,2.14,894.71,915.15,208.7,Poor
28.53,95.0,1.81,465.92,455.09,82.5,Satisfactory
24.14,72.43,0.1,264.22,623.75,98.0,Satisfactory
33.13,87.0,0.2,802.1,1023.46,181.3,Moderate
14.79,48.31,0.2,221.55,370.13,38.7,Good
30.08,77.28,1.05,839.75,953.34,204.5,Poor
37.72,58.48,5.17,924.33,910.01,183.4,Moderate
36.64,64.59,7.59,781.45,1223.22,245.0,Poor
30.34,94.38,5.79,692.34,924.85,159.7,Moderate
26.19,52.98,6.01,725.59,723.83,144.9,Moderate
24.19,58.35,0.48,1135.05,1215.75,271.8,Poor
26.18,41.74,1.6,213.84,261.1,10.0,Good
31.26,73.99,0.39,497.51,496.76,94.6,Satisfactory
23.16,47.91,2.31,1081.22,1083.65,289.4,Poor
32.54,76.41,1.07,636.79,633.03,104.2,Moderate
40.8,28.3,0.11,417.49,450.46,75.1,Satisfactory
27.63,67.88,2.62,482.74,522.76,91.4,Satisfactory
19.93,46.41,0.64,777.05,856.17,164.3,Moderate
19.93,71.15,1.42,663.02,701.72,132.2,Moderate
32.66,57.76,0.84,630.41,485.78,109.0,Moderate
27.64,48.36,2.97,723.85,898.04,189.8,Moderate
33.26,51.04,1.89,385.71,444.62,50.7,Satisfactory
24.8,42.69,1.58,784.94,844.46,214.7,Poor
32.98,73.08,5.62,451.93,375.04,36.5,Good
27.05,39.12,0.91,551.9,722.25,119.1,Moderate
23.6,53.19,2.46,144.76,258.91,10.0,Good
25.59,64.21,0.96,605.48,788.19,113.7,Moderate
20.82,87.04,12.09,351.42,726.45,73.5,Satisfactory
39.94,57.83,4.58,307.68,456.21,41.8,Good
27.42,53.63,7.22,251.41,486.09,28.9,Good
31.87,62.93,1.83,831.49,919.48,178.9,Moderate
24.78,20.68,4.75,694.78,717.37,102.5,Moderate
21.69,36.42,0.25,653.66,577.07,138.3,Moderate
26.6,51.24,1.25,629.86,809.09,168.1,Moderate
34.61,45.17,2.24,849.6,1012.49,217.0,Poor
24.88,29.19,5.21,583.31,439.35,54.8,Satisfactory
22.78,73.44,1.68,848.49,1006.17,225.1,Poor
28.93,62.68,1.23,494.06,563.22,79.1,Satisfactory
30.99,60.52,3.56,438.33,371.29,47.3,Good
37.86,45.51,6.89,307.03,480.59,45.7,Good
30.12,59.43,3.78,571.94,677.65,84.7,Satisfactory
31.86,67.26,2.64,712.98,726.07,138.9,Moderate
32.32,53.23,4.72,569.56,624.44,104.9,Moderate
21.08,66.0,4.4,709.31,1084.89,194.3,Moderate
22.22,43.67,3.8,594.42,766.6,86.7,Satisfactory
21.5,59.75,4.49,678.36,961.65,184.0,Moderate
20.01,78.56,2.31,288.73,537.11,89.3,Satisfactory
32.77,80.18,0.26,170.23,348.4,37.5,Good
29.74,81.9,3.1,595.24,691.52,125.1,Moderate
28.48,63.14,0.71,370.14,691.24,87.0,Satisfactory
12.44,58.57,2.08,497.34,780.94,90.3,Satisfactory
40.33,49.92,0.29,946.14,1145.61,290.4,Poor
22.63,25.47,1.03,759.21,745.94,193.8,Moderate
40.31,33.79,1.21,466.44,551.86,52.8,Satisfactory
19.3,54.98,2.75,630.01,832.79,124.4,Moderate
23.13,56.05,0.92,1082.06,1173.28,265.4,Poor
14.78,83.42,1.33,634.1,657.89,110.7,Moderate
30.17,81.67,3.71,756.3,1028.12,185.9,Moderate
21.39,45.64,5.31,887.51,1155.34,260.5,Poor
21.56,72.73,1.14,613.32,824.91,148.6,Moderate
19.76,49.41,6.06,661.73,831.85,122.6,Moderate
32.66,70.29,3.47,747.21,799.24,131.3,Moderate
32.27,72.51,5.99,408.64,573.88,93.0,Satisfactory
38.87,80.36,1.94,647.47,1002.14,162.5,Moderate
23.89,49.13,1.3,707.45,708.57,166.2,Moderate
29.31,76.26,1.64,517.37,575.44,81.4,Satisfactory
20.26,24.29,2.68,561.77,536.69,95.3,Satisfactory
25.99,81.33,1.9,356.14,381.55,53.7,Satisfactory
24.89,57.55,1.96,720.94,600.36,135.6,Moderate
30.79,57.93,3.45,222.51,283.59,10.0,Good
34.1,21.33,0.94,525.96,782.38,102.5,Moderate
33.95,51.0,2.17,667.85,1075.93,176.8,Moderate
22.94,82.4,0.28,773.85,1056.44,255.4,Poor
33.99,50.32,1.75,384.59,437.32,89.2,Satisfactory
27.74,70.84,1.18,545.3,709.25,153.4,Moderate
26.05,58.62,1.24,167.8,245.3,10.0,Good
23.75,77.13,0.4,277.64,576.17,71.7,Satisfactory
24.64,61.45,0.87,244.72,381.42,26.9,Good
38.45,41.23,2.75,906.57,1113.5,216.1,Poor
29.84,59.02,0.55,405.82,448.4,41.4,Good
29.05,86.82,0.08,371.57,220.82,10.0,Good
26.43,66.96,3.97,630.9,463.73,93.3,Satisfactory
42.68,55.9,4.12,216.46,193.46,19.8,Good
35.83,95.0,9.74,726.1,878.36,165.8,Moderate
23.67,78.87,3.11,875.48,804.96,173.1,Moderate
26.36,72.7,0.24,593.96,775.06,109.6,Moderate
26.71,63.71,0.57,1135.61,1255.82,328.3,Very Poor
28.88,71.14,8.58,223.94,127.64,10.0,Good
23.79,71.73,2.02,734.61,785.18,177.3,Moderate
30.63,20.0,4.02,496.95,678.27,111.3,Moderate
36.71,65.11,1.6,919.07,910.78,188.7,Moderate
20.12,55.11,1.76,266.5,304.97,10.0,Good
21.23,49.0,4.04,126.06,155.34,10.0,Good
25.1,54.48,2.1,962.51,1231.33,227.5,Poor
25.38,29.99,1.67,809.93,1064.48,184.3,Moderate
39.99,25.52,0.14,725.56,916.18,214.5,Poor
34.01,80.44,1.11,561.18,640.52,101.7,Moderate
33.67,66.32,0.91,1346.81,1434.75,387.1,Very Poor
26.41,20.0,1.58,867.95,980.1,237.8,Poor
26.28,47.63,0.72,227.46,312.36,10.0,Good
19.29,73.85,1.13,494.18,520.42,53.2,Satisfactory
32.69,52.96,5.76,881.46,1053.7,230.2,Poor
30.95,80.41,3.89,423.55,735.82,67.3,Satisfactory
35.72,76.9,0.5,1121.53,1231.29,278.2,Poor
26.74,33.58,4.46,559.13,699.55,86.2,Satisfactory
27.15,55.42,1.85,737.52,779.01,163.9,Moderate
29.02,49.93,2.42,751.78,884.98,157.9,Moderate
33.35,32.99,2.28,545.97,629.43,74.5,Satisfactory
19.18,31.82,1.13,424.47,485.31,39.4,Good
32.42,43.49,3.28,389.29,573.77,78.7,Satisfactory
27.88,46.46,3.94,1057.26,1395.14,353.0,Very Poor
21.65,63.1,1.37,268.62,420.88,47.7,Good
15.49,76.8,3.87,185.2,175.68,10.0,Good
27.18,67.25,2.39,573.24,876.84,110.2,Moderate
36.69,71.51,4.04,448.61,502.53,56.1,Satisfactory
38.05,53.2,2.27,1006.0,1310.62,264.5,Poor
30.13,68.85,4.14,539.2,544.94,64.4,Satisfactory
39.77,55.33,0.92,688.34,773.74,150.3,Moderate
27.74,50.05,0.33,525.78,670.0,69.4,Satisfactory
33.72,92.15,0.88,681.51,813.14,161.5,Moderate
25.29,20.0,1.46,787.03,1042.63,213.6,Poor
24.91,24.28,0.45,715.75,599.54,120.4,Moderate
23.93,64.89,0.88,502.04,551.55,106.0,Moderate
15.64,53.23,3.31,80.0,229.0,10.0,Good
35.72,32.13,0.34,877.34,788.62,167.8,Moderate
24.15,39.02,3.37,719.91,642.98,137.6,Moderate
23.19,41.36,6.41,389.59,255.31,25.2,Good
20.92,74.06,2.59,137.77,228.92,10.0,Good
26.77,79.82,1.83,272.25,528.56,10.0,Good
38.58,87.51,1.82,741.46,736.0,112.7,Moderate
40.56,29.4,0.76,732.61,863.26,137.9,Moderate
18.03,33.39,0.76,582.79,702.89,120.2,Moderate
25.87,32.16,4.39,573.18,798.64,173.3,Moderate
21.79,81.2,3.25,818.9,1101.02,233.6,Poor
33.93,65.51,1.03,756.38,862.63,196.0,Moderate
29.72,59.44,3.5,641.22,591.6,96.3,Satisfactory
24.18,62.13,1.59,353.14,324.77,52.5,Satisfactory
28.44,56.98,2.74,286.94,435.66,28.9,Good
25.14,37.82,0.68,1087.24,1099.48,263.5,Poor
37.69,67.24,14.71,1053.98,1194.12,280.1,Poor
31.28,54.65,4.68,436.22,616.68,121.7,Moderate
32.02,36.39,2.5,655.88,932.73,137.5,Moderate
12.0,68.34,1.19,435.28,521.9,49.8,Good
27.6,50.34,0.21,807.09,1036.99,200.4,Poor
40.5,62.09,1.19,776.31,792.78,163.7,Moderate
35.96,55.75,2.78,747.11,636.0,136.4,Moderate
16.92,74.04,0.6,377.96,804.5,100.5,Moderate
26.12,61.96,1.16,701.24,896.94,134.5,Moderate
20.79,42.09,2.87,401.89,347.19,91.4,Satisfactory
38.27,63.8,6.75,579.18,776.32,98.8,Satisfactory
29.47,64.38,2.21,629.22,751.65,110.1,Moderate
23.39,67.2,0.92,309.25,543.91,65.8,Satisfactory
28.2,76.65,2.82,745.61,878.77,163.3,Moderate
12.36,46.91,1.1,604.05,627.99,109.4,Moderate
21.49,70.02,1.87,259.28,382.43,50.0,Good
28.22,26.95,1.95,573.94,758.74,138.6,Moderate
33.07,55.84,0.68,228.17,319.95,30.3,Good
16.35,53.06,0.87,396.27,386.08,30.8,Good
25.71,84.06,4.5,1167.64,1249.78,335.5,Very Poor
34.06,55.19,7.93,656.09,919.99,153.6,Moderate
19.29,68.94,0.61,673.25,653.57,103.7,Moderate
29.38,26.29,0.71,873.45,1233.87,248.7,Poor
28.4,51.67,2.19,574.51,635.9,102.6,Moderate
38.29,42.77,1.79,600.38,819.71,155.7,Moderate
26.62,95.0,1.34,465.39,776.64,133.1,Moderate
26.97,46.0,2.45,450.77,493.1,90.0,Satisfactory
33.13,59.32,0.33,268.47,385.23,10.0,Good
20.04,60.28,3.11,365.86,273.9,10.0,Good
26.67,29.39,1.02,477.7,740.41,123.7,Moderate
25.27,48.53,4.13,636.31,616.75,122.3,Moderate
27.17,65.29,5.14,268.85,281.33,24.2,Good
33.09,59.54,1.31,877.81,1010.92,210.3,Poor
31.32,20.0,2.47,773.02,827.09,202.7,Poor
23.51,47.79,1.94,614.65,655.68,125.0,Moderate
28.82,76.37,6.74,547.92,704.64,81.9,Satisfactory
36.94,68.59,0.26,680.3,839.17,141.5,Moderate
23.01,79.92,7.01,840.1,678.39,170.6,Moderate
28.87,40.26,7.67,380.2,388.12,54.6,Satisfactory
26.84,81.06,0.53,732.26,1006.0,180.8,Moderate
27.62,57.2,0.25,1020.65,1345.92,331.2,Very Poor
18.22,86.66,1.0,711.08,811.16,150.1,Moderate
36.46,58.06,1.54,864.48,883.67,157.8,Moderate
23.35,21.15,0.9,1159.57,1285.25,311.9,Very Poor
34.16,73.29,0.98,469.19,449.75,39.2,Good
24.27,50.02,1.61,434.22,458.53,40.5,Good
24.25,51.23,6.53,795.17,1036.11,238.1,Poor
35.28,31.84,1.39,1243.36,1432.61,368.7,Very Poor
33.96,87.2,3.22,238.59,389.4,25.3,Good
29.25,48.62,0.33,722.64,979.82,189.0,Moderate
32.57,86.35,1.85,718.99,811.03,147.7,Moderate
26.27,50.24,1.1,900.36,1123.85,249.3,Poor
27.95,41.3,3.12,836.24,994.39,184.8,Moderate
24.03,81.75,0.29,976.91,1376.03,287.6,Poor
33.42,56.68,5.32,1046.5,1129.15,252.0,Poor
23.84,56.86,1.05,310.51,545.61,29.5,Good
36.91,34.93,0.66,1242.02,1251.61,310.0,Very Poor
26.1,49.76,7.6,223.17,520.68,61.2,Satisfactory
28.12,65.72,2.19,1023.48,1267.04,251.8,Poor
32.55,34.61,1.56,568.53,775.79,104.0,Moderate
28.14,48.3,0.28,1071.48,1223.63,280.8,Poor
26.21,50.43,0.52,535.19,720.78,121.0,Moderate
27.82,59.2,0.31,848.33,995.72,227.2,Poor
33.36,84.63,1.73,566.33,845.85,134.0,Moderate
24.02,52.6,4.78,80.0,185.78,22.8,Good
27.24,45.57,2.37,521.08,569.27,126.9,Moderate
28.06,95.0,1.84,247.04,482.26,33.1,Good
33.19,50.2,1.61,395.06,404.87,50.3,Satisfactory
27.4,54.57,3.81,765.72,976.98,178.9,Moderate
38.85,51.56,1.31,724.63,762.83,146.7,Moderate
27.06,53.02,0.19,404.29,433.2,25.8,Good
26.57,59.4,4.32,405.16,528.01,53.7,Satisfactory
26.97,74.57,0.4,314.07,247.44,20.0,Good
20.1,65.27,0.14,367.06,514.38,41.7,Good
21.78,77.39,2.26,300.08,384.6,43.2,Good
24.82,76.79,0.05,582.21,715.33,143.1,Moderate
34.81,61.75,1.64,886.46,1028.19,206.4,Poor
27.8,64.77,1.98,484.68,789.76,87.9,Satisfactory
25.09,77.96,2.64,635.66,691.31,144.3,Moderate
35.36,38.0,2.39,426.48,314.2,43.4,Good
37.31,95.0,0.26,969.32,1179.76,224.9,Poor
35.53,48.77,3.81,848.03,1008.65,215.3,Poor
22.88,51.68,1.59,638.91,622.83,144.1,Moderate
25.03,36.19,1.08,589.53,820.34,138.5,Moderate
38.88,36.72,0.29,852.48,870.28,171.6,Moderate
29.45,75.53,4.56,779.72,940.38,170.8,Moderate
26.39,95.0,4.17,652.07,654.65,104.7,Moderate
32.31,47.79,0.9,290.68,251.93,10.0,Good
34.04,64.25,2.66,870.33,1033.98,221.7,Poor
24.57,61.96,3.32,645.42,972.7,167.7,Moderate
29.32,76.0,1.23,553.45,507.47,87.9,Satisfactory
33.56,95.0,4.21,673.49,724.02,143.2,Moderate
21.04,85.38,4.41,418.46,621.89,85.1,Satisfactory
28.07,53.7,0.1,417.64,451.09,99.9,Satisfactory
21.31,67.52,3.21,724.0,698.73,90.6,Satisfactory
22.1,69.31,0.93,615.31,869.06,148.9,Moderate
24.62,57.64,0.57,436.8,478.37,58.6,Satisfactory
30.86,38.27,0.06,445.58,486.87,97.2,Satisfactory
26.07,43.62,1.82,351.01,551.87,47.7,Good
24.11,78.67,1.19,742.51,811.6,149.0,Moderate
28.31,80.52,0.87,693.8,661.27,138.3,Moderate
21.12,54.26,3.41,345.41,492.17,87.3,Satisfactory
30.57,62.7,16.84,219.88,208.26,10.0,Good
34.79,79.55,2.68,867.14,723.71,178.3,Moderate
27.52,27.32,1.18,178.38,372.5,35.6,Good
26.78,49.97,4.33,758.77,894.22,179.3,Moderate
30.24,94.32,0.44,722.77,1052.55,178.0,Moderate
15.83,63.39,0.94,921.93,1058.88,224.3,Poor
31.22,37.67,1.96,676.72,816.56,169.4,Moderate
45.0,60.11,1.98,1025.65,1208.26,260.9,Poor
27.26,76.39,3.92,1133.37,1360.79,278.4,Poor
27.29,20.0,6.34,647.16,490.77,136.8,Moderate
32.46,61.17,3.83,607.82,613.41,93.2,Satisfactory
37.87,51.3,6.39,851.45,1244.75,235.2,Poor
33.85,28.44,6.64,650.31,727.48,139.6,Moderate
15.07,59.47,2.26,112.83,273.96,10.9,Good
31.38,55.54,1.42,657.86,997.23,135.1,Moderate
43.43,57.57,3.09,809.67,879.84,179.6,Moderate
31.73,51.73,3.9,1380.9,1441.92,459.3,Severe
21.07,39.62,3.46,443.9,634.39,88.7,Satisfactory
29.69,31.81,0.42,451.24,664.91,131.3,Moderate
20.32,45.57,5.86,582.46,929.08,154.8,Moderate
35.4,73.47,4.55,301.19,304.8,17.3,Good
22.26,62.2,2.93,423.71,305.32,30.8,Good
28.45,56.75,1.4,689.53,921.82,166.3,Moderate
22.85,39.28,6.05,580.93,748.38,138.7,Moderate
24.72,51.27,0.15,539.84,529.28,76.5,Satisfactory
36.92,71.27,1.58,702.78,742.02,147.6,Moderate
28.62,67.09,3.24,990.11,1005.34,226.9,Poor
24.64,49.41,4.94,832.71,1103.02,208.1,Poor
21.13,20.0,4.43,722.91,989.95,206.0,Poor
16.77,45.85,0.37,424.26,336.33,36.9,Good
20.49,49.31,2.62,545.59,784.44,103.7,Moderate
28.67,41.67,2.01,703.13,693.25,179.8,Moderate
33.88,50.56,0.11,962.83,1108.36,225.4,Poor
24.64,72.7,0.32,449.77,595.68,75.3,Satisfactory
37.42,57.33,0.06,740.19,853.46,138.8,Moderate
23.69,75.81,0.37,431.24,433.52,102.2,Moderate
26.57,30.85,1.45,1139.51,1498.73,350.5,Very Poor
21.52,52.51,1.55,312.83,276.04,44.7,Good
33.94,23.1,2.54,485.39,547.39,85.6,Satisfactory
40.59,50.32,0.76,837.52,977.23,207.9,Poor
17.43,39.18,5.17,409.69,727.21,99.7,Satisfactory
25.92,81.06,4.19,803.2,1060.15,237.1,Poor
35.59,65.37,2.44,843.13,936.95,151.5,Moderate
19.32,76.27,7.21,320.23,437.09,23.9,Good
31.4,50.27,2.22,689.46,657.43,109.1,Moderate
35.33,39.65,0.2,454.88,498.67,79.4,Satisfactory
28.47,39.07,3.15,818.72,1197.11,211.8,Poor
31.3,62.78,1.88,609.94,466.0,50.3,Satisfactory
38.57,90.58,1.05,1080.94,1066.6,255.8,Poor
39.69,65.42,1.24,705.2,633.06,141.9,Moderate
27.63,51.25,2.72,681.19,823.72,156.2,Moderate
24.81,54.6,2.34,233.04,373.62,10.0,Good
22.48,57.44,8.49,1004.7,1198.17,305.5,Very Poor
33.86,94.48,2.05,407.07,524.16,56.9,Satisfactory
19.77,80.2,2.22,370.13,486.73,72.1,Satisfactory
26.48,62.68,1.86,705.09,739.47,129.7,Moderate
28.62,59.98,1.83,1113.88,1564.95,347.9,Very Poor
24.98,63.39,0.41,517.28,564.96,97.0,Satisfactory
29.68,66.9,0.89,450.81,673.3,100.9,Moderate
43.39,50.56,2.65,637.34,638.46,109.7,Moderate
27.27,42.81,0.2,353.82,497.46,82.6,Satisfactory
25.39,76.58,1.3,848.75,1011.16,172.5,Moderate
34.09,58.4,5.5,564.31,653.83,108.0,Moderate
29.44,75.08,1.22,694.11,806.78,119.0,Moderate
36.64,87.63,6.86,417.41,376.18,10.0,Good
28.99,67.37,1.25,793.33,679.78,150.7,Moderate
26.51,64.45,4.45,166.96,250.06,10.0,Good
17.3,95.0,1.93,175.64,100.0,35.6,Good
18.28,61.73,0.42,222.35,345.19,18.4,Good
16.99,38.37,8.28,184.44,206.6,11.7,Good
30.28,52.94,0.36,641.73,897.03,143.2,Moderate
19.83,85.93,0.99,452.32,586.25,94.7,Satisfactory
35.53,34.7,9.14,343.81,524.3,51.6,Satisfactory
28.18,44.46,2.21,341.17,485.03,73.3,Satisfactory
26.53,77.92,0.68,607.76,824.27,154.8,Moderate
22.94,53.11,1.85,571.26,708.57,109.9,Moderate
31.73,56.02,3.08,642.69,555.74,95.5,Satisfactory
23.17,77.32,1.21,618.78,601.86,123.8,Moderate
22.09,45.1,5.99,219.03,357.86,10.0,Good
35.13,31.57,0.75,190.47,441.36,39.3,Good
30.13,33.0,0.06,298.85,402.42,45.0,Good
26.59,68.47,4.04,567.9,570.44,59.0,Satisfactory
31.85,62.66,1.52,414.0,455.98,23.4,Good
28.05,45.53,4.44,484.52,739.76,138.9,Moderate
30.3,37.14,1.15,237.1,201.39,34.2,Good
23.1,53.13,2.65,286.73,198.29,28.6,Good
40.42,78.1,1.08,732.97,702.19,157.2,Moderate
24.52,42.96,1.36,1089.73,1158.75,305.7,Very Poor
37.34,46.07,0.23,243.63,318.17,50.9,Satisfactory
26.87,36.57,0.4,455.11,627.55,62.6,Satisfactory
32.84,51.39,2.39,532.32,662.72,80.6,Satisfactory
32.41,64.09,4.04,577.03,611.62,153.1,Moderate
34.88,95.0,2.62,363.29,566.08,85.7,Satisfactory
22.96,61.92,0.53,779.81,915.52,140.8,Moderate
34.45,57.03,2.88,690.77,1054.69,224.7,Poor
39.08,73.53,2.35,1199.88,1447.58,328.0,Very Poor
26.45,70.53,0.76,783.6,918.4,140.3,Moderate
28.21,47.6,1.46,402.47,461.47,62.4,Satisfactory
24.86,95.0,0.86,587.22,717.16,109.5,Moderate
25.92,57.56,2.99,437.71,436.09,80.8,Satisfactory
38.27,62.25,1.04,925.36,997.76,217.1,Poor
21.97,67.92,3.09,499.9,428.89,83.3,Satisfactory
22.35,64.23,0.02,390.91,450.35,53.0,Satisfactory
37.67,85.46,4.23,434.1,440.51,62.8,Satisfactory
31.75,47.38,0.52,582.33,851.39,142.1,Moderate
40.72,72.1,6.45,673.61,873.73,133.4,Moderate
25.3,60.96,1.13,126.45,229.06,48.4,Good
28.76,75.69,5.43,650.98,733.43,146.9,Moderate
24.04,54.13,0.1,481.41,431.05,46.5,Good
28.86,51.69,4.77,591.23,714.23,125.5,Moderate
17.36,71.18,0.65,342.71,495.1,18.5,Good
32.11,64.44,4.73,696.1,943.37,125.9,Moderate
29.94,43.23,1.72,987.17,1226.12,237.3,Poor
27.65,82.22,1.27,486.08,576.45,42.4,Good
25.66,71.19,5.55,608.84,794.66,144.9,Moderate
22.63,56.66,0.92,438.92,495.49,75.9,Satisfactory
32.37,49.57,6.85,567.65,807.07,108.8,Moderate
20.97,64.55,1.34,285.5,430.88,33.3,Good
31.07,69.89,1.87,583.66,859.82,155.5,Moderate
40.45,29.31,2.1,789.73,762.88,171.3,Moderate
36.91,64.76,0.37,510.47,366.42,79.9,Satisfactory
18.97,69.75,2.51,673.69,869.21,157.7,Moderate
24.78,20.0,0.65,695.68,868.19,158.0,Moderate
30.53,61.53,0.48,534.65,611.74,81.9,Satisfactory
27.58,70.5,0.47,744.01,1011.97,182.6,Moderate
19.6,68.46,1.13,385.2,425.44,111.8,Moderate
30.31,72.44,5.75,803.69,1006.85,184.5,Moderate
27.94,52.1,0.76,428.57,427.94,57.1,Satisfactory
39.49,39.28,2.44,573.02,629.4,142.9,Moderate
26.48,25.6,5.34,342.8,654.14,63.3,Satisfactory
35.01,77.66,1.34,500.17,504.66,44.4,Good
20.4,70.66,2.06,255.83,522.22,46.8,Good
21.83,79.03,6.13,318.29,609.23,45.0,Good
32.33,44.95,2.93,227.78,325.39,24.5,Good
34.5,72.47,2.6,298.58,369.21,10.0,Good
22.26,30.95,1.72,460.61,518.8,58.4,Satisfactory
28.14,42.35,6.69,155.35,270.17,10.0,Good
19.71,60.27,1.14,1058.81,1209.41,296.1,Poor
26.91,69.94,0.96,321.06,388.03,64.4,Satisfactory
33.02,88.22,1.21,959.85,1146.04,230.3,Poor
25.39,53.68,3.17,178.97,216.49,10.0,Good
26.51,42.42,2.29,287.15,506.98,54.0,Satisfactory
21.22,41.49,0.55,638.78,684.95,164.1,Moderate
24.11,45.62,3.53,876.91,802.82,176.4,Moderate
38.55,95.0,2.89,984.62,1104.71,239.8,Poor
28.44,71.62,0.77,1023.45,1055.98,233.0,Poor
21.99,78.03,2.47,623.64,553.52,59.6,Satisfactory
26.11,53.7,4.3,624.28,815.51,127.8,Moderate
18.42,57.97,1.28,745.6,1003.04,183.7,Moderate
21.92,70.59,0.11,640.45,904.62,195.8,Moderate
36.16,48.9,1.56,871.04,1109.92,236.9,Poor
27.15,52.76,1.2,319.87,507.62,69.1,Satisfactory
39.34,45.86,0.05,515.57,708.72,66.8,Satisfactory
27.43,49.95,0.99,429.0,463.02,49.7,Good
27.78,58.88,0.4,535.92,621.52,83.5,Satisfactory
31.85,43.21,5.46,176.57,367.45,33.6,Good
12.0,63.15,5.52,81.69,175.93,17.3,Good
29.23,63.12,2.7,258.3,434.19,47.6,Good
27.71,54.77,1.46,554.9,410.08,42.6,Good
36.92,43.11,1.13,909.35,992.62,186.9,Moderate
33.79,59.89,4.01,507.97,586.11,110.6,Moderate
21.2,48.91,1.34,447.25,624.18,124.4,Moderate
35.45,58.84,1.64,586.6,748.02,132.6,Moderate
26.43,77.77,2.21,789.83,789.73,180.8,Moderate
22.57,35.45,6.62,387.58,523.54,88.8,Satisfactory
29.18,95.0,0.14,566.2,789.58,104.7,Moderate
26.78,56.69,0.8,1059.17,1257.69,323.5,Very Poor
37.23,65.41,0.27,1078.47,1325.64,305.2,Very Poor
30.04,44.45,2.62,457.33,547.38,86.0,Satisfactory
29.23,78.56,0.15,276.68,462.12,39.7,Good
33.4,55.74,0.64,306.45,737.35,49.0,Good
34.56,50.91,2.01,838.09,1039.05,179.0,Moderate
32.7,47.64,3.51,1257.83,1500.58,384.7,Very Poor
36.52,53.17,1.54,630.19,764.75,149.5,Moderate
31.65,65.53,0.66,836.45,890.64,182.3,Moderate
29.01,61.11,1.18,364.12,413.5,31.6,Good
35.44,57.28,1.11,796.23,975.49,198.8,Moderate
27.45,45.19,3.95,1163.24,1264.66,331.4,Very Poor
28.2,44.15,0.75,781.4,1079.86,176.2,Moderate
38.33,49.7,3.74,336.35,310.91,17.7,Good
37.73,66.28,1.51,410.68,657.93,56.5,Satisfactory
27.95,69.92,4.6,454.73,484.59,82.6,Satisfactory
25.28,72.35,1.87,359.3,357.87,35.1,Good
36.78,57.97,0.87,744.0,1046.78,199.1,Moderate
32.8,64.9,4.53,340.51,549.95,52.0,Satisfactory
29.89,54.97,9.36,913.52,997.17,233.2,Poor
26.07,26.64,2.0,677.07,758.08,160.7,Moderate
29.99,54.11,3.99,452.63,513.39,88.5,Satisfactory
27.87,51.24,1.91,769.68,998.53,234.2,Poor
24.01,39.3,0.72,888.21,962.4,215.2,Poor
28.77,47.79,4.78,337.9,281.66,26.5,Good
29.59,60.43,0.34,299.77,364.06,22.8,Good
25.75,37.6,0.27,929.28,1035.09,208.2,Poor
33.42,45.21,4.83,875.65,1095.16,235.3,Poor
35.73,85.86,1.24,506.49,719.61,82.5,Satisfactory
33.82,29.15,0.41,799.53,883.44,198.0,Moderate
26.34,54.7,6.88,880.37,979.24,206.8,Poor
32.53,37.01,3.33,130.26,353.02,27.3,Good
28.47,44.47,1.54,576.99,655.88,97.3,Satisfactory
20.59,54.44,2.4,820.35,996.42,216.6,Poor
32.04,40.22,2.12,516.71,846.14,112.7,Moderate
28.88,68.33,3.28,652.95,513.97,126.1,Moderate
43.56,82.32,1.48,888.91,1078.79,182.8,Moderate
36.74,73.15,3.55,414.89,419.46,24.0,Good
32.27,76.44,1.98,420.12,442.62,62.5,Satisfactory
29.5,33.16,0.06,1226.44,1437.81,401.1,Severe
28.98,53.62,0.94,272.81,306.3,27.1,Good
21.98,66.41,2.98,392.19,516.35,37.5,Good
17.57,73.68,0.26,525.25,386.13,43.0,Good
22.76,89.56,1.98,406.12,634.72,106.7,Moderate
27.71,77.24,1.24,424.56,569.99,78.3,Satisfactory
15.37,74.14,6.99,368.78,488.14,60.5,Satisfactory
24.73,95.0,3.66,851.4,1202.7,218.5,Poor
26.51,59.73,0.28,529.02,600.68,85.6,Satisfactory
26.71,52.8,3.12,131.27,138.89,10.0,Good
24.03,61.19,1.21,550.24,654.19,82.1,Satisfactory
25.95,41.53,1.81,956.51,1295.7,287.2,Poor
38.34,59.22,1.23,710.23,895.48,116.9,Moderate
31.97,26.92,7.17,395.77,476.08,104.6,Moderate
24.64,48.47,6.7,374.32,515.35,27.2,Good
27.59,55.92,0.75,497.47,514.69,68.3,Satisfactory
27.83,75.09,4.6,469.28,659.79,89.6,Satisfactory
23.39,78.0,0.91,550.68,454.04,106.3,Moderate
23.39,40.65,0.69,469.07,550.01,68.3,Satisfactory
34.06,95.0,1.99,882.71,959.77,205.2,Poor
25.48,60.67,1.71,866.88,909.89,163.7,Moderate
21.43,62.32,0.55,314.65,449.65,31.4,Good
27.74,28.88,0.17,752.47,939.28,168.0,Moderate
28.71,46.84,1.81,388.38,403.77,10.0,Good
16.16,76.9,0.55,828.9,933.48,151.8,Moderate
27.76,61.06,1.33,473.58,580.43,55.1,Satisfactory
33.21,59.94,5.0,410.75,487.92,68.3,Satisfactory
30.71,62.09,1.43,350.02,324.68,24.8,Good
41.38,32.02,0.15,492.38,691.22,123.1,Moderate
35.51,56.26,4.52,352.02,484.35,34.4,Good
36.69,83.35,2.74,846.09,1185.63,282.2,Poor
44.8,77.56,3.89,493.81,609.93,95.4,Satisfactory
32.55,55.75,1.67,908.51,1091.01,229.6,Poor
28.98,86.15,1.66,725.98,847.54,160.2,Moderate
33.84,35.34,9.83,617.36,529.82,116.0,Moderate
24.64,40.51,2.76,407.4,583.73,67.0,Satisfactory
28.65,91.55,4.45,505.58,698.84,75.3,Satisfactory
24.11,68.4,16.66,324.42,458.45,40.2,Good
30.39,52.8,9.59,770.86,930.4,190.6,Moderate
24.09,57.0,0.37,498.5,593.94,121.6,Moderate
23.88,43.48,0.52,196.74,249.0,24.2,Good
30.48,62.98,0.27,499.9,519.34,70.3,Satisfactory
27.17,61.55,1.64,395.1,470.56,46.3,Good
16.43,58.36,11.39,1028.31,897.96,226.0,Poor
19.27,37.12,0.9,549.37,727.08,143.4,Moderate
21.12,62.77,1.67,403.6,205.61,36.1,Good
22.7,48.47,0.45,301.83,237.37,19.7,Good
30.49,40.25,1.27,306.55,600.21,62.6,Satisfactory
29.31,80.8,1.37,587.33,487.92,90.5,Satisfactory
34.39,95.0,0.22,1014.12,1072.74,242.0,Poor
32.52,92.97,3.78,382.98,322.87,53.9,Satisfactory
34.43,69.7,1.29,399.88,472.46,72.3,Satisfactory
31.65,53.22,0.4,416.63,436.68,94.2,Satisfactory
29.26,56.73,1.7,909.58,811.53,200.8,Poor
34.6,65.3,3.66,968.95,1263.95,272.5,Poor
33.52,50.44,1.54,755.81,1068.02,192.9,Moderate
30.26,81.74,0.46,855.91,1123.56,254.7,Poor
35.63,21.36,2.05,613.21,491.91,120.0,Moderate
13.93,52.68,0.85,201.21,105.1,36.4,Good
26.26,72.42,0.57,869.22,1157.73,227.7,Poor
26.17,42.79,1.02,564.44,662.96,89.5,Satisfactory
34.92,53.68,0.63,849.33,997.75,214.2,Poor
37.43,68.69,0.66,877.52,1170.99,207.5,Poor
19.3,85.33,0.33,479.49,398.17,85.6,Satisfactory
36.47,34.71,4.44,700.32,970.53,196.5,Moderate
20.97,33.37,3.36,239.78,144.28,24.1,Good
21.15,40.97,1.18,1078.98,1447.72,350.3,Very Poor
26.59,30.32,0.81,159.1,248.72,17.5,Good
26.09,31.61,2.53,512.97,610.6,116.2,Moderate
18.65,40.49,2.01,219.1,192.2,19.3,Good
31.9,80.2,1.94,511.73,633.37,104.8,Moderate
32.08,52.38,5.7,586.05,631.95,112.5,Moderate
34.32,58.56,2.83,688.96,817.06,127.5,Moderate
25.4,40.8,21.97,211.58,235.99,10.0,Good
27.76,69.4,0.91,948.83,1236.27,246.2,Poor
27.82,91.76,9.37,457.21,520.28,85.2,Satisfactory
38.13,42.02,2.69,623.07,889.65,139.1,Moderate
12.0,89.05,0.43,408.63,529.07,48.2,Good
22.26,64.56,0.71,566.91,705.5,124.2,Moderate
28.03,58.3,3.18,834.09,751.04,127.3,Moderate
21.49,65.2,0.29,1082.42,1042.9,271.3,Poor
26.45,65.03,1.53,284.26,291.07,22.5,Good
27.24,91.43,12.26,357.81,570.88,76.7,Satisfactory
24.05,67.36,1.52,283.97,349.35,13.4,Good
28.39,67.74,0.71,757.06,906.2,180.7,Moderate
31.77,50.41,9.66,933.8,1310.07,225.3,Poor
26.58,73.1,1.4,423.21,612.38,101.8,Moderate
25.28,40.78,0.57,536.76,809.5,155.5,Moderate
27.01,59.96,0.29,725.05,707.73,140.1,Moderate
27.96,95.0,0.36,1121.1,1465.83,325.2,Very Poor
17.56,20.0,8.51,324.56,388.08,61.1,Satisfactory
30.77,62.2,2.79,649.81,877.96,139.6,Moderate
25.29,62.89,6.18,393.06,547.71,33.8,Good
35.57,53.89,1.5,399.19,580.55,95.7,Satisfactory
31.55,54.32,0.37,405.54,515.13,42.8,Good
35.02,59.65,2.78,1047.32,1349.43,293.3,Poor
21.93,53.46,0.52,647.66,772.6,115.7,Moderate
25.77,62.0,0.79,778.28,782.19,179.6,Moderate
20.55,49.22,0.62,358.92,390.17,76.8,Satisfactory
23.77,94.4,0.66,757.57,1036.58,191.7,Moderate
35.51,53.46,4.19,441.96,500.22,87.0,Satisfactory
36.92,68.25,1.31,951.11,1066.36,237.4,Poor
21.11,45.96,2.96,435.39,503.05,105.5,Moderate
25.25,74.8,2.95,547.0,447.03,72.2,Satisfactory
27.54,71.2,1.64,476.31,267.66,18.7,Good
31.51,65.55,6.5,806.83,782.5,133.2,Moderate
17.44,39.51,0.46,650.24,795.09,145.5,Moderate
18.38,44.46,1.44,80.0,354.43,33.0,Good
30.94,88.35,0.07,803.02,854.65,154.5,Moderate
16.31,44.26,1.77,251.94,377.86,44.3,Good
25.32,69.54,3.96,291.63,536.26,51.1,Satisfactory
28.97,41.0,0.83,1159.45,1215.6,326.6,Very Poor
30.49,76.15,0.63,126.72,239.54,10.0,Good
27.15,45.64,0.37,429.57,732.65,101.1,Moderate
25.81,40.66,3.18,277.02,371.46,85.7,Satisfactory
33.07,45.18,1.56,329.98,463.98,33.8,Good
29.71,48.03,2.3,386.57,403.08,22.1,Good
24.12,65.28,3.97,619.86,1062.23,197.1,Moderate
28.23,59.25,7.9,260.96,465.88,33.0,Good
30.3,38.29,0.36,620.83,524.04,102.9,Moderate
38.31,57.5,2.84,734.54,655.88,114.4,Moderate
32.72,37.42,0.79,735.63,807.59,186.9,Moderate
35.29,69.58,0.42,704.47,960.49,174.3,Moderate
24.34,72.88,1.16,623.03,616.38,123.2,Moderate
24.85,57.57,2.97,700.35,901.12,154.6,Moderate
26.59,62.89,1.73,496.17,671.32,97.9,Satisfactory
27.14,89.54,0.99,360.84,519.87,75.6,Satisfactory
21.95,55.16,3.28,651.6,814.72,148.2,Moderate
35.6,41.0,3.04,715.26,932.46,148.5,Moderate
33.3,68.43,0.92,524.45,899.6,125.4,Moderate
26.17,37.61,2.81,799.06,1128.3,224.8,Poor
31.85,54.21,1.68,909.42,850.55,184.8,Moderate
29.34,47.22,0.64,424.68,530.13,73.5,Satisfactory
32.32,45.37,3.02,112.76,180.46,10.0,Good
19.93,53.5,3.12,949.11,999.47,194.9,Moderate
27.13,74.2,0.32,705.53,810.21,168.0,Moderate
27.65,77.9,2.79,520.74,527.29,72.1,Satisfactory
31.74,74.67,4.46,1019.7,1154.18,292.5,Poor
24.23,64.05,0.38,589.57,808.5,149.5,Moderate
13.0,53.36,2.02,491.01,670.9,53.4,Satisfactory
21.51,20.0,0.39,221.44,251.38,35.1,Good
27.63,64.62,0.45,601.29,574.64,117.0,Moderate
28.38,20.0,0.12,1025.44,1278.39,308.1,Very Poor
38.1,23.38,5.0,1082.92,1282.04,304.9,Very Poor
31.5,55.09,4.5,475.01,926.21,105.4,Moderate
28.49,62.76,4.74,489.79,483.37,79.6,Satisfactory
27.81,49.88,1.04,509.85,528.73,90.9,Satisfactory
34.63,85.64,3.96,602.41,731.42,111.1,Moderate
24.46,66.32,0.41,1213.06,1297.04,339.2,Very Poor
27.16,53.51,0.31,368.94,478.67,60.2,Satisfactory
21.46,82.95,1.06,190.39,444.75,17.8,Good
36.51,86.17,4.25,687.36,866.09,194.7,Moderate
30.35,67.23,2.09,639.9,710.12,139.6,Moderate
23.75,44.05,0.91,877.3,877.03,215.1,Poor
27.31,48.1,0.85,761.34,924.66,219.2,Poor
31.06,31.96,5.01,536.54,554.3,80.8,Satisfactory
26.5,57.24,3.38,992.8,1167.82,263.5,Poor
24.79,39.1,5.24,778.57,899.6,145.6,Moderate
24.07,52.08,4.93,916.42,1099.47,233.3,Poor
30.03,62.69,0.08,581.2,680.94,91.1,Satisfactory
25.85,22.29,4.41,809.11,983.73,237.8,Poor
25.28,35.25,3.44,367.24,192.59,10.0,Good
19.98,48.88,0.48,207.62,169.59,10.5,Good
28.47,57.05,1.05,490.14,859.35,115.0,Moderate
26.91,49.11,1.35,467.17,600.68,79.6,Satisfactory
26.07,53.13,7.74,526.07,766.03,94.2,Satisfactory
29.19,45.29,1.75,472.55,482.68,83.1,Satisfactory
32.49,31.91,3.3,484.76,422.68,95.4,Satisfactory
32.21,48.37,4.35,277.41,271.49,16.3,Good
31.32,54.16,0.97,983.94,1006.52,244.8,Poor
26.56,52.41,4.89,360.48,392.53,28.7,Good
24.6,60.01,1.55,684.84,959.19,193.2,Moderate
21.74,65.54,0.47,502.21,762.25,114.0,Moderate
24.44,70.27,1.38,895.64,1139.38,241.3,Poor
28.12,46.6,4.54,521.07,723.39,102.4,Moderate
23.28,29.64,0.67,452.05,498.98,51.8,Satisfactory
28.58,80.89,3.64,1038.27,1155.28,304.1,Very Poor
22.21,64.94,1.13,677.49,914.73,171.3,Moderate
18.03,40.82,0.37,510.88,588.03,68.0,Satisfactory
32.92,63.0,0.26,853.07,907.93,215.1,Poor
25.15,77.22,2.01,666.85,718.96,87.3,Satisfactory
22.98,89.13,2.64,715.03,916.95,156.3,Moderate
21.44,62.51,0.44,683.32,736.41,131.1,Moderate
30.54,77.07,2.88,1004.73,1279.98,284.3,Poor
36.25,36.23,0.23,655.09,935.7,206.7,Poor
25.58,57.35,0.99,698.8,933.78,122.8,Moderate
26.71,51.97,1.51,105.17,213.14,10.0,Good
34.43,64.17,1.37,535.57,697.61,66.2,Satisfactory
17.14,87.0,1.91,114.2,259.82,10.0,Good
39.8,62.5,1.44,863.04,1039.44,240.0,Poor
42.66,41.12,1.23,818.27,931.09,207.5,Poor
12.0,35.26,1.22,529.66,431.67,58.5,Satisfactory
27.41,87.62,0.76,718.41,987.22,154.9,Moderate
23.69,67.25,2.93,268.65,487.01,57.6,Satisfactory
26.41,66.07,1.24,1011.09,1252.75,258.1,Poor
25.49,51.81,0.65,938.03,1053.55,240.7,Poor
32.87,62.82,2.76,432.16,562.01,73.2,Satisfactory
27.32,40.23,2.37,621.01,1001.11,195.1,Moderate
22.53,64.97,0.41,624.75,939.12,196.8,Moderate
26.97,36.85,5.72,689.56,773.16,158.5,Moderate
31.09,51.53,1.01,457.56,364.45,79.6,Satisfactory
20.9,46.43,1.06,538.21,742.24,135.8,Moderate
18.12,20.0,1.56,333.76,323.74,46.3,Good
39.96,51.76,2.29,689.59,940.95,137.0,Moderate
24.15,41.82,1.65,601.35,790.89,121.5,Moderate
27.18,54.21,0.57,97.14,158.32,10.0,Good
25.61,58.03,0.1,732.13,740.51,144.7,Moderate
31.29,89.82,5.63,492.32,400.61,75.1,Satisfactory
38.64,63.48,0.48,400.26,636.22,88.9,Satisfactory
31.48,64.01,2.57,349.33,661.42,42.7,Good
18.89,66.92,1.63,1073.8,1263.62,295.3,Poor
19.7,73.69,0.05,552.28,614.2,119.5,Moderate
25.61,66.18,0.74,1236.6,1279.26,292.8,Poor
26.39,63.07,6.82,597.23,773.15,109.3,Moderate
17.67,70.8,0.11,80.0,202.38,10.0,Good
32.92,20.0,1.11,430.66,499.4,97.7,Satisfactory
21.48,95.0,2.29,499.85,552.94,74.1,Satisfactory
36.96,86.62,0.48,732.93,983.22,131.6,Moderate
38.92,61.91,1.83,835.42,1124.61,199.3,Moderate
26.51,32.57,2.8,543.88,635.37,136.2,Moderate
30.63,79.79,2.46,329.92,494.11,26.7,Good
20.61,45.51,1.82,166.21,349.67,22.1,Good
31.74,67.61,1.33,634.82,780.22,130.1,Moderate
25.01,34.91,0.51,428.07,517.99,86.1,Satisfactory
21.48,95.0,2.72,262.08,258.16,10.0,Good
26.26,32.04,1.6,417.74,619.47,51.6,Satisfactory
25.21,59.24,7.6,352.51,331.82,60.6,Satisfactory
26.05,20.0,3.41,1040.64,1094.02,284.1,Poor
33.7,57.26,0.9,381.96,529.96,62.5,Satisfactory
23.29,50.34,2.05,782.79,817.44,169.4,Moderate
38.41,78.47,0.31,911.79,990.95,246.0,Poor
20.05,50.34,0.09,490.02,578.88,93.2,Satisfactory
37.69,78.5,0.87,399.32,368.22,67.8,Satisfactory
21.9,39.57,0.22,815.26,1102.92,247.3,Poor
27.99,52.92,3.09,885.91,1182.18,216.5,Poor
25.06,53.29,7.03,322.76,421.63,55.2,Satisfactory
25.94,66.92,4.42,923.45,887.65,190.2,Moderate
32.81,64.63,1.05,446.46,507.86,41.9,Good
37.0,71.0,3.22,625.56,609.81,97.6,Satisfactory
35.14,62.8,0.81,759.43,863.79,155.0,Moderate
25.57,69.9,4.94,757.34,782.95,143.0,Moderate
29.11,41.84,2.8,528.79,582.91,98.5,Satisfactory
23.31,65.0,1.57,668.57,557.27,77.1,Satisfactory
22.05,86.95,1.46,457.02,746.48,110.5,Moderate
21.12,27.76,2.79,421.56,522.08,85.5,Satisfactory
25.37,66.8,1.48,374.89,439.37,57.4,Satisfactory
29.5,70.18,4.21,713.21,816.15,113.8,Moderate
16.53,84.3,1.03,561.98,466.84,62.1,Satisfactory
27.72,71.07,1.3,732.56,857.77,183.4,Moderate
37.1,59.81,1.39,556.35,792.69,149.3,Moderate
34.73,65.74,1.2,813.35,876.11,192.7,Moderate
24.49,44.77,0.56,136.78,151.12,50.2,Satisfactory
19.62,51.02,0.94,1008.75,1303.52,286.8,Poor
30.76,33.96,1.54,910.26,1074.22,242.3,Poor
14.1,84.77,1.42,290.5,306.88,21.7,Good
34.66,66.1,6.25,926.63,1088.93,239.3,Poor
26.72,41.51,2.3,489.17,345.86,50.5,Satisfactory
38.99,62.88,5.15,308.12,285.95,31.5,Good
17.64,78.87,0.17,410.33,405.09,23.3,Good
33.51,75.87,3.73,727.15,740.38,163.5,Moderate
27.4,41.3,2.3,405.37,317.11,65.1,Satisfactory
26.01,20.0,1.4,881.66,1119.79,215.9,Poor
19.78,65.12,0.5,359.19,153.99,26.9,Good
31.57,42.04,3.03,325.06,430.13,46.7,Good
32.06,69.2,2.64,574.53,635.54,139.0,Moderate
38.71,75.1,3.14,1014.2,1382.65,311.1,Very Poor
34.05,78.05,0.91,815.34,979.98,209.9,Poor
24.44,89.41,4.19,579.23,547.27,62.2,Satisfactory
21.98,80.25,2.84,551.47,480.86,99.0,Satisfactory
19.79,89.49,1.01,220.61,404.42,50.1,Satisfactory
36.84,82.82,5.73,913.59,1072.5,237.5,Poor
23.33,84.39,1.99,597.27,645.23,100.1,Moderate
36.88,57.26,0.11,396.13,865.32,119.1,Moderate
31.15,34.79,1.0,481.79,600.8,84.1,Satisfactory
29.98,95.0,4.15,207.96,150.02,10.0,Good
26.16,59.13,1.04,616.26,873.47,153.3,Moderate
31.96,80.12,1.66,632.44,696.5,100.8,Moderate
27.91,48.1,4.26,850.31,886.25,167.1,Moderate
25.78,75.35,1.06,1063.75,1267.88,288.3,Poor
32.18,20.0,3.34,911.78,1055.29,253.1,Poor
27.14,50.61,0.33,289.71,332.02,35.9,Good
23.21,56.23,2.23,130.49,167.74,10.0,Good
31.6,66.33,2.1,572.88,636.39,74.5,Satisfactory
27.62,77.3,2.42,1066.35,1159.68,224.8,Poor
30.93,38.31,2.71,1054.31,1469.37,307.5,Very Poor
25.28,69.88,1.73,439.35,633.32,64.9,Satisfactory
20.75,80.08,1.53,142.41,149.04,10.0,Good
38.41,95.0,1.65,648.47,913.11,114.0,Moderate
37.28,70.72,5.55,783.88,964.5,198.8,Moderate
33.3,49.73,1.91,860.94,1040.21,208.5,Poor
25.67,35.11,9.29,251.26,131.84,10.0,Good
26.2,90.93,2.7,835.71,1014.4,227.7,Poor
36.29,71.27,1.92,929.96,1207.89,268.3,Poor
25.88,57.6,0.38,334.0,398.66,55.5,Satisfactory
24.2,28.84,3.55,529.8,606.85,99.0,Satisfactory
39.23,41.24,1.26,412.62,476.09,81.7,Satisfactory
27.71,69.36,4.05,867.73,969.46,165.3,Moderate
38.61,64.37,0.72,1264.59,1581.67,299.1,Poor
19.61,22.97,1.64,139.79,246.65,29.0,Good
31.11,69.39,1.2,189.87,103.38,33.4,Good
40.43,29.77,3.31,572.62,941.55,133.3,Moderate
28.18,82.37,5.93,792.36,979.34,173.8,Moderate
26.42,61.75,1.61,741.53,568.73,106.2,Moderate
20.99,49.66,1.1,457.13,485.25,112.3,Moderate
34.49,75.82,0.41,790.44,929.26,195.5,Moderate
23.38,64.36,0.96,358.0,410.5,50.8,Satisfactory
27.43,81.85,5.99,1205.59,1269.46,333.3,Very Poor
20.59,59.45,1.63,331.99,315.15,32.6,Good
37.34,60.5,2.58,853.12,1034.64,196.2,Moderate
34.93,52.87,0.24,502.13,837.94,135.8,Moderate
27.81,62.73,0.22,616.17,949.58,108.5,Moderate
21.08,88.56,0.18,236.47,275.41,26.3,Good
37.22,48.95,4.78,550.75,678.07,96.2,Satisfactory
25.8,69.66,1.7,199.52,334.02,59.5,Satisfactory
21.37,42.15,0.68,574.6,866.64,109.9,Moderate
17.43,20.8,3.65,159.01,100.0,10.0,Good
24.12,61.73,1.19,715.36,764.61,151.4,Moderate
19.27,64.67,4.04,854.57,1151.23,218.7,Poor
24.26,56.02,1.6,406.62,272.27,36.6,Good
32.47,31.07,4.09,560.25,561.93,93.5,Satisfactory
25.75,63.48,0.58,744.8,940.0,150.3,Moderate
30.13,62.79,2.49,395.94,394.08,47.0,Good
23.66,42.0,3.1,387.08,710.56,112.3,Moderate
28.39,33.64,0.2,581.74,759.48,90.8,Satisfactory
39.53,53.46,1.7,288.39,270.26,10.0,Good
25.91,69.75,0.39,839.64,920.66,183.1,Moderate
30.31,65.5,0.24,444.88,718.55,86.0,Satisfactory
18.61,42.14,1.29,350.91,414.83,54.0,Satisfactory
37.12,60.46,2.6,571.53,733.36,125.5,Moderate
25.14,73.97,0.72,818.84,922.22,186.0,Moderate
34.3,36.89,1.36,339.61,424.36,37.7,Good
27.26,59.14,0.86,856.38,1073.53,208.0,Poor
31.67,82.11,3.79,458.21,455.54,92.6,Satisfactory
32.03,35.05,5.07,477.52,614.2,86.7,Satisfactory
25.29,78.8,10.76,686.03,689.27,93.1,Satisfactory
34.55,87.15,4.5,1179.63,1335.01,332.8,Very Poor
23.45,54.0,2.82,232.49,220.37,10.0,Good
32.67,51.83,3.79,469.19,839.31,121.8,Moderate
25.66,76.6,1.61,985.74,1100.5,252.2,Poor
30.1,54.65,1.12,89.02,196.75,10.0,Good
25.23,20.0,4.26,345.18,564.19,115.0,Moderate
28.3,56.22,0.95,485.35,721.98,67.9,Satisfactory
21.55,66.47,6.44,340.94,529.4,68.0,Satisfactory
29.49,71.32,1.5,496.45,706.45,108.4,Moderate
28.27,42.15,0.82,887.73,958.76,201.2,Poor
24.76,53.14,2.2,906.89,1133.04,289.0,Poor
27.67,75.58,0.1,599.34,717.38,106.9,Moderate
28.8,56.92,1.03,309.59,215.65,20.7,Good
24.3,30.48,0.48,249.68,361.57,23.0,Good
27.23,80.28,2.49,739.43,874.21,203.9,Poor
21.97,54.15,1.45,833.76,1026.84,204.2,Poor
42.07,77.64,1.4,293.42,416.58,66.9,Satisfactory
34.35,32.88,0.84,417.33,584.47,66.3,Satisfactory
29.64,55.82,4.83,352.51,386.21,24.8,Good
35.03,67.18,1.51,993.8,945.28,217.2,Poor
16.12,56.43,0.17,500.76,653.61,84.4,Satisfactory
12.65,36.71,2.77,381.4,585.9,52.2,Satisfactory
25.6,20.0,0.4,787.0,1087.86,188.7,Moderate
19.73,85.42,0.26,172.98,414.67,56.6,Satisfactory
26.58,62.46,0.77,292.47,408.76,43.6,Good
29.23,79.0,1.14,637.49,832.03,94.9,Satisfactory
33.52,74.72,2.21,887.41,993.38,241.0,Poor
21.17,68.74,1.94,619.12,644.25,85.6,Satisfactory
30.4,52.22,0.54,775.08,891.48,192.8,Moderate
28.09,66.82,3.89,870.68,918.31,200.3,Poor
30.09,83.79,1.15,646.72,750.64,189.5,Moderate
24.88,59.49,1.14,1095.98,1317.47,307.5,Very Poor
36.3,92.23,1.42,788.41,963.67,214.2,Poor
27.38,31.01,0.33,644.73,834.42,148.3,Moderate
38.65,29.08,8.41,549.73,574.71,130.3,Moderate
23.26,75.79,3.65,365.39,373.65,42.1,Good
32.46,43.26,0.49,1004.73,1303.49,307.2,Very Poor
27.64,94.78,6.37,376.4,480.23,58.9,Satisfactory
26.03,82.07,0.93,521.7,462.73,60.0,Satisfactory
31.79,86.58,1.13,1164.35,1468.39,342.9,Very Poor
26.2,73.92,0.92,369.51,445.72,33.9,Good
12.03,41.41,5.42,460.59,421.83,97.6,Satisfactory
12.0,28.13,4.68,115.88,215.29,10.0,Good
35.63,84.92,1.47,490.19,606.47,73.1,Satisfactory
35.38,31.01,1.6,601.03,662.53,102.3,Moderate
39.32,86.53,3.51,1125.18,1476.01,380.4,Very Poor
27.89,70.05,3.42,501.07,463.55,62.4,Satisfactory
20.24,56.63,1.7,466.39,470.49,76.7,Satisfactory
25.48,65.96,1.75,1158.71,1318.63,291.4,Poor
28.07,66.38,3.7,742.79,736.9,156.0,Moderate
21.96,54.36,0.16,403.35,422.17,33.7,Good
37.89,83.66,2.54,637.52,653.5,123.3,Moderate
41.44,83.05,2.39,708.7,955.52,171.4,Moderate
30.87,60.8,5.46,391.14,601.83,21.6,Good
27.93,47.2,2.76,219.03,330.28,38.2,Good
20.23,81.51,3.04,80.0,240.24,12.1,Good
37.28,21.59,0.8,411.26,462.26,56.3,Satisfactory
28.46,65.99,0.88,537.26,485.1,87.0,Satisfactory
26.27,71.31,2.48,448.93,691.12,98.9,Satisfactory
30.89,43.09,0.05,661.71,664.2,119.5,Moderate
24.49,75.53,1.23,392.75,462.97,54.8,Satisfactory
28.88,57.53,0.37,897.76,983.53,181.5,Moderate
19.35,48.18,0.93,459.92,317.58,59.4,Satisfactory
34.52,75.34,0.43,415.4,310.89,46.6,Good
27.37,38.46,4.96,303.33,420.98,10.0,Good
34.95,73.65,0.39,535.8,873.36,113.2,Moderate
26.79,22.32,0.62,314.51,483.31,72.9,Satisfactory
27.18,63.14,1.02,647.7,633.8,155.1,Moderate
20.73,58.79,3.07,546.76,954.19,126.8,Moderate
32.56,48.29,1.42,233.67,265.38,10.0,Good
22.74,65.01,0.17,657.35,566.41,87.8,Satisfactory
25.08,56.57,0.07,274.2,445.86,27.7,Good
28.01,76.98,1.22,703.61,850.74,167.8,Moderate
28.73,68.08,1.39,514.42,623.21,105.1,Moderate
17.76,66.15,3.92,218.04,499.78,18.7,Good
26.62,63.25,0.46,527.36,774.63,103.2,Moderate
32.77,49.5,6.01,253.18,331.93,22.0,Good
25.73,52.57,0.17,490.59,566.02,51.7,Satisfactory
26.65,62.47,0.18,453.35,709.62,107.8,Moderate
28.97,54.88,1.18,409.2,453.29,81.6,Satisfactory
27.24,78.01,3.8,349.62,452.3,43.6,Good
21.82,59.68,2.15,150.39,178.8,10.0,Good
27.78,64.77,0.43,954.26,1093.41,271.1,Poor
33.96,32.75,8.73,546.86,747.06,102.0,Moderate
21.69,74.98,2.05,90.35,346.08,23.6,Good
25.75,47.54,2.25,942.7,1161.86,254.3,Poor
19.71,39.23,3.48,214.88,290.27,10.0,Good
33.65,87.63,2.33,712.27,741.47,130.9,Moderate
27.45,70.56,0.97,906.96,1096.51,244.1,Poor
22.9,75.59,6.75,659.85,928.51,138.6,Moderate
28.55,66.18,5.52,379.43,942.86,124.5,Moderate
20.78,56.32,7.72,80.0,100.0,20.1,Good
21.8,52.97,1.1,525.67,544.36,67.4,Satisfactory
19.24,72.02,6.53,332.21,278.78,10.0,Good
21.6,78.39,0.4,1212.39,1474.67,407.6,Severe
36.14,56.77,1.74,858.88,1231.15,191.0,Moderate
23.6,95.0,3.38,596.52,792.44,118.7,Moderate
30.8,54.45,0.27,431.78,707.2,130.1,Moderate
22.98,32.91,7.28,678.11,854.7,182.9,Moderate
32.56,27.01,0.97,518.51,552.61,93.4,Satisfactory
21.84,27.62,5.73,300.46,447.29,80.7,Satisfactory
28.24,50.55,0.32,861.86,1029.5,188.3,Moderate
28.32,53.82,1.69,640.45,399.82,82.1,Satisfactory
41.97,70.29,0.76,765.32,845.42,157.3,Moderate
31.78,57.49,0.76,597.77,594.5,109.9,Moderate
24.44,73.18,0.38,353.63,656.66,113.9,Moderate
32.11,58.81,0.34,910.45,1001.02,199.7,Moderate
40.83,58.24,0.46,482.3,329.85,52.8,Satisfactory
18.22,47.6,0.44,420.3,625.3,54.9,Satisfactory
22.95,83.61,4.72,240.69,456.63,21.5,Good
26.58,30.43,5.33,707.04,838.6,174.0,Moderate
25.5,63.42,0.25,193.66,381.43,27.1,Good
26.0,54.73,1.3,892.12,956.12,243.8,Poor
20.17,72.07,4.63,732.66,1008.59,168.3,Moderate
36.42,57.63,3.02,776.72,952.36,210.7,Poor
19.46,58.16,1.19,899.85,1035.84,270.1,Poor
26.8,53.2,0.79,429.8,560.57,113.0,Moderate
34.27,83.08,0.26,499.17,736.81,104.5,Moderate
27.82,58.04,6.95,576.9,871.23,108.7,Moderate
22.12,93.45,2.29,536.14,678.24,68.3,Satisfactory
19.91,62.9,1.91,720.5,698.94,133.2,Moderate
26.62,58.39,0.56,646.18,565.88,105.5,Moderate
23.46,55.38,1.55,334.84,381.0,75.5,Satisfactory
29.23,68.16,4.69,835.81,1245.92,238.9,Poor
19.59,47.41,0.21,433.1,685.65,82.1,Satisfactory
32.88,60.62,0.55,803.68,854.64,216.5,Poor
28.69,58.15,0.3,468.16,630.33,84.9,Satisfactory
29.14,63.85,5.79,445.52,614.07,114.4,Moderate
36.65,64.3,0.2,274.02,310.1,15.3,Good
25.37,65.24,2.18,873.53,1212.83,234.3,Poor
23.65,59.71,0.3,414.21,499.54,68.9,Satisfactory
24.71,86.24,1.96,1013.0,1047.81,230.3,Poor
26.84,65.61,0.29,313.5,278.21,10.0,Good
27.45,95.0,0.88,656.68,896.82,149.8,Moderate
23.02,58.9,6.58,660.71,800.09,123.8,Moderate
15.86,75.26,2.62,411.45,351.3,55.3,Satisfactory
24.63,44.93,1.85,557.75,840.41,156.3,Moderate
30.16,83.21,2.45,157.84,333.17,33.7,Good
28.82,45.32,7.04,1062.77,1218.15,292.2,Poor
35.2,66.21,1.98,442.1,424.81,57.5,Satisfactory
39.73,53.24,4.42,378.59,233.49,42.8,Good
32.56,66.14,4.55,866.46,1107.42,205.0,Poor
36.3,53.77,4.03,315.14,264.93,17.1,Good
32.6,43.79,11.24,869.6,984.17,177.0,Moderate
38.26,53.11,3.11,300.66,556.73,50.4,Satisfactory
39.11,85.75,4.18,664.82,873.05,169.3,Moderate
33.71,66.41,0.9,296.92,537.72,33.8,Good
32.24,34.8,1.71,426.21,561.71,73.8,Satisfactory
26.77,77.72,1.62,387.78,489.39,65.4,Satisfactory
27.75,41.95,0.54,963.2,923.92,197.4,Moderate
25.97,71.38,0.63,758.17,1056.23,200.4,Poor
31.73,67.96,1.59,395.11,563.48,45.4,Good
23.68,69.09,2.08,326.92,377.29,43.8,Good
26.85,91.36,6.83,140.18,224.79,10.0,Good
13.87,43.08,0.54,876.49,1012.23,215.5,Poor
38.34,68.99,0.5,528.15,576.02,68.5,Satisfactory
26.68,80.67,0.22,958.66,954.12,202.8,Poor
30.73,46.42,3.55,856.96,884.62,198.4,Moderate
36.75,44.58,8.17,683.55,879.9,178.3,Moderate
29.8,52.83,1.49,1057.27,1184.49,292.2,Poor
36.67,63.85,2.19,578.01,719.03,75.0,Satisfactory
20.55,32.61,1.53,559.19,324.45,80.7,Satisfactory
42.38,67.93,3.24,587.76,797.98,71.5,Satisfactory
34.52,32.65,0.4,523.17,618.16,96.7,Satisfactory
29.26,81.28,2.63,763.55,875.45,196.9,Moderate
36.55,67.25,1.52,824.35,1018.53,154.0,Moderate
20.99,92.44,3.67,687.76,922.8,143.2,Moderate
26.27,70.04,3.55,222.79,245.07,10.0,Good
36.67,52.51,2.35,448.93,492.33,59.7,Satisfactory
16.8,43.62,1.27,332.12,314.17,27.1,Good
31.36,62.3,0.57,595.61,692.28,53.8,Satisfactory
31.19,57.46,3.48,847.47,1030.56,227.8,Poor
39.82,79.35,1.77,779.6,1068.5,178.3,Moderate
18.5,41.28,1.73,352.9,308.6,22.2,Good
37.66,94.38,1.05,190.83,208.21,39.0,Good
24.64,80.95,5.94,762.78,775.34,172.5,Moderate
25.32,54.34,6.17,586.37,905.26,122.7,Moderate
20.67,90.36,1.15,509.12,792.19,116.3,Moderate
21.47,43.9,0.69,1074.21,1106.82,289.2,Poor
30.42,61.7,1.27,666.53,876.28,164.2,Moderate
21.33,35.02,0.76,401.0,549.54,94.2,Satisfactory
32.44,91.24,2.57,1101.49,1152.52,302.4,Very Poor
24.02,28.35,1.7,781.23,1007.18,214.1,Poor
20.72,32.07,3.33,302.73,303.26,12.2,Good
24.83,46.58,1.17,538.04,674.61,95.0,Satisfactory
30.02,81.8,0.24,343.96,521.79,48.1,Good
26.34,75.19,1.64,645.11,750.76,132.3,Moderate
28.21,60.2,10.09,1110.02,1119.74,275.8,Poor
32.18,76.34,3.37,250.25,406.68,48.8,Good
34.49,55.92,1.39,317.02,569.14,50.7,Satisfactory
26.14,65.6,2.44,766.38,829.98,181.4,Moderate
21.73,87.73,0.34,615.05,546.42,74.4,Satisfactory
28.46,53.56,1.75,595.09,714.99,151.5,Moderate
30.82,44.21,0.33,599.02,948.2,160.2,Moderate
19.24,66.47,0.11,217.7,569.26,17.5,Good
22.66,71.32,5.61,224.1,273.19,10.0,Good
23.68,59.99,0.81,481.51,564.64,64.3,Satisfactory
26.75,76.06,0.29,649.49,675.69,123.3,Moderate
23.43,54.38,1.19,799.5,809.46,133.3,Moderate
32.24,60.3,3.17,491.65,579.3,83.5,Satisfactory
18.37,64.74,0.33,401.69,326.15,59.4,Satisfactory
18.52,63.17,0.95,649.32,646.23,154.0,Moderate
26.0,87.04,3.55,450.8,606.64,120.2,Moderate
26.95,64.65,1.84,756.18,974.33,162.6,Moderate
19.27,52.53,5.75,80.0,227.16,10.0,Good
24.36,67.5,3.6,264.55,134.11,28.6,Good
25.59,76.16,2.85,517.15,561.69,88.1,Satisfactory
25.64,71.94,3.49,141.01,219.33,16.2,Good
28.91,70.94,0.23,892.66,945.79,188.0,Moderate
24.03,31.04,1.62,575.66,663.29,105.0,Moderate
36.87,20.0,1.07,961.98,1011.8,212.5,Poor
30.93,80.95,1.65,481.43,394.39,51.6,Satisfactory
23.16,65.9,0.83,542.19,724.19,119.8,Moderate
28.57,57.61,0.82,491.93,485.69,54.2,Satisfactory
28.74,70.5,3.96,345.39,229.29,62.5,Satisfactory
35.29,92.69,8.63,443.06,506.66,47.9,Good
24.4,83.44,6.41,497.46,316.04,13.5,Good
32.6,75.32,0.09,775.1,817.04,155.7,Moderate
28.25,42.04,1.53,345.36,372.0,63.1,Satisfactory
36.95,44.38,1.09,520.24,549.54,91.6,Satisfactory
35.75,20.0,0.39,762.19,894.07,179.5,Moderate
29.18,69.4,4.12,708.48,698.47,98.6,Satisfactory
26.43,77.96,1.19,295.41,481.58,20.6,Good
31.04,79.42,0.46,430.96,534.05,49.5,Good
26.92,70.16,2.45,553.79,568.97,73.3,Satisfactory
38.08,55.23,0.33,1367.73,1565.03,411.3,Severe
28.47,47.84,4.98,360.59,388.57,56.1,Satisfactory
25.57,43.14,5.32,765.92,839.47,179.0,Moderate
25.24,55.06,3.42,441.37,692.76,66.6,Satisfactory
20.72,40.4,2.74,578.36,512.09,91.8,Satisfactory
31.34,89.61,1.52,674.88,896.19,159.3,Moderate
23.08,34.56,2.3,389.36,228.29,10.0,Good
34.59,54.45,1.48,576.28,626.02,66.2,Satisfactory
20.24,23.15,0.21,287.66,393.35,40.6,Good
28.76,63.34,3.27,363.1,461.8,24.7,Good
34.9,57.96,5.99,763.77,745.07,204.2,Poor
15.09,51.58,0.84,690.76,626.16,91.9,Satisfactory
40.11,41.21,3.81,246.55,554.1,10.0,Good
25.45,58.04,1.7,1017.66,1082.98,256.6,Poor
28.85,48.2,0.92,760.21,1012.84,166.8,Moderate
31.43,55.54,3.37,813.42,920.31,181.6,Moderate
32.36,93.23,2.76,1094.44,1225.18,309.8,Very Poor
29.64,61.1,0.45,528.03,793.66,131.9,Moderate
33.98,67.59,1.27,614.07,611.81,79.5,Satisfactory
31.11,49.64,1.69,821.86,1417.44,240.9,Poor
38.57,43.88,2.42,580.66,661.61,78.7,Satisfactory
31.13,57.59,4.54,583.78,714.77,101.8,Moderate
39.79,95.0,1.42,443.48,733.52,118.2,Moderate
33.41,52.83,0.15,760.51,989.32,171.3,Moderate
17.17,64.51,1.77,143.48,338.34,10.0,Good
43.67,43.09,1.07,718.67,1004.49,165.5,Moderate
24.55,20.0,0.66,622.9,648.88,130.6,Moderate
36.97,43.78,3.94,956.61,1116.48,272.4,Poor
28.16,95.0,0.57,550.86,731.48,99.0,Satisfactory
34.37,68.72,0.28,539.43,805.76,132.4,Moderate
23.87,87.54,0.97,760.35,669.46,139.9,Moderate
31.75,51.74,1.65,713.98,990.67,159.4,Moderate
26.48,20.0,1.89,379.61,418.42,72.8,Satisfactory
37.47,38.04,5.05,755.65,880.66,131.8,Moderate
30.63,65.15,0.77,1169.2,1188.45,298.5,Poor
33.62,62.28,3.4,747.86,773.5,152.7,Moderate
15.02,57.81,0.98,1086.55,1148.17,267.6,Poor
27.49,48.46,0.07,350.01,607.52,57.7,Satisfactory
30.46,74.91,4.63,429.19,548.16,46.3,Good
29.34,48.98,0.21,572.33,848.6,131.5,Moderate
33.77,63.54,2.17,677.54,615.2,84.2,Satisfactory
25.8,61.52,0.25,494.07,467.31,102.6,Moderate
28.29,51.37,2.62,510.06,421.02,41.0,Good
35.09,42.14,0.37,1167.58,1328.28,330.3,Very Poor
14.33,50.31,0.14,248.37,138.42,10.0,Good
31.54,91.73,1.3,810.71,877.51,156.2,Moderate
26.0,78.02,0.03,517.55,599.05,103.9,Moderate
22.53,76.37,1.43,745.38,818.99,163.3,Moderate
30.02,43.84,3.39,514.36,684.47,80.1,Satisfactory
35.36,32.12,8.87,1173.19,1382.0,338.1,Very Poor
34.23,77.74,2.0,619.24,749.92,155.3,Moderate
27.19,74.29,1.55,463.52,575.97,74.3,Satisfactory
33.25,60.47,4.79,509.96,485.92,29.5,Good
33.21,51.33,0.32,161.32,325.99,10.0,Good
27.48,31.65,0.58,250.29,158.22,11.3,Good
23.84,73.61,3.31,426.96,530.24,61.0,Satisfactory
24.19,79.35,0.94,519.21,512.07,87.0,Satisfactory
33.03,45.78,1.18,697.93,718.16,146.7,Moderate
27.75,44.27,1.76,1084.53,1210.67,272.8,Poor
21.72,80.34,0.39,267.74,371.77,34.6,Good
17.89,46.45,0.15,399.86,390.26,67.2,Satisfactory
32.99,90.02,0.53,751.92,790.09,189.4,Moderate
24.72,56.04,1.06,216.42,186.32,24.1,Good
29.98,51.04,2.63,1175.82,1197.12,262.6,Poor
35.44,58.81,1.62,525.45,434.82,53.4,Satisfactory
20.15,51.04,3.2,260.83,387.21,16.9,Good
27.73,78.27,1.6,773.26,1112.31,198.8,Moderate
26.98,73.94,3.67,492.85,609.61,96.0,Satisfactory
30.28,77.59,1.19,417.82,641.17,72.5,Satisfactory
35.43,61.32,0.04,466.75,746.75,80.5,Satisfactory
20.02,49.79,0.75,579.31,703.61,136.4,Moderate
31.42,57.84,1.81,895.56,951.81,162.9,Moderate
34.19,50.34,2.92,422.72,551.15,80.1,Satisfactory
26.88,84.4,0.85,1146.7,1562.0,361.3,Very Poor
27.18,76.04,2.02,1111.19,1322.72,312.9,Very Poor
30.51,56.35,1.0,486.2,537.75,79.3,Satisfactory
30.07,41.32,0.59,294.09,425.11,56.4,Satisfactory
31.49,85.74,2.92,250.22,331.56,35.2,Good
31.37,60.46,2.4,627.0,874.16,165.4,Moderate
22.11,55.66,11.31,887.97,1089.44,246.2,Poor
33.94,85.89,0.85,672.3,807.72,154.2,Moderate
35.0,48.82,5.22,811.44,746.46,168.3,Moderate
29.12,52.26,0.21,523.46,646.27,44.4,Good
19.04,53.85,5.22,699.51,875.13,186.0,Moderate
27.31,34.3,1.63,1215.88,1370.33,345.8,Very Poor
29.17,63.68,1.07,372.54,174.91,23.5,Good
21.13,44.28,2.41,493.41,794.0,103.3,Moderate
25.84,47.73,2.59,597.38,857.33,157.2,Moderate
19.54,45.32,4.67,606.64,707.71,62.9,Satisfactory
31.64,47.43,0.48,852.24,955.38,177.1,Moderate
29.0,42.9,0.2,513.23,713.76,104.8,Moderate
18.13,62.45,2.43,587.77,585.82,109.2,Moderate
30.11,55.2,2.28,1110.4,1235.52,270.0,Poor
27.66,58.86,4.6,778.56,662.84,127.6,Moderate
31.1,95.0,0.94,699.65,834.15,120.1,Moderate
25.65,55.2,0.72,670.13,832.96,157.8,Moderate
23.19,68.89,2.36,565.03,726.96,143.0,Moderate
23.37,70.94,1.73,408.93,467.25,45.2,Good
24.77,56.87,2.86,170.92,253.09,11.4,Good
28.11,62.93,0.67,522.42,546.77,102.2,Moderate
28.89,58.37,5.18,443.53,697.16,74.7,Satisfactory
26.86,61.65,2.21,827.81,871.82,181.6,Moderate
25.46,47.44,4.5,447.67,270.59,33.1,Good
25.89,49.1,1.37,361.27,443.49,49.2,Good
43.05,58.3,0.62,895.82,900.92,203.1,Poor
23.38,22.51,2.5,643.27,417.99,119.2,Moderate
24.65,84.93,3.21,433.68,688.69,77.7,Satisfactory
45.0,95.0,0.15,1096.32,1181.07,267.8,Poor
30.53,61.07,8.23,276.44,351.44,43.2,Good
19.72,69.98,0.71,960.36,1045.49,228.8,Poor
33.06,77.46,1.93,256.91,396.95,45.4,Good
22.54,34.16,3.05,255.46,497.29,53.5,Satisfactory
33.45,74.71,1.72,680.67,896.19,161.7,Moderate
26.73,50.32,1.83,227.05,366.8,10.0,Good
25.36,95.0,1.88,492.74,584.34,85.5,Satisfactory
37.65,54.61,2.01,183.8,254.2,10.0,Good
31.4,74.35,0.92,1018.37,1356.48,298.7,Poor
33.84,54.79,4.42,511.3,625.84,78.8,Satisfactory
30.61,95.0,3.73,495.89,489.86,69.9,Satisfactory
25.33,48.78,0.22,505.66,679.39,90.9,Satisfactory
31.67,78.97,0.2,202.57,271.32,10.0,Good
35.26,69.28,8.52,410.16,625.4,79.2,Satisfactory
28.81,65.28,0.01,702.5,711.12,119.5,Moderate
38.81,62.12,0.76,886.13,998.36,212.9,Poor
33.1,45.99,0.34,666.12,610.21,126.3,Moderate
29.27,20.0,5.05,906.67,1005.73,271.9,Poor
29.51,77.34,1.44,308.58,323.15,10.0,Good
28.82,49.2,0.71,873.44,989.85,216.2,Poor
20.49,79.05,1.76,255.01,115.0,32.0,Good
27.46,64.33,7.92,945.52,1177.14,278.1,Poor
29.33,79.6,2.75,647.28,570.91,68.4,Satisfactory
25.5,72.43,2.69,729.93,950.57,191.0,Moderate
30.03,20.0,0.14,447.36,621.27,101.1,Moderate
28.13,69.07,4.63,255.43,370.4,28.6,Good
32.64,51.81,0.47,555.18,913.94,126.2,Moderate
31.98,78.97,2.52,405.76,531.86,52.1,Satisfactory
29.0,68.64,0.62,389.75,743.4,118.3,Moderate
19.8,68.85,1.74,325.41,551.84,74.1,Satisfactory
38.74,53.1,1.65,388.16,421.74,52.0,Satisfactory
27.15,41.57,13.5,596.41,794.82,181.9,Moderate
27.51,50.21,1.02,432.19,547.85,80.7,Satisfactory
25.94,25.6,2.26,391.86,500.87,128.1,Moderate
25.07,47.37,1.42,244.17,186.52,26.9,Good
37.26,31.65,0.31,667.27,576.56,174.0,Moderate
36.32,32.12,2.52,484.61,573.67,64.4,Satisfactory
30.67,60.1,3.93,326.54,359.14,58.1,Satisfactory
27.35,67.61,0.39,774.49,1074.92,184.6,Moderate
31.71,57.43,1.24,793.1,983.85,190.9,Moderate
28.44,49.02,1.8,452.5,560.9,96.2,Satisfactory
26.86,40.95,3.56,697.29,729.15,89.1,Satisfactory
30.03,52.29,3.69,188.02,247.4,10.0,Good
25.35,43.2,0.12,603.72,779.17,166.4,Moderate
29.51,56.87,8.44,433.97,425.83,88.1,Satisfactory
29.23,30.61,2.76,1320.68,1569.49,377.3,Very Poor
31.62,70.62,1.69,390.43,647.13,43.4,Good
24.29,47.79,3.53,408.92,490.97,24.4,Good
32.26,64.77,5.75,562.81,512.3,76.2,Satisfactory
22.56,73.97,1.39,1096.28,1275.3,283.2,Poor
24.56,63.9,1.21,375.33,477.11,71.8,Satisfactory
24.83,72.38,0.32,838.6,1134.76,227.8,Poor
21.57,20.8,1.23,480.87,456.04,106.9,Moderate
34.09,49.13,2.95,379.38,657.58,99.0,Satisfactory
22.19,77.86,1.23,429.42,543.5,12.7,Good
23.81,67.17,1.18,441.24,626.35,68.9,Satisfactory
35.53,91.27,7.04,918.0,981.95,186.2,Moderate
24.58,88.68,2.22,442.2,509.23,103.7,Moderate
26.87,63.39,2.23,705.14,783.52,147.7,Moderate
21.93,53.46,2.99,398.9,422.91,41.2,Good
33.0,40.75,4.14,214.81,484.71,50.0,Good
33.08,49.44,1.84,80.0,232.74,10.0,Good
32.43,50.65,0.57,529.2,610.98,111.1,Moderate
31.23,47.32,2.73,920.22,1135.5,202.6,Poor
28.44,41.47,4.64,211.23,397.12,38.8,Good
24.85,65.23,2.69,222.24,359.26,10.0,Good
23.11,88.54,3.5,677.73,864.74,204.8,Poor
35.74,74.8,1.18,535.14,655.89,116.1,Moderate
32.59,52.2,0.71,417.09,511.31,71.3,Satisfactory
23.84,76.25,2.08,838.43,1183.57,225.9,Poor
28.24,64.24,0.94,1044.25,1364.6,305.9,Very Poor
26.2,57.27,5.9,84.36,100.0,10.0,Good
21.23,56.14,2.82,322.34,307.24,13.9,Good
29.07,54.4,1.03,1080.85,1091.77,257.5,Poor
25.51,69.72,0.43,561.69,797.39,125.1,Moderate
22.28,60.51,4.51,713.03,904.66,159.9,Moderate
19.13,44.89,0.53,646.47,884.47,148.8,Moderate
18.62,44.02,1.74,589.8,660.05,119.9,Moderate
25.77,63.51,2.25,210.8,264.65,16.0,Good
27.49,65.72,0.54,332.26,464.42,43.1,Good
22.75,52.36,1.48,960.9,1038.28,226.6,Poor
31.9,37.62,5.16,127.28,161.11,10.0,Good
27.61,80.52,0.23,482.48,492.8,88.1,Satisfactory
31.46,76.69,4.48,327.55,782.44,75.4,Satisfactory
26.9,22.23,2.1,168.56,100.0,10.0,Good
23.28,82.11,0.82,641.62,870.19,175.8,Moderate
28.68,54.24,0.2,402.59,616.62,95.7,Satisfactory
20.42,61.42,1.52,307.59,169.9,24.0,Good
31.24,78.49,0.88,1137.1,1402.7,308.2,Very Poor
22.38,87.75,1.5,604.13,706.25,131.8,Moderate
33.51,76.05,3.05,578.08,563.19,85.9,Satisfactory
25.97,62.34,0.18,694.44,847.24,175.0,Moderate
34.38,33.24,1.98,626.95,593.69,96.0,Satisfactory
21.26,21.53,7.36,723.52,878.7,213.4,Poor
23.93,73.81,1.03,363.7,292.22,20.1,Good
30.29,82.16,2.65,619.54,623.23,130.5,Moderate
35.02,43.34,0.17,997.14,1289.51,288.7,Poor
38.0,53.14,0.75,360.31,622.28,76.8,Satisfactory
28.25,47.97,5.38,421.34,615.91,60.7,Satisfactory
39.03,47.49,0.91,832.81,1038.81,179.6,Moderate
26.26,77.35,2.73,315.33,326.62,29.8,Good
34.59,61.93,0.9,1014.31,1075.13,246.0,Poor
22.35,53.87,0.33,263.17,391.33,64.8,Satisfactory
30.52,95.0,1.32,616.89,638.13,112.0,Moderate
13.95,32.18,2.97,238.95,260.92,11.1,Good
21.27,67.86,4.52,249.46,271.18,39.0,Good
30.8,39.12,1.53,750.25,712.84,158.8,Moderate
20.13,55.17,2.73,529.76,692.61,96.6,Satisfactory
30.56,60.68,1.82,379.1,380.24,52.4,Satisfactory
33.44,73.2,2.0,252.58,661.84,63.9,Satisfactory
24.99,53.3,0.55,692.68,650.64,155.0,Moderate
22.19,51.39,0.64,889.06,1247.69,236.2,Poor
25.15,52.98,0.38,323.39,504.69,23.0,Good
22.21,38.56,0.98,589.05,429.01,90.6,Satisfactory
27.39,69.38,3.95,321.69,397.75,20.9,Good
28.61,63.06,6.54,401.96,335.62,72.2,Satisfactory
26.16,65.83,3.95,628.56,504.6,92.2,Satisfactory
38.05,56.75,2.6,361.15,381.94,35.7,Good
23.68,54.53,1.77,467.01,441.51,82.0,Satisfactory
36.35,79.16,3.94,673.07,634.1,118.2,Moderate
21.75,76.39,2.2,472.94,541.03,89.5,Satisfactory
28.44,83.47,2.94,272.19,361.7,78.0,Satisfactory
35.1,64.71,2.22,396.43,432.71,43.9,Good
34.79,82.35,8.08,878.89,1032.51,241.0,Poor
25.48,50.51,1.47,488.03,514.09,107.6,Moderate
31.33,54.38,0.63,949.6,1241.02,267.9,Poor
30.53,79.51,3.31,479.25,791.19,88.6,Satisfactory
24.76,73.18,0.63,413.44,673.74,74.9,Satisfactory
31.7,52.77,2.36,592.21,497.92,80.4,Satisfactory
39.17,39.17,1.78,1097.22,1371.8,344.6,Very Poor
30.83,54.33,2.68,297.39,480.24,65.6,Satisfactory
31.4,45.67,1.87,930.03,1273.72,285.6,Poor
32.03,89.04,3.04,322.89,676.8,57.7,Satisfactory
19.23,71.68,2.44,1015.51,1001.78,280.2,Poor
30.76,44.21,4.83,538.26,669.65,94.4,Satisfactory
21.9,39.19,0.72,907.07,896.43,221.2,Poor
24.46,43.99,0.08,225.45,185.47,28.5,Good
40.97,47.94,3.28,343.77,636.14,63.9,Satisfactory
26.48,55.0,3.15,693.8,726.86,143.2,Moderate
23.56,78.06,2.98,922.68,933.7,208.5,Poor
34.92,40.6,9.21,532.26,836.45,140.4,Moderate
22.31,95.0,0.07,877.03,1099.24,167.1,Moderate
25.32,41.02,0.31,574.24,735.8,123.1,Moderate
35.49,32.64,3.62,779.4,766.92,164.8,Moderate
28.26,88.39,5.17,155.09,159.68,33.3,Good
18.63,81.78,1.87,338.43,465.1,32.7,Good
31.26,54.72,3.07,667.13,724.03,133.5,Moderate
25.62,64.86,0.66,734.68,954.65,170.7,Moderate
37.24,65.32,0.46,804.06,701.21,174.3,Moderate
24.36,60.46,0.15,448.06,546.21,56.2,Satisfactory
34.31,34.66,3.06,824.51,949.82,179.0,Moderate
38.65,20.0,4.85,1200.8,1399.54,373.3,Very Poor
22.89,42.79,0.25,80.0,178.81,10.0,Good
26.84,90.69,0.61,375.71,532.45,41.8,Good
30.33,91.4,0.95,247.4,418.23,41.5,Good
22.86,53.29,0.33,761.48,930.79,158.6,Moderate
29.62,40.76,2.41,850.8,1144.52,251.7,Poor
26.65,63.01,1.14,409.31,563.6,79.1,Satisfactory
26.53,65.9,5.59,487.27,400.9,55.7,Satisfactory
28.29,68.81,0.68,780.99,670.63,76.8,Satisfactory
28.43,20.0,3.96,321.54,451.66,10.0,Good
28.98,95.0,0.17,411.79,500.83,51.3,Satisfactory
24.41,78.38,0.8,80.0,429.72,12.2,Good
24.67,54.44,1.96,1011.57,854.27,222.0,Poor
27.29,45.07,2.43,598.71,655.07,103.2,Moderate
27.73,75.77,6.33,715.52,949.27,147.6,Moderate
25.37,66.92,2.34,473.04,441.2,95.2,Satisfactory
29.94,59.66,2.38,921.35,1131.37,266.6,Poor
17.11,66.25,0.47,199.59,148.32,14.8,Good
23.62,55.97,0.57,791.65,978.68,211.5,Poor
26.32,65.23,0.93,613.65,617.86,87.6,Satisfactory
22.86,71.07,1.64,625.98,747.75,116.4,Moderate
37.78,64.18,1.47,411.07,570.76,26.0,Good
28.11,63.24,2.45,450.54,466.23,45.1,Good
29.06,83.07,5.75,736.51,806.8,162.7,Moderate
25.1,29.25,1.73,600.66,476.28,111.4,Moderate
27.91,43.64,3.51,693.82,812.26,188.7,Moderate
20.71,58.48,0.56,224.29,331.41,10.0,Good
26.98,44.86,6.48,206.61,205.11,10.0,Good
22.38,50.87,1.66,348.54,150.83,18.2,Good
26.34,81.18,6.39,1116.0,1549.54,369.3,Very Poor
12.64,55.32,1.25,241.08,391.78,49.2,Good
21.23,25.07,1.03,186.6,129.74,16.3,Good
36.78,50.38,0.78,964.48,951.36,216.8,Poor
32.98,59.05,0.37,727.28,748.62,138.3,Moderate
35.91,58.71,4.25,441.84,744.31,98.7,Satisfactory
36.33,68.01,0.61,930.53,1241.32,238.4,Poor
32.04,66.54,2.38,316.48,473.0,39.4,Good
25.28,55.5,0.31,1036.82,1193.21,232.8,Poor
21.78,36.53,8.04,121.0,220.22,22.7,Good
34.88,50.06,4.34,368.21,453.32,81.3,Satisfactory
28.39,46.79,4.08,365.69,512.28,48.5,Good
42.96,52.87,1.99,592.55,785.19,133.5,Moderate
25.81,70.44,1.46,763.59,1050.48,202.6,Poor
39.84,65.27,0.85,497.85,627.86,76.2,Satisfactory
27.06,72.83,6.3,1112.36,1358.25,280.7,Poor
36.02,51.09,0.17,1088.9,1068.67,292.6,Poor
38.18,85.15,3.12,847.6,839.69,210.9,Poor
21.86,70.11,0.65,581.07,683.1,105.1,Moderate
25.09,60.02,0.3,1039.78,1266.31,300.6,Very Poor
21.8,68.86,1.11,392.76,492.54,92.2,Satisfactory
20.62,45.84,1.14,501.15,428.05,70.6,Satisfactory
32.0,20.04,2.51,440.96,667.94,73.4,Satisfactory
26.82,47.08,4.75,799.52,900.61,208.9,Poor
28.31,71.45,1.41,750.21,824.07,160.3,Moderate
31.34,59.44,0.09,617.09,622.46,97.3,Satisfactory
16.86,55.54,0.58,686.1,886.78,161.2,Moderate
35.72,42.74,1.39,712.41,691.12,150.2,Moderate
25.91,22.8,0.98,190.07,368.8,54.2,Satisfactory
31.19,83.65,3.12,774.36,813.65,108.1,Moderate
31.72,54.26,2.41,548.24,484.2,106.7,Moderate
36.22,50.27,3.66,837.34,962.48,201.6,Poor
27.37,45.91,4.39,272.85,192.48,42.7,Good
15.26,80.58,0.11,435.89,478.87,58.7,Satisfactory
28.34,73.86,2.89,1198.3,1543.68,348.4,Very Poor
29.2,40.59,5.43,265.2,242.57,10.0,Good
21.79,78.96,1.48,800.93,730.13,145.6,Moderate
28.88,55.39,0.99,361.34,355.3,56.5,Satisfactory
25.83,47.01,0.25,431.33,523.16,10.0,Good
19.94,52.71,0.01,468.85,773.55,104.6,Moderate
32.03,43.9,4.47,512.17,822.87,81.9,Satisfactory
24.62,34.22,0.28,453.55,673.64,97.2,Satisfactory
25.56,71.97,13.58,862.19,856.64,181.1,Moderate
25.22,54.03,0.32,893.8,958.0,211.7,Poor
35.41,69.11,0.36,965.12,1185.63,254.5,Poor
27.75,63.17,0.28,714.21,745.89,134.0,Moderate
28.47,67.87,0.48,374.65,473.49,40.4,Good
25.36,21.17,1.55,403.23,653.71,122.5,Moderate
30.78,42.4,2.9,484.9,390.21,79.1,Satisfactory
36.1,68.25,0.79,561.53,830.14,110.3,Moderate
31.89,35.05,2.86,813.66,963.04,171.6,Moderate
32.12,64.72,7.11,250.88,368.28,17.5,Good
31.64,32.97,1.18,795.73,1027.49,198.5,Moderate
19.72,58.3,0.85,224.96,378.59,10.0,Good
22.74,86.98,0.36,956.42,1007.95,201.5,Poor
26.77,71.94,1.59,535.51,509.87,96.0,Satisfactory
23.64,24.69,6.22,282.52,473.52,84.6,Satisfactory
21.61,73.27,1.5,753.3,1104.56,239.0,Poor
16.77,90.8,2.97,873.04,1191.22,214.2,Poor
19.92,95.0,1.61,383.29,364.03,47.2,Good
26.46,66.55,1.46,939.05,1015.92,213.0,Poor
27.58,33.44,11.77,396.13,611.91,103.1,Moderate
23.24,65.82,2.35,533.42,541.31,116.8,Moderate
28.47,86.73,3.96,518.72,419.74,69.3,Satisfactory
25.4,54.63,2.7,242.82,302.81,10.0,Good
34.54,76.78,1.55,584.76,488.84,79.5,Satisfactory
27.03,42.89,0.75,923.45,1279.17,251.7,Poor
32.18,64.7,6.09,489.76,460.96,52.3,Satisfactory
29.22,20.0,0.07,915.44,1021.27,229.2,Poor
19.59,40.89,0.61,282.86,376.6,40.3,Good
27.46,57.89,0.63,621.52,858.79,160.1,Moderate
20.59,51.46,4.22,237.54,436.61,19.8,Good
27.35,34.59,6.34,793.45,946.43,180.6,Moderate
23.53,49.01,0.19,568.29,534.02,74.9,Satisfactory
30.29,63.93,1.3,608.26,797.05,125.3,Moderate
19.95,56.45,4.1,522.84,634.66,116.2,Moderate
28.09,59.1,0.68,800.9,1054.31,163.3,Moderate
31.43,71.18,2.93,590.78,886.94,153.2,Moderate
33.45,51.82,1.22,660.96,787.35,171.0,Moderate
23.41,82.47,0.77,880.81,1151.77,204.9,Poor
28.11,40.19,3.44,802.02,946.56,194.6,Moderate
29.1,92.7,0.94,927.36,965.18,193.2,Moderate
37.28,78.03,1.9,810.83,965.64,209.6,Poor
19.11,51.59,0.23,194.21,483.34,42.8,Good
22.53,52.79,2.96,287.72,432.44,53.1,Satisfactory
44.83,61.72,4.83,538.19,880.05,101.7,Moderate
26.36,68.78,0.17,424.24,644.76,97.9,Satisfactory
16.65,77.7,0.56,769.25,622.65,137.5,Moderate
24.5,33.87,4.39,308.79,334.97,62.0,Satisfactory
12.0,65.87,1.04,321.82,431.49,62.1,Satisfactory
29.45,20.0,1.4,815.4,926.25,246.3,Poor
32.86,54.81,0.32,320.82,405.26,57.6,Satisfactory
22.53,84.17,4.92,748.24,832.17,166.3,Moderate
25.18,32.48,0.24,548.3,738.21,155.0,Moderate
33.54,29.21,1.4,209.65,201.28,43.3,Good
17.5,61.97,0.75,507.89,702.56,105.5,Moderate
20.07,82.97,3.56,496.8,512.26,76.5,Satisfactory
26.63,63.86,11.95,225.18,521.48,24.2,Good
23.49,23.72,0.09,272.15,288.35,35.9,Good
26.24,27.7,0.68,435.81,396.75,60.5,Satisfactory
20.42,59.76,1.01,122.28,183.11,13.4,Good
29.29,36.77,0.22,261.92,435.66,28.2,Good
27.1,60.46,1.59,782.51,921.54,135.5,Moderate
31.3,61.53,3.87,328.95,495.88,23.2,Good
29.2,49.18,2.11,502.93,729.6,118.2,Moderate
29.24,90.67,3.04,600.96,886.83,123.8,Moderate
19.32,68.63,0.62,540.44,405.5,30.1,Good
30.96,79.81,3.08,894.35,1049.35,217.6,Poor
26.01,74.57,2.04,383.78,455.94,63.3,Satisfactory
27.0,55.3,0.29,492.34,544.45,54.7,Satisfactory
34.29,54.5,1.69,604.18,565.37,92.3,Satisfactory
23.68,52.64,0.75,835.85,827.54,158.5,Moderate
36.11,70.26,16.74,387.27,818.6,96.5,Satisfactory
36.67,46.29,4.11,641.96,671.59,109.8,Moderate
32.52,89.05,1.91,293.93,424.03,10.0,Good
22.12,44.57,5.68,173.69,172.91,16.6,Good
14.88,61.86,3.15,228.94,299.24,10.0,Good
34.47,53.88,0.3,562.89,761.23,114.2,Moderate
28.67,49.89,7.23,519.16,520.44,60.3,Satisfactory
23.53,95.0,0.19,377.21,476.98,55.7,Satisfactory
35.04,50.1,6.48,751.18,693.23,146.5,Moderate
22.83,52.52,2.09,447.05,329.79,65.4,Satisfactory
25.46,46.05,1.58,609.63,759.58,163.0,Moderate
31.15,58.74,0.6,638.83,1204.86,234.7,Poor
21.32,56.18,2.21,237.45,411.39,22.5,Good
27.34,37.85,2.96,123.23,208.35,27.4,Good
34.53,50.36,2.73,688.33,798.48,122.7,Moderate
29.27,68.97,2.06,821.83,1136.98,190.9,Moderate
35.48,76.49,1.35,376.2,558.68,55.6,Satisfactory
34.8,58.43,3.33,820.57,776.99,161.1,Moderate
28.05,59.06,1.01,579.53,990.88,179.9,Moderate
13.98,51.5,1.5,166.37,323.08,52.3,Satisfactory
21.37,48.96,2.53,774.63,1028.47,221.3,Poor
32.58,41.45,1.67,391.88,678.43,100.3,Moderate
18.7,29.98,0.19,487.38,522.6,86.9,Satisfactory
26.04,45.36,2.09,343.28,558.73,67.6,Satisfactory
30.03,74.27,2.1,658.48,783.39,164.2,Moderate
36.82,50.36,1.91,516.09,574.75,93.2,Satisfactory
24.55,51.77,1.37,881.4,856.4,220.3,Poor
24.14,51.42,1.12,421.17,643.05,55.4,Satisfactory
27.69,80.4,1.71,369.48,712.06,80.4,Satisfactory
30.11,41.29,0.61,511.44,780.76,120.4,Moderate
27.07,62.99,6.03,201.19,546.5,22.3,Good
34.3,56.77,2.59,990.2,1271.74,300.7,Very Poor
23.21,59.22,2.32,840.87,961.74,164.0,Moderate
28.72,62.4,4.74,356.53,483.04,20.1,Good
30.67,59.03,0.5,944.9,1049.32,257.5,Poor
25.6,72.27,0.91,812.3,1081.06,250.1,Poor
33.04,57.47,0.82,255.31,332.06,32.0,Good
28.89,89.4,2.43,866.62,1004.4,216.3,Poor
32.73,58.8,0.47,250.73,282.05,40.7,Good
29.16,27.34,3.6,471.79,637.62,91.2,Satisfactory
30.26,69.49,2.36,299.81,393.28,56.4,Satisfactory
24.21,65.06,0.75,691.73,687.85,150.9,Moderate
24.22,58.59,0.24,615.07,642.91,124.7,Moderate
35.35,53.33,2.29,865.25,973.85,182.3,Moderate
31.81,20.0,0.11,517.61,571.66,74.2,Satisfactory
21.86,22.96,0.67,400.79,468.14,94.9,Satisfactory
29.09,87.66,1.46,1211.47,1238.45,324.6,Very Poor
13.76,47.46,1.34,461.67,753.04,90.4,Satisfactory
24.56,75.38,0.78,628.07,543.7,118.3,Moderate
33.77,29.15,3.4,427.25,660.99,97.2,Satisfactory
27.25,39.16,0.55,864.59,1113.63,236.9,Poor
28.71,70.22,0.77,561.07,676.58,96.2,Satisfactory
12.0,56.15,1.87,217.94,379.77,19.0,Good
25.65,67.68,1.88,786.56,1119.03,220.0,Poor
30.03,57.75,0.32,725.35,956.32,188.6,Moderate
30.79,54.26,1.78,461.04,474.85,98.2,Satisfactory
33.77,45.76,0.89,1067.95,1259.27,280.9,Poor
26.74,36.51,0.82,596.19,661.47,117.2,Moderate
27.01,83.25,2.23,768.11,985.39,188.4,Moderate
20.01,86.21,0.46,848.06,925.53,209.0,Poor
26.77,39.3,1.25,1039.65,1260.2,259.3,Poor
20.43,38.13,1.55,195.83,285.41,10.0,Good
16.91,51.74,2.26,454.49,555.04,49.5,Good
21.49,64.13,0.71,170.66,375.06,11.5,Good
37.05,54.73,2.76,453.38,813.96,102.8,Moderate
26.38,66.99,3.52,427.1,638.59,92.5,Satisfactory
29.32,57.11,3.44,910.66,777.92,129.2,Moderate
24.92,55.94,0.29,1079.62,1346.64,299.3,Poor
17.26,95.0,3.36,392.95,449.54,78.0,Satisfactory
33.62,48.55,3.49,303.47,351.23,10.6,Good
14.97,87.52,7.1,146.1,230.1,29.3,Good
24.67,84.04,0.35,888.26,1073.24,209.5,Poor
27.67,67.07,5.42,228.9,264.51,35.1,Good
29.38,23.33,0.1,885.04,815.87,188.4,Moderate
23.64,58.56,3.6,642.34,764.93,129.7,Moderate
16.97,48.74,4.26,471.37,470.23,66.4,Satisfactory
23.19,58.36,3.46,606.2,568.95,113.6,Moderate
23.51,38.87,5.13,925.29,1134.6,260.3,Poor
23.36,71.61,11.11,864.98,1052.74,213.6,Poor
33.82,75.73,0.43,811.45,938.01,141.7,Moderate
20.72,79.06,1.16,609.85,863.06,98.9,Satisfactory
29.81,51.12,0.69,904.37,1027.19,229.5,Poor
28.95,38.93,2.96,832.49,942.56,214.8,Poor
33.76,64.33,0.97,509.55,717.94,95.5,Satisfactory
27.2,89.61,3.12,556.74,558.89,126.5,Moderate
32.75,59.25,1.37,590.5,552.26,93.5,Satisfactory
26.97,66.14,1.89,363.69,404.62,66.5,Satisfactory
30.61,53.77,1.63,656.83,944.78,152.5,Moderate
18.98,48.94,0.11,498.96,598.74,108.1,Moderate
12.17,69.85,1.8,578.21,739.04,142.6,Moderate
30.27,56.09,0.19,693.06,986.46,141.7,Moderate
30.59,65.26,0.25,713.41,869.0,138.3,Moderate
30.85,67.14,5.22,996.08,1115.63,248.9,Poor
24.85,64.26,2.9,571.85,791.92,146.0,Moderate
36.94,68.04,2.68,362.3,369.24,69.3,Satisfactory
25.24,42.65,1.83,416.67,513.48,82.1,Satisfactory
30.53,41.55,9.55,462.68,663.43,93.7,Satisfactory
31.57,57.23,1.78,505.0,606.19,74.4,Satisfactory
38.31,57.67,1.47,348.3,384.67,50.3,Satisfactory
26.1,48.6,1.41,398.22,428.81,43.1,Good
24.08,62.34,4.49,609.77,640.11,113.0,Moderate
19.01,74.35,1.69,937.01,1172.75,174.0,Moderate
37.31,79.38,2.24,1337.22,1630.75,386.3,Very Poor
30.53,83.42,4.8,961.8,945.14,257.5,Poor
30.72,34.33,2.74,604.54,717.94,166.5,Moderate
45.0,37.07,3.82,440.04,450.16,58.6,Satisfactory
29.95,52.79,0.68,196.52,264.47,23.9,Good
20.19,59.45,0.36,411.94,469.21,85.6,Satisfactory
26.82,53.71,6.16,447.24,529.45,101.1,Moderate
22.15,48.05,3.71,738.0,965.78,158.8,Moderate
25.62,52.52,3.02,360.04,415.75,66.4,Satisfactory
25.58,66.7,2.39,548.86,618.69,55.9,Satisfactory
24.48,34.07,1.66,453.55,553.2,55.6,Satisfactory
19.64,95.0,0.71,848.33,886.04,151.6,Moderate
37.56,58.38,0.68,819.43,960.46,139.0,Moderate
29.79,76.92,0.35,416.55,481.64,57.6,Satisfactory
26.65,47.56,0.2,623.24,1071.55,158.9,Moderate
32.55,68.34,1.09,236.67,376.16,10.2,Good
30.83,59.8,6.12,361.3,405.9,10.0,Good
29.65,73.42,0.18,279.55,223.36,13.3,Good
32.11,54.42,1.9,257.91,391.02,26.8,Good
28.8,85.93,6.63,643.29,369.29,89.8,Satisfactory
32.02,31.14,4.46,732.33,999.32,220.1,Poor
32.52,75.09,1.7,433.74,559.26,65.5,Satisfactory
28.98,60.14,0.74,788.27,962.35,170.3,Moderate
26.68,39.67,0.06,1028.7,1232.48,290.5,Poor
37.18,93.14,1.96,589.26,558.85,82.6,Satisfactory
25.13,91.28,3.28,570.73,639.34,62.8,Satisfactory
30.35,20.67,0.77,508.39,548.58,109.2,Moderate
30.48,61.18,4.74,1110.52,1278.87,306.8,Very Poor
24.34,70.7,1.49,485.71,683.96,86.4,Satisfactory
23.15,65.95,2.3,586.22,603.35,98.9,Satisfactory
25.88,85.28,1.7,663.95,708.18,111.5,Moderate
25.05,81.54,4.69,601.84,498.79,69.9,Satisfactory
19.25,62.77,4.82,752.53,748.24,153.3,Moderate
24.09,95.0,2.84,675.78,686.76,114.0,Moderate
29.6,74.86,1.22,747.47,954.49,216.3,Poor
35.6,51.67,1.63,365.03,435.05,64.2,Satisfactory
31.33,48.06,9.9,424.21,467.84,54.8,Satisfactory
12.4,80.38,6.96,536.35,619.57,105.4,Moderate
31.85,43.73,1.8,962.36,1028.6,182.5,Moderate
24.65,50.62,0.38,442.52,497.42,59.1,Satisfactory
30.72,53.69,4.03,252.3,100.0,10.0,Good
27.92,64.4,0.98,617.25,559.2,111.4,Moderate
26.84,54.52,5.87,792.32,1038.31,241.0,Poor
27.39,34.29,0.76,1092.33,1350.41,281.1,Poor
27.87,78.92,1.0,420.92,690.46,73.6,Satisfactory
36.07,50.72,0.32,1041.57,1271.18,263.3,Poor
27.88,94.36,8.03,1043.54,1114.27,267.4,Poor
34.51,63.47,0.51,914.84,1171.4,262.7,Poor
33.64,80.81,3.74,889.34,1378.4,270.1,Poor
32.0,69.36,1.4,968.29,1136.81,253.7,Poor
17.28,81.67,1.01,800.64,846.62,160.8,Moderate
34.7,68.27,0.94,802.48,1072.09,197.1,Moderate
25.25,62.23,5.77,487.76,468.24,59.4,Satisfactory
32.29,77.68,14.59,273.61,208.21,10.0,Good
22.16,95.0,5.23,764.2,759.68,190.1,Moderate
20.89,53.14,0.1,340.48,495.72,51.1,Satisfactory
39.86,72.31,3.76,413.2,502.78,117.4,Moderate
22.26,57.91,1.41,595.17,599.5,123.9,Moderate
34.88,67.11,1.51,982.56,1141.27,231.9,Poor
28.71,58.76,2.12,956.28,1053.38,212.0,Poor
25.48,20.0,1.72,922.07,979.98,218.4,Poor
27.73,54.4,2.85,808.47,941.76,167.5,Moderate
20.19,75.99,1.34,621.39,485.74,92.1,Satisfactory
27.92,44.23,4.12,639.77,726.84,148.8,Moderate
21.5,74.58,1.86,585.59,798.7,150.2,Moderate
25.63,61.3,1.9,291.3,425.26,41.1,Good
33.55,54.55,1.69,451.03,355.4,38.5,Good
29.53,74.3,3.75,727.58,926.33,149.0,Moderate
19.11,70.26,1.1,145.08,225.22,14.4,Good
33.11,65.57,2.86,712.35,896.07,172.5,Moderate
27.96,76.29,1.96,664.07,678.96,130.1,Moderate
24.75,61.66,5.84,524.98,524.64,110.5,Moderate
32.48,28.4,1.18,524.07,523.37,95.3,Satisfactory
27.0,51.19,4.2,772.94,985.28,162.2,Moderate
21.01,25.52,2.39,573.05,521.9,96.1,Satisfactory
39.09,69.83,5.47,544.99,466.3,91.1,Satisfactory
27.9,74.13,1.89,269.19,341.06,21.5,Good
27.51,74.95,1.05,599.78,698.04,89.0,Satisfactory
25.57,66.8,1.04,269.21,521.11,15.0,Good
35.08,75.42,2.17,1187.72,1490.3,326.5,Very Poor
24.85,29.62,1.73,684.2,894.83,157.2,Moderate
18.73,56.06,1.13,608.41,774.73,175.8,Moderate
23.93,32.53,2.22,436.85,708.49,84.8,Satisfactory
35.96,51.55,1.43,999.1,1097.81,253.0,Poor
32.99,87.09,1.79,441.87,512.03,69.9,Satisfactory
26.47,77.68,0.15,441.39,358.93,33.1,Good
36.24,69.92,0.46,795.44,940.79,198.6,Moderate
32.49,54.73,0.51,650.57,823.58,124.3,Moderate
26.4,40.12,1.63,533.54,795.49,138.0,Moderate
27.0,61.37,1.31,321.98,298.43,31.9,Good
29.98,77.99,1.33,885.44,804.24,182.1,Moderate
23.01,65.38,0.16,220.02,399.25,30.6,Good
28.03,29.46,4.54,512.91,839.02,142.1,Moderate
29.85,59.88,5.63,779.81,947.94,151.7,Moderate
17.88,23.56,0.26,674.7,626.35,146.4,Moderate
26.86,72.48,1.23,288.12,379.88,51.2,Satisfactory
26.18,45.53,1.3,1295.33,1456.14,425.4,Severe
34.17,35.98,2.58,506.2,659.06,85.7,Satisfactory
16.93,72.72,1.04,537.47,497.79,60.7,Satisfactory
25.71,68.07,4.16,614.61,814.01,140.8,Moderate
25.11,62.18,0.42,197.83,265.96,10.0,Good
33.76,95.0,3.3,799.92,973.27,164.7,Moderate
27.74,69.43,2.51,831.41,1168.93,267.3,Poor
38.78,46.39,0.31,856.49,995.1,203.4,Poor
31.97,67.35,1.17,1146.01,1261.16,317.1,Very Poor
25.54,52.85,0.37,661.67,578.42,103.0,Moderate
29.44,80.8,8.47,264.87,247.37,33.0,Good
25.88,63.06,1.44,320.91,213.56,10.0,Good
33.16,64.84,1.0,858.04,1048.92,174.5,Moderate
20.01,32.04,0.11,329.23,200.7,16.3,Good
23.06,59.1,2.37,762.64,879.63,187.8,Moderate
30.73,56.99,1.14,237.66,522.33,81.0,Satisfactory
35.35,39.56,3.26,699.16,1052.18,173.3,Moderate
14.79,54.01,6.48,98.86,300.07,32.5,Good
36.25,65.84,3.69,733.97,861.89,175.1,Moderate
27.16,57.92,0.47,371.23,497.47,57.3,Satisfactory
16.7,32.58,1.01,642.16,1062.88,201.7,Poor
12.0,53.08,0.27,1071.9,1064.03,301.6,Very Poor
18.82,49.58,0.74,609.96,783.07,134.0,Moderate
27.88,61.48,4.36,488.93,628.85,118.9,Moderate
27.6,59.54,0.81,302.67,415.49,52.8,Satisfactory
31.8,50.59,3.29,931.79,1123.43,215.1,Poor
24.7,49.89,0.94,197.34,412.11,36.8,Good
21.35,59.21,3.62,333.48,220.27,43.6,Good
25.52,75.33,0.45,337.42,425.25,81.5,Satisfactory
28.2,63.02,0.34,504.83,564.79,98.7,Satisfactory
29.38,83.62,8.41,504.08,711.82,86.3,Satisfactory
23.27,78.4,0.52,889.17,1149.32,236.9,Poor
33.41,84.94,4.46,1008.29,1160.63,218.9,Poor
24.27,82.64,2.8,925.08,1124.42,242.4,Poor
22.78,86.13,0.7,372.05,429.61,29.3,Good
24.75,37.24,1.22,694.48,997.44,150.8,Moderate
34.45,69.65,4.55,890.17,1063.23,243.1,Poor
27.2,79.93,0.99,183.93,257.04,30.9,Good
23.83,83.18,3.27,801.75,1111.68,219.7,Poor
33.56,44.13,2.48,770.46,784.81,144.8,Moderate
40.86,69.83,2.56,518.47,681.83,95.5,Satisfactory
29.26,59.35,8.65,186.74,539.71,23.5,Good
35.4,91.25,3.03,701.05,1087.45,187.7,Moderate
34.22,33.03,2.52,276.72,505.57,57.0,Satisfactory
24.37,44.15,0.11,186.73,382.75,19.3,Good
28.16,25.41,5.62,320.3,208.97,48.6,Good
20.3,60.6,3.71,911.93,1329.09,273.9,Poor
26.77,95.0,2.43,460.84,631.28,59.2,Satisfactory
24.24,57.2,1.21,148.49,100.0,10.0,Good
25.58,59.82,0.12,364.42,547.41,32.9,Good
23.5,67.9,2.96,649.0,882.69,148.0,Moderate
26.28,55.91,1.76,776.82,1024.29,193.7,Moderate
31.19,64.59,8.12,238.71,314.07,10.0,Good
27.28,65.06,3.29,155.33,300.98,28.7,Good
16.81,42.78,2.01,740.6,914.78,123.1,Moderate
23.52,56.31,10.25,385.51,662.41,88.8,Satisfactory
18.88,71.35,1.75,698.49,886.1,186.8,Moderate
29.46,74.71,7.55,856.43,980.17,233.1,Poor
31.02,81.37,11.91,783.41,796.39,174.5,Moderate
29.54,64.04,4.52,266.99,245.67,79.1,Satisfactory
23.28,64.4,0.6,999.35,1076.27,239.4,Poor
29.48,71.5,9.38,366.35,302.75,28.4,Good
25.18,47.29,0.03,918.5,1201.47,295.7,Poor
21.17,46.56,0.35,946.95,1274.86,296.4,Poor
32.45,55.75,2.87,729.61,874.83,155.0,Moderate
32.91,35.05,5.65,211.76,182.6,10.9,Good
33.69,65.32,2.46,533.41,654.08,94.8,Satisfactory
24.35,76.88,0.14,436.24,593.01,55.9,Satisfactory
35.08,45.22,0.69,232.2,100.0,10.0,Good
25.04,65.83,0.96,572.37,806.62,86.4,Satisfactory
31.92,46.68,2.74,577.8,810.27,138.0,Moderate
24.93,39.7,1.54,298.32,375.66,26.2,Good
26.66,95.0,5.27,703.96,825.42,144.5,Moderate
13.47,39.96,0.12,338.66,504.0,78.5,Satisfactory
26.19,34.97,3.31,812.32,1138.27,222.9,Poor
28.55,61.86,0.36,234.19,539.29,27.3,Good
25.54,62.83,6.57,624.8,575.07,147.6,Moderate
38.54,70.01,3.35,352.13,484.13,34.8,Good
21.03,94.02,1.55,473.28,675.25,81.6,Satisfactory
24.62,44.01,1.16,234.01,284.71,10.4,Good
22.57,47.59,2.62,835.73,960.57,248.0,Poor
24.62,86.96,5.13,664.04,639.47,102.6,Moderate
34.19,74.9,2.49,887.95,986.84,242.1,Poor
36.87,72.4,1.54,828.41,974.26,139.2,Moderate
23.8,47.38,0.52,658.19,776.01,135.1,Moderate
23.66,78.27,1.46,560.8,626.62,103.7,Moderate
21.06,72.46,5.16,230.46,529.79,105.1,Moderate
35.84,61.41,3.85,424.84,721.3,119.4,Moderate
34.73,47.47,5.79,569.75,799.37,141.9,Moderate
27.36,59.92,0.48,277.64,453.74,25.0,Good
19.62,87.67,0.14,705.3,596.19,118.0,Moderate
20.16,38.31,3.53,222.48,373.94,59.7,Satisfactory
29.02,43.6,0.23,607.61,724.38,124.6,Moderate
31.3,46.7,5.78,961.89,1131.75,250.3,Poor
15.6,50.61,3.64,564.69,688.92,127.2,Moderate
26.07,57.72,2.42,759.88,635.22,150.9,Moderate
37.71,75.25,0.39,420.65,492.01,94.1,Satisfactory
26.69,66.31,1.77,713.99,828.68,148.7,Moderate
36.94,59.1,1.46,564.73,758.78,74.9,Satisfactory
31.89,62.99,2.53,594.25,737.59,158.3,Moderate
21.49,69.23,7.37,261.24,462.32,33.7,Good
26.24,27.73,0.49,816.85,831.51,175.4,Moderate
27.23,77.29,1.21,572.91,676.08,112.0,Moderate
22.28,43.12,1.58,618.89,708.62,129.9,Moderate
22.18,50.02,6.1,892.86,926.07,190.0,Moderate
37.04,64.13,1.97,1220.5,1403.03,355.1,Very Poor
22.14,56.64,3.32,80.0,365.57,23.7,Good
34.47,66.76,6.53,485.55,560.7,82.6,Satisfactory
25.38,60.55,2.41,841.08,1039.81,219.0,Poor
27.85,52.79,1.23,640.14,808.33,115.1,Moderate
31.37,85.52,5.44,743.13,1012.05,219.5,Poor
24.41,70.75,3.08,477.65,797.93,106.8,Moderate
31.41,63.44,0.79,452.89,680.74,67.5,Satisfactory
15.72,70.47,1.09,548.76,536.78,118.6,Moderate
30.64,45.3,7.09,462.07,419.14,73.9,Satisfactory
13.19,95.0,3.63,232.44,476.99,37.2,Good
26.64,38.42,1.32,255.91,326.9,20.4,Good
33.13,60.04,0.1,486.79,605.25,88.8,Satisfactory
31.73,52.84,3.7,909.34,1252.56,244.5,Poor
20.21,52.16,3.1,825.63,936.6,150.1,Moderate
20.98,49.82,3.64,642.11,961.76,144.6,Moderate
23.87,44.11,0.64,770.27,1102.24,206.6,Poor
29.12,79.39,1.24,634.17,974.26,173.6,Moderate
15.81,36.32,4.84,707.08,953.06,201.9,Poor
27.92,75.7,1.22,771.7,804.11,157.3,Moderate
29.87,69.67,0.19,591.9,751.36,113.1,Moderate
26.3,51.14,0.54,562.82,634.97,118.0,Moderate
31.15,67.59,4.22,559.26,733.68,107.4,Moderate
29.34,55.16,1.51,718.54,783.95,148.9,Moderate
24.75,38.18,0.4,382.97,465.6,56.2,Satisfactory
16.38,38.37,2.86,1100.49,1249.97,304.9,Very Poor
28.8,69.8,0.88,579.47,926.85,141.0,Moderate
22.28,68.86,1.44,298.93,332.06,20.1,Good
24.53,62.36,2.15,557.37,778.09,92.8,Satisfactory
30.87,50.95,5.82,517.23,695.69,84.7,Satisfactory
36.5,54.57,2.15,878.55,1015.23,189.7,Moderate
27.77,52.14,1.13,213.14,254.81,10.0,Good
31.32,26.56,2.71,646.94,816.06,131.6,Moderate
19.33,59.1,2.89,1061.45,1224.37,271.2,Poor
29.47,67.4,1.0,429.46,698.15,137.2,Moderate
27.64,59.22,1.51,587.65,784.97,148.8,Moderate
35.38,89.84,1.71,873.33,1002.51,182.6,Moderate
24.76,39.92,4.99,276.12,468.61,79.3,Satisfactory
26.55,46.1,2.56,661.35,853.37,175.4,Moderate
34.35,60.39,3.94,908.74,1153.77,175.7,Moderate
27.45,62.39,4.86,377.16,493.09,58.7,Satisfactory
21.35,23.78,0.16,571.94,732.69,127.2,Moderate
43.31,68.85,0.15,589.91,659.48,95.6,Satisfactory
21.53,62.47,0.83,668.37,888.44,107.4,Moderate
27.61,20.0,3.39,794.34,1022.16,179.6,Moderate
30.08,55.9,4.36,720.05,885.21,180.5,Moderate
29.61,43.45,0.11,850.54,659.43,155.0,Moderate
26.86,49.84,2.21,711.57,916.85,175.7,Moderate
26.89,33.91,4.14,195.75,377.19,44.6,Good
26.59,65.49,1.06,903.07,988.86,251.8,Poor
21.3,89.71,2.39,826.6,936.15,183.9,Moderate
40.9,62.77,0.31,748.83,700.56,175.7,Moderate
26.68,20.0,3.07,540.42,330.18,95.1,Satisfactory
31.58,63.14,1.42,602.7,614.63,48.5,Good
25.99,54.5,1.25,484.01,474.94,96.4,Satisfactory
25.87,38.18,2.29,80.0,223.92,25.0,Good
25.27,64.37,0.08,844.79,950.84,178.4,Moderate
18.7,73.84,0.87,720.85,907.81,180.1,Moderate
27.04,45.97,4.15,919.04,1072.62,240.1,Poor
25.56,28.41,0.11,305.61,280.17,17.5,Good
35.03,21.79,0.14,498.61,710.09,100.9,Moderate
20.82,46.02,0.99,520.67,661.98,132.9,Moderate
24.54,55.2,1.69,733.45,602.87,110.1,Moderate
22.61,48.71,2.15,178.59,158.36,10.0,Good
36.66,45.7,8.07,852.35,1095.48,218.3,Poor
22.78,68.22,2.24,538.87,700.68,55.5,Satisfactory
31.37,66.33,2.54,218.1,252.56,10.0,Good
33.82,61.59,4.88,952.6,805.08,201.7,Poor
27.12,72.7,0.59,564.07,717.6,101.3,Moderate
19.74,46.19,2.64,644.56,662.27,148.5,Moderate
19.82,38.3,3.35,573.9,354.51,56.8,Satisfactory
33.16,48.6,2.92,198.7,307.43,16.7,Good
20.44,47.36,2.16,133.75,339.94,10.0,Good
30.35,21.08,2.0,612.86,584.14,58.1,Satisfactory
28.69,48.18,0.4,535.59,631.8,81.9,Satisfactory
30.26,77.89,1.13,598.71,608.77,103.6,Moderate
30.83,72.42,6.52,278.96,413.93,29.0,Good
22.4,67.45,0.84,519.36,719.26,106.4,Moderate
22.15,60.37,1.81,873.6,977.98,186.4,Moderate
32.29,84.08,1.68,302.44,367.0,58.9,Satisfactory
24.22,38.92,2.64,327.74,572.39,67.9,Satisfactory
12.0,40.63,1.67,740.7,783.44,159.7,Moderate
31.89,78.24,1.38,566.56,722.5,113.6,Moderate
21.78,58.5,4.02,626.78,600.05,97.0,Satisfactory
30.8,45.92,2.23,437.44,508.28,55.2,Satisfactory
36.36,67.93,2.01,329.73,447.05,21.4,Good
28.1,50.11,0.92,842.83,820.26,144.8,Moderate
33.97,42.92,1.17,1274.93,1381.55,355.8,Very Poor
28.92,42.42,2.32,987.69,1242.85,231.2,Poor
37.52,63.79,4.39,300.87,536.19,66.4,Satisfactory
21.63,61.7,5.77,504.14,647.96,82.4,Satisfactory
27.95,85.3,2.52,163.48,153.77,10.0,Good
32.04,52.78,9.28,1052.97,1435.27,286.3,Poor
26.86,52.47,1.29,510.28,654.34,45.9,Good
34.91,83.91,1.28,430.16,461.61,74.2,Satisfactory
25.41,75.74,5.18,574.71,594.44,106.7,Moderate
40.42,60.61,2.1,532.7,464.32,53.5,Satisfactory
40.73,29.9,0.95,335.93,226.29,41.7,Good
29.69,43.39,1.75,548.98,722.3,88.8,Satisfactory
31.32,39.03,0.49,930.65,812.06,180.5,Moderate
35.15,58.66,1.47,437.65,412.08,65.3,Satisfactory
20.88,48.85,0.41,687.85,750.78,116.8,Moderate
20.13,86.85,0.49,436.74,621.25,49.2,Good
35.54,29.71,2.3,287.13,391.14,24.3,Good
29.64,37.1,0.42,445.01,332.19,64.2,Satisfactory
26.64,62.4,0.7,295.62,328.22,20.1,Good
28.07,67.39,1.12,1029.59,1256.14,303.3,Very Poor
13.68,20.0,3.09,410.93,550.2,111.9,Moderate
26.86,26.76,1.07,941.36,1065.06,243.5,Poor
23.48,53.26,6.32,769.38,968.13,161.7,Moderate
33.51,82.41,0.83,1025.91,1330.12,295.6,Poor
33.97,91.98,0.04,585.59,584.85,122.0,Moderate
31.46,50.54,0.46,260.96,147.51,10.0,Good
30.37,54.93,2.27,802.61,755.8,177.7,Moderate
19.02,42.94,0.49,94.98,174.23,10.0,Good
31.54,69.4,0.8,278.48,424.47,34.7,Good
31.78,85.51,5.14,607.67,931.12,153.5,Moderate
35.47,80.61,6.55,559.09,592.35,84.5,Satisfactory
40.71,57.48,0.23,801.48,998.19,212.1,Poor
17.84,42.91,1.36,295.21,353.61,15.7,Good
25.67,58.15,2.21,518.88,598.2,80.4,Satisfactory
23.55,82.85,4.19,316.76,509.49,33.8,Good
29.04,50.79,1.06,718.49,846.08,165.7,Moderate
28.08,25.32,2.19,634.76,821.08,175.0,Moderate
26.6,51.52,4.87,868.43,1073.14,160.1,Moderate
34.17,52.98,1.81,933.27,1096.03,205.1,Poor
21.39,25.22,0.0,293.85,476.02,61.5,Satisfactory
21.75,62.18,1.35,572.06,746.33,117.5,Moderate
21.85,67.11,0.63,354.54,578.74,53.9,Satisfactory
25.84,91.48,0.69,306.13,553.78,89.0,Satisfactory
20.63,34.02,0.77,737.43,908.12,189.2,Moderate
27.71,71.15,6.18,332.78,567.53,31.2,Good
27.01,75.4,4.43,211.83,483.1,35.6,Good
23.28,67.35,6.99,573.05,819.3,113.8,Moderate
33.24,39.88,9.86,1071.4,1601.91,341.0,Very Poor
27.64,38.83,2.11,1061.78,1111.53,278.6,Poor
34.38,59.75,0.94,255.77,187.67,18.7,Good
26.83,59.62,2.76,1084.49,912.27,213.0,Poor
27.85,47.93,2.88,1147.64,1565.96,354.5,Very Poor
24.62,81.25,0.93,391.46,406.25,51.2,Satisfactory
27.96,50.79,0.9,674.3,776.27,150.6,Moderate
32.27,23.91,1.59,147.19,293.38,10.0,Good
25.53,53.97,0.82,733.69,851.21,162.5,Moderate
31.11,66.64,2.91,614.87,702.98,134.0,Moderate
23.12,64.16,0.32,750.18,792.3,176.6,Moderate
32.55,64.02,3.55,1252.92,1556.49,348.2,Very Poor
24.52,84.89,5.63,408.33,469.13,78.1,Satisfactory
33.11,37.93,6.65,257.12,295.52,12.9,Good
28.37,50.37,11.1,519.87,784.77,116.2,Moderate
37.13,85.81,2.95,513.85,838.69,129.1,Moderate
21.08,22.59,0.24,604.11,595.94,96.9,Satisfactory
19.14,57.03,1.96,695.52,788.13,114.2,Moderate
24.3,80.12,9.22,571.64,568.76,113.5,Moderate
19.69,79.85,6.47,777.93,1029.67,185.8,Moderate
19.7,69.88,1.26,302.63,253.73,45.0,Good
31.73,70.34,0.06,1275.6,1473.57,356.8,Very Poor
27.97,39.26,2.81,603.88,617.9,143.0,Moderate
25.12,82.72,0.21,327.72,634.83,87.0,Satisfactory
25.68,36.4,2.73,1036.97,1294.2,271.6,Poor
24.42,37.47,3.06,495.29,384.17,48.2,Good
37.9,64.98,6.21,284.25,536.82,39.8,Good
23.59,49.13,0.08,832.07,953.13,192.2,Moderate
20.07,61.72,4.23,336.55,100.0,10.0,Good
32.78,65.75,1.6,395.81,475.91,25.6,Good
26.71,90.01,7.64,744.69,810.7,190.8,Moderate
40.23,65.81,3.98,496.45,609.22,73.2,Satisfactory
24.84,46.87,2.13,395.03,340.45,56.3,Satisfactory
33.08,70.18,0.6,328.36,318.25,16.6,Good
34.49,43.03,1.78,466.97,621.62,70.3,Satisfactory
24.87,74.44,5.19,245.61,476.96,22.6,Good
23.54,59.16,1.8,1010.5,985.27,215.1,Poor
32.45,65.21,1.73,603.63,688.08,118.5,Moderate
31.45,25.95,1.83,725.57,912.42,171.4,Moderate
19.54,20.0,0.94,339.44,351.84,37.9,Good
21.23,30.97,0.51,337.74,532.24,64.2,Satisfactory
12.78,89.42,0.64,859.19,1061.96,225.8,Poor
31.57,37.33,2.02,413.47,401.52,50.0,Good
26.43,71.18,4.41,596.27,1089.31,186.0,Moderate
27.03,46.45,2.31,531.68,559.53,114.6,Moderate
17.85,53.68,5.28,1028.26,1079.78,252.3,Poor
21.41,57.2,6.57,331.01,664.1,29.4,Good
25.13,87.59,9.71,425.94,805.46,78.0,Satisfactory
23.97,68.52,0.27,426.03,433.82,34.1,Good
28.71,64.93,3.28,878.2,1069.84,203.0,Poor
31.5,81.34,1.15,1009.61,1108.07,245.2,Poor
41.62,46.6,0.68,1281.58,1649.5,400.0,Very Poor
27.88,77.23,1.47,1015.99,1124.04,260.8,Poor
34.69,74.22,7.19,642.83,728.45,106.1,Moderate
23.02,74.02,5.21,804.55,861.17,130.1,Moderate
17.95,55.21,2.04,712.32,849.74,153.2,Moderate
25.89,50.13,3.8,660.33,784.04,142.0,Moderate
18.41,42.34,2.87,399.65,639.03,90.5,Satisfactory
28.09,43.47,1.47,1135.84,1189.24,294.4,Poor
23.32,41.49,0.81,367.18,288.15,50.5,Satisfactory
16.27,64.6,1.78,286.54,495.29,71.5,Satisfactory
38.42,53.89,4.03,557.64,661.3,136.9,Moderate
24.77,65.77,7.89,793.74,1015.68,168.0,Moderate
18.17,66.78,3.31,417.9,475.57,59.7,Satisfactory
33.39,38.92,1.02,672.05,683.15,183.6,Moderate
23.63,38.38,0.56,684.55,1009.72,168.6,Moderate
34.54,53.88,2.77,328.96,486.77,45.2,Good
23.6,44.05,0.08,1124.91,1258.22,318.3,Very Poor
24.75,42.15,14.4,255.89,307.63,26.5,Good
30.07,88.52,3.25,570.61,858.01,127.8,Moderate
31.56,30.4,6.16,606.11,473.29,113.1,Moderate
32.61,94.42,4.93,1269.31,1638.63,370.2,Very Poor
27.46,63.2,3.2,1146.88,1172.6,304.7,Very Poor
31.17,75.75,3.0,637.0,711.64,144.0,Moderate
32.47,73.63,4.24,372.07,499.58,28.8,Good
29.2,69.11,1.33,458.33,532.14,79.5,Satisfactory
27.14,87.91,2.08,725.38,708.66,144.0,Moderate
19.33,38.52,4.46,960.2,1071.98,250.3,Poor
31.6,55.19,0.26,329.91,414.05,77.5,Satisfactory
28.25,42.65,2.0,636.7,552.42,118.7,Moderate
25.52,27.47,1.75,233.36,368.55,20.7,Good
35.67,46.1,0.07,936.13,958.44,232.6,Poor
19.43,91.71,3.51,772.93,762.4,147.9,Moderate
37.86,54.88,2.51,809.42,1097.78,237.9,Poor
27.87,93.7,2.0,269.17,450.47,27.6,Good
29.91,95.0,5.26,619.34,642.48,100.6,Moderate
25.63,95.0,4.53,174.75,287.28,10.3,Good
18.0,92.3,4.85,604.01,705.05,136.7,Moderate
27.16,95.0,1.78,726.78,929.45,156.9,Moderate
30.01,63.85,1.28,443.84,664.79,100.7,Moderate
32.06,62.11,2.45,304.21,368.42,40.1,Good
26.81,63.31,3.17,510.75,554.25,89.4,Satisfactory
14.84,58.0,3.94,560.87,733.6,142.7,Moderate
18.75,60.69,0.68,600.74,680.24,116.8,Moderate
40.31,71.54,2.97,887.87,1010.68,238.9,Poor
21.44,49.62,5.8,423.75,650.98,108.3,Moderate
36.56,33.2,0.8,758.61,981.29,186.5,Moderate
22.4,64.55,0.06,122.01,278.78,25.6,Good
26.91,45.53,0.01,434.97,484.35,66.7,Satisfactory
31.75,47.39,1.26,488.16,735.16,125.7,Moderate
23.08,55.43,0.51,856.47,913.45,199.4,Moderate
37.55,51.3,3.37,838.01,1062.37,224.3,Poor
28.45,77.98,2.86,595.01,508.19,55.9,Satisfactory
30.77,55.0,0.11,662.55,790.3,173.6,Moderate
26.39,78.89,5.57,624.81,773.4,172.3,Moderate
31.95,61.71,0.9,145.22,380.87,27.4,Good
37.47,56.41,0.62,934.88,1067.84,247.4,Poor
27.21,60.85,2.71,293.08,607.29,14.1,Good
38.38,34.75,1.15,234.17,100.0,24.4,Good
24.33,64.09,2.48,357.08,469.49,68.1,Satisfactory
32.58,73.29,1.69,967.5,1152.94,272.6,Poor
30.93,75.84,6.14,1089.58,918.87,267.2,Poor
21.59,33.66,2.53,580.87,951.05,187.5,Moderate
29.28,30.66,1.47,395.34,556.1,55.8,Satisfactory
28.04,48.34,1.93,780.97,1024.33,235.8,Poor
22.88,82.92,5.06,1066.53,1165.68,260.2,Poor
30.15,61.98,0.69,800.52,813.76,153.0,Moderate
28.88,44.06,3.55,911.39,1199.18,260.3,Poor
27.56,31.85,2.05,690.45,899.33,142.7,Moderate
27.59,45.69,2.11,383.71,500.6,66.1,Satisfactory
27.46,44.47,0.52,856.82,939.48,182.7,Moderate
25.79,74.84,1.27,594.05,915.02,170.3,Moderate
28.84,76.23,0.99,239.68,336.86,10.0,Good
24.14,39.1,2.03,101.7,421.11,13.3,Good
43.94,71.56,0.29,619.7,678.43,133.1,Moderate
19.54,69.71,1.14,445.07,506.58,89.3,Satisfactory
24.49,36.77,5.15,832.42,903.33,195.1,Moderate
24.97,56.49,3.25,466.4,538.19,79.3,Satisfactory
40.24,64.13,1.82,1118.28,1304.91,321.2,Very Poor
20.08,60.94,0.57,997.92,1097.3,275.2,Poor
30.56,27.21,0.89,866.61,927.63,201.4,Poor
29.49,60.36,1.56,354.04,556.68,61.7,Satisfactory
30.0,69.45,0.42,484.48,567.78,83.5,Satisfactory
35.42,86.43,3.02,677.98,644.79,112.5,Moderate
35.29,45.96,2.95,231.22,445.14,60.7,Satisfactory
25.29,48.18,1.12,336.45,415.71,33.5,Good
29.16,54.24,1.66,202.93,100.0,10.0,Good
16.82,63.24,1.63,338.2,471.11,27.5,Good
28.59,59.75,2.76,192.63,372.34,54.9,Satisfactory
23.24,68.88,0.66,327.87,568.47,109.5,Moderate
26.88,37.75,13.5,488.84,466.1,96.6,Satisfactory
17.89,65.14,0.28,1108.31,1342.49,277.0,Poor
30.43,44.64,0.67,885.24,1068.77,225.0,Poor
17.82,55.42,2.37,779.49,657.38,152.0,Moderate
28.89,88.74,8.0,889.9,1315.9,218.5,Poor
20.64,32.83,1.02,426.23,390.95,97.2,Satisfactory
22.9,52.97,0.54,440.14,402.0,80.0,Satisfactory
34.93,35.06,1.4,398.66,424.34,45.9,Good
31.53,60.76,3.64,305.78,323.37,64.6,Satisfactory
34.9,76.87,3.82,822.72,876.75,175.2,Moderate
37.36,61.05,3.23,590.82,597.15,97.5,Satisfactory
23.36,55.9,8.72,439.49,569.77,60.4,Satisfactory
36.99,81.91,3.83,985.23,954.66,197.2,Moderate
19.21,63.95,4.56,476.03,699.69,66.7,Satisfactory
32.48,72.75,4.97,647.56,711.21,104.3,Moderate
25.04,70.87,0.46,365.28,612.56,38.1,Good
22.42,20.0,1.6,404.87,372.03,105.4,Moderate
31.69,56.62,0.69,436.54,464.79,35.9,Good
33.67,38.59,0.78,505.53,690.39,113.8,Moderate
33.49,43.07,1.25,287.12,389.46,39.6,Good
29.29,84.54,2.69,455.29,479.67,46.0,Good
28.79,51.25,7.68,381.25,653.51,83.8,Satisfactory
31.16,92.07,3.5,471.86,582.3,65.4,Satisfactory
29.82,32.66,2.93,588.1,727.71,132.6,Moderate
31.25,38.49,1.28,184.22,372.01,18.6,Good
29.22,71.72,8.34,717.37,934.35,181.3,Moderate
33.06,51.86,0.25,1214.86,1330.17,315.7,Very Poor
18.24,63.53,3.93,441.22,682.79,107.5,Moderate
27.21,55.98,2.2,269.85,318.44,51.9,Satisfactory
19.7,55.43,5.02,329.03,467.33,66.1,Satisfactory
29.66,52.52,1.95,503.48,370.92,67.4,Satisfactory
37.85,61.23,6.26,285.46,383.51,23.1,Good
25.16,69.55,0.57,872.52,1270.01,270.3,Poor
28.76,87.06,0.28,454.58,563.06,65.8,Satisfactory
32.54,54.35,1.32,642.74,712.75,103.5,Moderate
15.59,50.91,2.7,544.82,536.01,80.8,Satisfactory
24.87,48.6,0.87,745.09,661.83,129.5,Moderate
30.19,84.46,2.21,878.18,969.49,205.4,Poor
12.0,70.43,3.27,228.37,234.11,15.6,Good
22.14,23.82,0.63,686.0,831.51,177.9,Moderate
34.61,23.02,0.65,926.21,905.06,214.5,Poor
34.02,43.06,0.19,492.88,478.04,103.7,Moderate
30.25,62.14,6.26,769.39,1146.74,192.6,Moderate
33.29,57.4,6.39,667.59,723.78,128.3,Moderate
29.29,67.27,2.19,283.04,434.65,56.0,Satisfactory
31.33,54.84,0.33,645.21,688.03,131.1,Moderate
26.11,83.15,7.37,844.74,916.06,187.8,Moderate
28.69,71.9,0.66,617.28,567.62,99.2,Satisfactory
24.21,59.4,0.21,162.09,285.46,10.0,Good
35.58,78.62,0.63,1152.59,1430.55,328.1,Very Poor
37.13,28.32,0.52,804.28,942.98,155.4,Moderate
36.28,56.47,0.36,630.44,746.04,137.0,Moderate
25.55,60.48,0.85,278.75,487.52,39.6,Good
22.28,68.84,2.01,508.9,543.12,130.5,Moderate
35.66,27.13,3.88,669.94,832.5,151.9,Moderate
31.26,53.31,1.43,518.83,701.85,55.7,Satisfactory
29.97,65.21,1.44,721.1,626.22,107.1,Moderate
24.2,66.59,1.39,443.4,582.99,57.3,Satisfactory
30.55,79.35,0.21,342.8,349.17,49.4,Good
21.49,71.71,3.79,457.4,550.19,104.6,Moderate
31.8,56.9,5.05,239.07,198.53,10.0,Good
36.27,70.15,7.07,779.81,822.05,169.4,Moderate
37.79,54.38,1.19,1042.73,1259.12,266.6,Poor
32.25,60.64,6.71,696.56,744.2,122.1,Moderate
19.71,72.31,4.25,670.14,788.13,134.5,Moderate
29.18,57.18,0.39,764.15,1195.7,261.0,Poor
40.84,64.52,0.66,1050.93,1216.55,258.7,Poor
22.79,75.3,2.06,734.74,987.64,140.7,Moderate
27.64,70.82,1.44,846.36,1138.31,230.6,Poor
36.48,80.2,0.29,777.2,980.79,189.1,Moderate
31.7,95.0,2.04,1068.52,1244.66,314.5,Very Poor
42.88,70.65,2.09,613.35,793.0,117.3,Moderate
23.6,49.7,4.2,449.94,594.13,95.5,Satisfactory
22.06,67.21,0.97,338.54,348.89,88.8,Satisfactory
35.34,66.44,0.69,592.59,759.33,169.0,Moderate
20.82,69.04,2.46,956.1,995.98,238.0,Poor
26.82,84.91,2.17,892.75,1083.26,239.9,Poor
27.61,27.69,7.89,369.34,370.41,31.4,Good
34.22,85.25,3.94,629.13,851.8,134.6,Moderate
31.69,91.31,0.97,521.79,896.01,115.7,Moderate
30.74,68.23,1.9,470.73,623.92,105.5,Moderate
25.59,68.66,0.28,189.71,468.19,32.7,Good
35.29,53.65,1.18,914.98,1137.59,254.6,Poor
45.0,58.11,2.27,472.47,664.86,87.3,Satisfactory
32.15,70.56,8.21,844.64,757.23,162.4,Moderate
28.6,69.4,0.52,690.77,908.9,133.7,Moderate
20.21,70.97,6.09,126.05,118.66,10.0,Good
24.18,69.28,2.43,396.06,481.27,59.0,Satisfactory
26.72,74.17,3.86,888.78,705.76,205.4,Poor
24.79,72.16,1.83,659.11,787.8,136.3,Moderate
27.9,39.56,0.77,297.5,348.32,34.8,Good
38.67,72.98,5.81,1172.83,1357.57,360.7,Very Poor
35.48,91.45,1.08,1046.87,1232.3,292.2,Poor
27.05,57.52,3.66,304.73,500.15,67.3,Satisfactory
20.75,84.99,0.32,1155.52,1223.15,247.2,Poor
36.02,41.49,0.47,917.44,926.13,256.2,Poor
27.71,57.46,0.06,456.13,588.1,61.2,Satisfactory
17.64,46.46,1.61,466.02,619.09,64.7,Satisfactory
32.27,82.83,2.43,1199.0,1301.04,317.8,Very Poor
34.15,87.53,1.9,714.53,881.1,177.1,Moderate
13.44,56.21,0.18,543.52,611.59,86.3,Satisfactory
23.05,79.08,0.49,391.59,526.51,67.2,Satisfactory
27.34,87.71,3.8,533.91,533.75,88.1,Satisfactory
32.41,57.41,0.94,679.31,898.61,119.1,Moderate
24.91,60.34,2.0,168.64,554.02,10.9,Good
23.01,71.21,0.86,372.06,499.32,94.1,Satisfactory
32.36,42.83,3.4,565.83,612.91,101.7,Moderate
25.19,59.98,0.87,735.59,844.65,138.2,Moderate
31.25,95.0,1.46,290.92,212.47,27.8,Good
21.33,49.0,4.76,294.04,456.55,57.8,Satisfactory
19.89,73.37,1.94,738.54,712.97,132.9,Moderate
32.53,67.43,0.57,282.76,402.02,22.3,Good
29.52,55.05,2.9,464.77,591.66,54.0,Satisfactory
33.53,61.99,0.18,386.3,412.02,49.1,Good
24.8,89.55,0.54,692.77,878.32,144.4,Moderate
23.23,67.96,0.21,695.31,755.62,154.3,Moderate
36.16,70.78,3.49,394.15,492.41,58.2,Satisfactory
18.86,86.82,2.7,290.05,404.3,47.4,Good
35.51,52.79,3.14,586.16,698.52,60.2,Satisfactory
35.92,39.16,2.31,702.17,725.45,122.1,Moderate
33.16,89.83,5.71,756.97,1018.93,198.8,Moderate
23.87,60.46,2.26,298.51,272.24,28.6,Good
23.1,74.08,0.93,751.54,1105.99,232.6,Poor
26.74,44.28,0.61,308.44,464.86,47.3,Good
20.23,64.99,2.22,239.49,325.25,45.3,Good
22.23,38.26,5.3,241.28,322.47,38.6,Good
31.87,59.15,0.3,920.64,1055.73,230.3,Poor
31.9,46.34,3.06,795.79,1074.81,208.1,Poor
21.7,42.2,1.46,1167.24,1177.93,270.5,Poor
32.06,52.54,4.62,844.57,954.04,212.4,Poor
30.73,20.0,0.14,673.46,1113.3,201.7,Poor
37.06,37.12,7.92,383.77,511.51,49.9,Good
31.41,72.08,1.44,872.32,1113.4,223.0,Poor
34.35,64.26,0.09,955.68,1076.81,245.7,Poor
30.86,38.66,8.86,720.3,999.53,153.2,Moderate
33.88,67.86,3.05,575.79,727.63,63.0,Satisfactory
20.28,42.19,1.26,294.35,285.77,10.0,Good
27.27,71.0,2.16,153.91,100.0,10.0,Good
27.77,55.92,4.37,489.26,480.3,68.3,Satisfactory
26.54,52.15,0.47,544.05,671.71,134.3,Moderate
30.66,56.36,1.2,976.31,1266.27,267.7,Poor
31.81,95.0,2.12,412.15,409.34,77.6,Satisfactory
30.35,44.34,1.03,511.81,846.74,168.2,Moderate
26.94,62.08,5.65,580.04,703.57,91.3,Satisfactory
23.59,72.06,2.96,620.6,810.53,146.3,Moderate
34.58,40.68,0.29,1238.44,1172.34,341.5,Very Poor
30.1,29.3,1.36,1068.52,1201.54,315.2,Very Poor
21.89,47.18,0.63,281.15,376.86,15.4,Good
26.84,71.67,3.04,996.92,1129.89,262.1,Poor
17.54,51.84,1.03,854.13,844.37,171.7,Moderate
28.21,53.84,0.09,429.37,504.47,80.7,Satisfactory
26.81,74.39,2.56,450.47,531.92,75.4,Satisfactory
24.55,43.49,0.96,232.22,286.61,16.7,Good
37.51,56.4,6.38,378.99,621.05,97.1,Satisfactory
21.06,30.75,0.37,945.9,1210.76,265.1,Poor
32.24,63.77,0.69,863.01,814.35,203.9,Poor
41.12,62.13,1.28,666.51,657.17,106.8,Moderate
34.46,72.32,2.71,764.85,899.14,149.6,Moderate
27.81,37.39,4.74,479.41,525.74,109.4,Moderate
21.2,54.55,1.2,492.88,590.74,114.9,Moderate
19.83,34.99,2.19,557.38,616.65,113.5,Moderate
25.53,53.57,0.16,507.92,614.03,80.5,Satisfactory
23.88,84.67,0.7,592.6,779.7,91.5,Satisfactory
23.68,52.23,1.06,678.66,837.2,150.6,Moderate
26.04,33.41,1.28,166.38,203.75,10.0,Good
27.39,45.76,3.38,414.53,430.55,61.6,Satisfactory
30.91,29.0,9.29,811.13,843.97,167.2,Moderate
20.57,34.68,0.76,640.26,774.95,180.1,Moderate
23.91,70.08,3.02,784.75,913.36,122.4,Moderate
27.04,31.97,5.62,623.32,733.82,142.8,Moderate
26.83,63.62,5.38,308.83,124.34,10.0,Good
39.02,58.46,0.52,1114.36,1567.18,355.9,Very Poor
29.39,48.43,5.11,381.96,485.52,10.0,Good
18.32,62.09,0.31,444.04,505.24,58.1,Satisfactory
30.51,41.12,0.3,660.18,842.06,119.8,Moderate
31.27,73.14,1.88,647.1,646.42,135.8,Moderate
27.25,45.43,1.05,382.48,354.81,23.8,Good
20.72,51.05,6.83,679.32,677.91,104.4,Moderate
38.55,48.9,1.91,610.11,944.23,162.8,Moderate
21.58,70.41,4.44,297.03,431.24,57.1,Satisfactory
31.96,67.8,1.14,1137.74,1076.97,250.2,Poor
29.2,20.0,4.33,306.71,497.39,59.9,Satisfactory
31.6,62.58,1.71,244.93,150.49,24.1,Good
38.24,26.6,1.71,633.82,764.31,106.3,Moderate
31.37,51.86,4.76,828.27,830.09,178.1,Moderate
24.65,56.05,2.81,533.97,846.41,124.5,Moderate
34.64,51.66,0.72,418.34,376.13,38.2,Good
24.21,67.01,7.87,926.08,879.56,199.1,Moderate
28.98,70.96,1.44,1162.25,1547.51,314.6,Very Poor
20.24,44.08,0.28,556.45,804.34,120.7,Moderate
21.8,43.42,1.81,205.33,206.39,36.1,Good
28.31,57.35,1.59,528.78,718.24,95.2,Satisfactory
30.21,30.21,2.71,732.46,981.72,176.8,Moderate
17.79,49.41,3.18,441.93,128.69,49.0,Good
30.98,82.27,0.18,416.7,502.21,34.7,Good
23.08,30.89,1.3,449.95,481.19,54.9,Satisfactory
35.68,51.88,2.83,769.73,910.96,138.5,Moderate
25.89,47.34,1.75,475.8,293.41,86.6,Satisfactory
21.26,94.09,0.94,302.08,491.29,54.7,Satisfactory
28.45,48.32,3.72,685.31,1014.04,247.5,Poor
22.5,49.36,3.69,818.62,1009.08,243.4,Poor
35.61,39.45,1.59,642.58,719.1,108.8,Moderate
28.0,58.17,0.01,553.66,687.37,101.8,Moderate
27.09,62.86,0.76,624.48,811.83,130.6,Moderate
31.55,42.06,5.63,374.34,586.49,70.5,Satisfactory
21.97,75.8,1.16,735.9,848.96,169.7,Moderate
20.27,62.88,7.59,361.29,470.95,79.9,Satisfactory
30.45,73.33,0.55,919.52,1096.44,238.7,Poor
21.4,52.09,0.33,681.42,874.92,169.0,Moderate
21.4,62.38,6.78,395.16,400.65,41.2,Good
33.02,54.16,0.25,671.0,797.4,114.7,Moderate
31.15,84.24,1.1,631.53,834.25,152.5,Moderate
20.48,60.09,1.32,483.92,540.38,64.2,Satisfactory
24.29,58.16,0.53,295.86,521.87,52.3,Satisfactory
22.58,49.75,4.13,345.74,533.31,70.6,Satisfactory
38.66,48.71,1.43,749.84,595.02,139.1,Moderate
33.44,62.28,0.17,727.57,837.53,137.5,Moderate
25.47,72.75,0.41,242.84,527.45,58.2,Satisfactory
31.46,45.68,0.72,525.06,730.89,99.0,Satisfactory
19.86,60.28,1.89,1188.48,1154.24,289.8,Poor
23.96,61.32,0.26,551.74,655.12,124.9,Moderate
28.63,64.45,9.09,338.15,505.04,68.9,Satisfactory
30.71,27.27,0.86,710.95,917.5,167.0,Moderate
27.42,41.35,5.01,329.79,514.4,68.6,Satisfactory
29.49,33.41,1.03,792.44,654.46,162.6,Moderate
28.47,58.59,0.5,268.73,216.98,10.0,Good
27.02,41.78,4.41,490.21,624.58,104.5,Moderate
26.22,49.07,5.41,203.41,271.86,20.5,Good
25.44,36.5,0.01,916.22,978.74,229.4,Poor
29.39,50.74,2.16,644.98,700.28,121.9,Moderate
30.46,37.77,0.64,414.16,536.87,93.2,Satisfactory
29.19,71.64,2.04,394.0,442.71,19.0,Good
20.93,66.63,1.28,416.92,400.63,58.1,Satisfactory
22.01,60.7,2.71,495.69,590.03,43.6,Good
30.39,52.57,7.43,232.84,293.87,10.0,Good
36.83,21.32,0.37,965.12,1017.44,210.8,Poor
28.91,49.75,1.22,1220.91,1488.68,404.6,Severe
25.53,44.29,4.42,437.12,552.71,79.4,Satisfactory
29.35,62.45,0.4,471.57,539.4,69.0,Satisfactory
21.18,69.15,5.34,556.54,612.56,89.3,Satisfactory
35.85,63.84,1.97,882.31,1010.1,212.2,Poor
29.12,80.73,0.2,1007.21,1223.94,280.8,Poor
23.98,47.77,0.12,371.17,459.54,73.7,Satisfactory
27.0,47.02,0.74,436.58,470.14,67.8,Satisfactory
24.84,76.68,0.91,551.1,588.0,105.4,Moderate
35.87,60.99,0.13,456.43,573.49,26.8,Good
26.79,53.55,2.82,807.11,794.58,175.4,Moderate
28.93,91.24,3.26,727.86,1056.86,208.8,Poor
31.44,68.4,3.1,995.99,980.24,236.4,Poor
23.56,54.57,4.03,220.38,212.18,24.3,Good
29.16,45.65,1.01,285.62,249.0,57.6,Satisfactory
29.65,81.88,2.43,249.51,311.98,38.6,Good
18.68,61.73,4.0,380.46,622.79,89.0,Satisfactory
29.52,58.44,2.85,757.08,1071.77,190.8,Moderate
27.73,70.17,2.2,622.49,802.8,164.1,Moderate
28.78,73.84,5.52,691.16,1010.31,183.7,Moderate
28.21,67.9,1.14,1059.12,1143.93,238.5,Poor
29.56,73.91,1.13,754.64,827.87,183.2,Moderate
36.02,66.12,1.97,623.23,679.5,139.0,Moderate
20.92,67.99,1.96,647.51,724.16,144.7,Moderate
25.95,44.83,1.88,546.49,475.61,90.3,Satisfactory
32.0,90.59,0.15,887.61,1258.05,228.7,Poor
30.89,35.79,4.49,662.57,589.58,82.8,Satisfactory
30.76,63.57,2.42,799.48,862.7,163.0,Moderate
44.52,33.94,0.06,593.27,833.47,134.1,Moderate
31.68,56.23,5.47,269.87,458.84,21.3,Good
34.79,47.72,0.89,226.07,361.13,47.4,Good
26.16,60.44,1.82,400.96,403.42,38.8,Good
22.04,64.15,0.44,326.76,449.97,19.5,Good
26.11,40.79,13.2,214.59,196.27,10.0,Good
32.27,57.47,1.54,709.6,1071.83,170.4,Moderate
30.44,83.09,0.94,320.18,311.29,38.9,Good
30.42,34.38,4.2,519.35,629.55,102.8,Moderate
26.71,42.63,0.34,865.78,1124.89,232.3,Poor
25.76,73.49,4.73,543.48,602.08,74.7,Satisfactory
26.92,59.4,1.37,609.68,539.91,108.1,Moderate
32.35,60.72,3.46,217.9,338.59,10.0,Good
33.04,76.4,2.25,584.11,677.94,147.2,Moderate
21.96,43.71,1.27,235.61,100.0,10.0,Good
32.57,48.65,0.15,112.05,376.66,10.0,Good
24.1,46.43,1.94,273.12,345.34,46.0,Good
30.81,51.73,0.6,400.12,559.41,73.0,Satisfactory
26.85,82.11,1.88,477.62,521.74,60.6,Satisfactory
37.39,27.38,3.85,1193.39,1454.66,367.0,Very Poor
25.49,36.5,2.85,480.21,738.63,128.6,Moderate
29.07,33.42,1.12,431.3,505.22,67.1,Satisfactory
31.64,83.23,0.77,1060.18,1429.37,291.2,Poor
22.76,46.94,0.9,916.77,966.27,218.2,Poor
27.56,52.12,2.08,192.27,375.2,10.0,Good
26.4,28.94,0.96,686.45,962.81,152.6,Moderate
24.92,53.28,0.59,548.53,634.33,64.6,Satisfactory
25.36,73.6,0.26,1063.72,1217.09,287.9,Poor
34.67,62.55,1.06,513.92,750.69,92.2,Satisfactory
24.41,56.06,3.59,496.5,533.04,64.3,Satisfactory
31.4,29.83,3.76,201.25,249.91,12.0,Good
29.89,52.1,2.29,289.68,595.34,89.6,Satisfactory
19.62,60.64,0.03,839.89,1037.59,235.7,Poor
31.12,40.15,2.07,251.28,349.35,20.2,Good
19.52,69.79,6.05,457.78,568.52,84.7,Satisfactory
31.77,73.93,0.3,472.02,491.44,114.6,Moderate
24.96,48.48,1.0,961.55,1190.79,241.3,Poor
28.05,71.06,3.62,382.19,409.95,63.1,Satisfactory
20.23,56.02,0.05,372.43,793.6,61.0,Satisfactory
28.73,78.65,1.03,527.73,599.96,44.9,Good
33.56,94.61,7.25,1113.11,1314.79,368.8,Very Poor
23.16,38.31,6.57,312.6,379.86,33.8,Good
24.36,71.85,6.62,699.78,898.96,131.5,Moderate
30.73,81.49,1.05,409.12,473.59,92.2,Satisfactory
30.88,40.53,5.42,488.83,571.12,74.2,Satisfactory
13.39,47.65,2.15,553.93,692.36,91.7,Satisfactory
40.09,47.45,0.56,1213.14,1388.85,339.7,Very Poor
31.17,55.61,0.81,557.51,859.44,119.6,Moderate
32.18,51.59,2.64,683.23,749.81,149.4,Moderate
27.14,54.43,0.03,658.95,621.85,100.4,Moderate
16.87,73.08,1.42,798.38,759.19,141.0,Moderate
32.05,23.88,1.92,417.03,498.09,89.6,Satisfactory
24.61,40.47,3.14,188.72,401.63,20.4,Good
31.26,70.06,0.08,603.93,1013.98,190.7,Moderate
26.69,67.95,1.44,862.08,944.82,168.3,Moderate
29.43,38.95,4.06,581.17,727.26,138.3,Moderate
23.35,68.07,8.9,617.79,804.35,124.7,Moderate
33.19,81.88,0.56,911.89,1135.1,254.0,Poor
20.87,57.12,5.39,394.15,445.91,52.0,Satisfactory
41.47,39.86,3.85,745.69,706.15,132.4,Moderate
41.43,73.75,6.19,716.91,732.53,133.2,Moderate
37.8,89.01,0.04,797.78,861.89,172.1,Moderate
35.65,42.05,3.33,501.64,689.83,86.8,Satisfactory
27.49,58.71,5.28,813.11,1147.94,228.9,Poor
35.0,77.62,1.66,682.08,733.93,139.4,Moderate
27.42,60.08,1.18,209.18,489.48,10.0,Good
18.68,26.55,1.94,238.68,100.0,10.0,Good
37.02,65.98,4.92,757.98,900.51,144.9,Moderate
34.77,40.38,0.6,454.01,415.02,58.1,Satisfactory
27.81,35.13,0.54,361.72,537.63,44.6,Good
20.65,26.9,0.01,428.27,722.29,102.7,Moderate
24.48,79.43,1.48,570.11,555.3,59.3,Satisfactory
17.07,42.98,0.21,636.07,893.69,186.1,Moderate
33.67,64.0,1.52,649.48,728.16,121.6,Moderate
18.38,68.42,0.44,160.7,100.0,19.5,Good
29.72,60.91,0.85,638.74,855.38,122.4,Moderate
22.94,63.34,1.05,550.76,662.98,93.4,Satisfactory
19.44,64.86,2.03,880.63,1021.69,246.0,Poor
29.43,60.49,2.21,316.22,230.51,10.5,Good
26.0,44.32,1.27,841.59,1103.72,197.3,Moderate
33.03,42.71,0.97,647.41,814.28,98.2,Satisfactory
20.39,56.11,0.84,80.0,100.0,13.3,Good
23.46,55.73,0.11,537.99,709.09,90.5,Satisfactory
13.67,65.73,4.92,797.62,1103.83,227.2,Poor
14.89,77.83,0.56,719.87,848.03,184.8,Moderate
38.79,64.19,1.73,488.93,557.33,62.1,Satisfactory
40.5,43.4,0.28,766.21,822.0,164.2,Moderate
28.56,20.0,3.26,682.33,790.78,159.1,Moderate
23.06,44.16,1.78,435.75,697.99,121.0,Moderate
26.21,33.8,2.39,955.92,895.73,252.5,Poor
33.24,44.85,0.26,891.93,998.73,189.2,Moderate
24.91,62.36,2.51,216.23,391.37,36.3,Good
29.43,59.52,0.05,442.49,542.69,83.1,Satisfactory
27.92,91.45,0.72,905.77,1076.63,238.1,Poor
24.59,66.7,0.32,387.61,375.21,56.0,Satisfactory
24.84,92.37,1.75,945.73,1127.77,250.5,Poor
29.76,70.87,5.23,313.12,381.99,27.3,Good
22.14,77.54,2.94,501.49,493.11,72.4,Satisfactory
30.71,51.54,6.22,755.71,912.68,197.0,Moderate
25.17,38.66,1.84,733.79,1002.26,176.0,Moderate
28.76,49.92,3.32,462.08,520.47,82.6,Satisfactory
36.3,57.79,4.35,1239.67,1210.97,357.3,Very Poor
26.99,46.69,4.3,416.89,451.39,67.0,Satisfactory
33.52,39.98,0.24,782.05,806.86,187.2,Moderate
17.25,65.5,0.54,168.9,232.21,10.0,Good
25.18,39.9,3.9,832.7,927.75,228.4,Poor
28.17,30.4,6.28,788.01,1072.17,233.4,Poor
39.54,37.8,0.49,953.08,985.58,221.0,Poor
16.24,53.78,0.6,626.11,675.67,109.6,Moderate
27.42,40.16,2.91,863.36,976.06,235.7,Poor
36.74,53.89,0.97,350.58,488.77,41.4,Good
23.29,68.81,4.13,823.76,790.89,130.9,Moderate
26.72,68.34,3.16,521.87,585.36,92.0,Satisfactory
29.99,46.11,4.66,361.72,371.87,65.1,Satisfactory
29.11,34.53,1.16,654.38,636.91,140.3,Moderate
37.39,47.64,0.91,1170.25,1376.83,354.4,Very Poor
30.69,69.8,0.61,508.89,628.28,73.0,Satisfactory
35.97,74.01,6.15,987.71,1095.55,250.2,Poor
25.84,64.35,0.26,637.32,793.82,115.7,Moderate
23.56,79.63,0.2,445.3,497.05,85.1,Satisfactory
26.65,89.13,1.9,1037.7,1023.49,249.0,Poor
21.05,49.3,0.89,676.89,652.11,159.8,Moderate
30.9,84.76,4.38,652.17,620.98,99.5,Satisfactory
25.68,53.31,0.17,387.73,578.74,88.1,Satisfactory
23.97,76.36,1.31,572.75,663.06,131.1,Moderate
30.99,70.75,0.07,584.68,528.72,92.0,Satisfactory
21.14,22.41,1.08,433.21,608.61,80.5,Satisfactory
32.62,40.61,1.85,361.23,654.77,56.4,Satisfactory
25.13,36.02,1.54,456.86,398.85,75.0,Satisfactory
34.95,25.92,1.43,638.53,735.26,140.2,Moderate
25.64,73.83,3.19,1079.61,1210.99,276.3,Poor
31.79,95.0,0.45,467.89,594.1,55.8,Satisfactory
29.08,53.36,2.44,555.39,939.58,155.1,Moderate
32.46,73.37,1.37,749.87,802.45,128.7,Moderate
28.66,84.72,1.1,414.79,610.25,82.0,Satisfactory
18.02,61.75,2.72,623.72,449.16,78.4,Satisfactory
34.05,57.54,2.01,780.08,892.46,162.6,Moderate
27.47,53.58,2.6,552.62,642.91,90.1,Satisfactory
32.74,67.68,8.5,519.01,581.96,75.7,Satisfactory
32.14,73.74,1.35,713.49,621.26,116.5,Moderate
23.36,66.31,0.47,475.92,436.98,46.8,Good
22.51,65.69,6.11,93.68,128.46,10.0,Good
31.93,57.08,1.05,585.33,763.57,124.7,Moderate
26.18,29.33,3.17,299.33,195.23,36.2,Good
33.62,74.16,1.54,558.98,861.76,118.7,Moderate
26.93,34.88,0.35,201.4,249.05,10.0,Good
34.14,69.15,1.98,285.92,454.01,58.6,Satisfactory
30.54,71.6,0.66,1066.15,1290.43,341.5,Very Poor
29.73,37.47,0.79,684.6,960.18,171.0,Moderate
25.76,47.06,1.55,294.92,324.21,24.7,Good
29.39,95.0,0.11,349.33,509.92,45.1,Good
35.16,56.57,3.1,373.68,629.4,65.0,Satisfactory
27.67,36.04,0.91,938.02,1298.64,285.3,Poor
31.19,72.42,3.52,832.38,739.39,144.0,Moderate
28.28,44.09,3.39,420.94,464.81,43.9,Good
28.75,23.43,1.29,487.71,376.04,16.1,Good
38.34,67.36,1.85,910.4,900.43,227.3,Poor
35.21,41.5,2.47,846.89,1046.18,194.5,Moderate
28.48,63.78,1.04,965.89,1094.72,226.9,Poor
29.29,43.37,0.06,828.43,885.87,188.8,Moderate
23.79,70.73,1.97,383.74,339.37,10.0,Good
26.96,61.3,4.33,720.29,783.4,114.1,Moderate
29.86,20.0,0.63,417.05,572.57,42.8,Good
33.1,64.88,3.7,712.54,860.26,143.0,Moderate
32.5,52.78,0.28,377.58,646.19,60.4,Satisfactory
21.34,83.5,1.19,618.79,812.08,135.0,Moderate
33.86,65.11,1.41,1135.32,1358.95,276.5,Poor
27.47,71.61,1.59,705.57,664.1,129.1,Moderate
22.08,45.21,0.51,364.1,777.22,94.4,Satisfactory
36.02,43.78,0.29,886.09,891.23,188.3,Moderate
36.78,57.54,1.25,677.1,687.17,107.8,Moderate
29.58,51.51,2.79,534.1,471.94,79.2,Satisfactory
32.25,82.08,0.62,832.71,1111.8,208.4,Poor
32.6,55.24,1.37,835.28,872.36,203.8,Poor
36.37,35.95,8.5,500.57,970.84,119.2,Moderate
32.37,43.1,2.14,279.37,477.72,37.2,Good
20.03,75.37,1.24,933.9,881.1,164.4,Moderate
40.06,54.99,1.52,458.21,509.5,55.9,Satisfactory
34.39,54.03,7.19,411.65,414.56,46.0,Good
24.94,77.08,2.88,719.34,920.05,147.5,Moderate
21.82,41.53,0.67,593.88,440.56,76.0,Satisfactory
31.03,20.0,3.14,1152.8,1318.24,311.8,Very Poor
26.33,42.65,0.4,124.89,100.0,10.0,Good
29.98,62.36,1.79,979.34,1071.33,237.2,Poor
32.46,53.51,5.01,557.49,628.37,114.1,Moderate
24.6,29.91,1.81,273.16,388.75,55.5,Satisfactory
21.3,76.29,0.35,449.03,487.84,75.7,Satisfactory
30.31,60.94,1.63,853.92,1113.03,235.0,Poor
24.8,65.0,4.98,751.39,811.2,198.9,Moderate
28.88,65.55,0.6,299.47,460.18,51.2,Satisfactory
19.94,34.63,3.09,536.93,509.02,60.6,Satisfactory
26.49,63.45,5.22,631.58,907.46,118.4,Moderate
32.29,74.33,2.41,725.95,654.06,143.6,Moderate
31.64,78.53,1.7,605.24,851.28,145.8,Moderate
23.27,70.98,0.68,943.57,998.52,248.2,Poor
20.99,67.24,0.8,710.3,765.96,163.9,Moderate
28.09,26.73,1.23,307.15,469.54,78.3,Satisfactory
31.37,57.73,3.17,784.87,816.59,177.3,Moderate
30.43,40.78,10.23,506.75,603.64,104.9,Moderate
24.93,81.08,0.61,211.84,183.52,10.0,Good
29.79,78.35,2.79,399.4,627.0,44.7,Good
37.01,40.89,4.2,740.18,920.89,183.2,Moderate
29.23,57.17,1.67,875.34,933.98,221.2,Poor
18.2,62.47,1.6,377.03,521.58,113.9,Moderate
29.22,74.21,0.17,323.03,598.3,55.3,Satisfactory
40.26,27.84,1.97,633.62,628.29,93.3,Satisfactory
20.28,20.0,1.52,633.0,522.15,122.2,Moderate
28.18,58.69,1.08,756.24,941.26,155.5,Moderate
26.64,20.0,2.31,509.16,548.16,127.2,Moderate
28.58,60.85,0.45,787.99,844.84,201.5,Poor
29.17,68.66,0.59,741.67,667.94,165.1,Moderate
34.84,80.25,2.01,871.26,987.15,228.5,Poor
28.51,46.79,6.1,465.18,655.01,116.3,Moderate
35.66,60.9,1.34,676.35,777.95,118.6,Moderate
27.29,69.73,1.68,398.54,890.53,129.6,Moderate
25.9,36.84,1.62,879.84,997.14,224.8,Poor
23.98,74.48,0.42,390.89,466.02,58.2,Satisfactory
17.1,62.94,1.16,478.32,516.7,64.7,Satisfactory
29.65,47.1,1.91,285.9,331.35,10.0,Good
40.32,60.54,1.87,595.34,916.59,157.2,Moderate
30.75,55.49,2.49,728.53,775.27,143.1,Moderate
32.12,72.04,0.39,377.87,516.63,61.3,Satisfactory
25.52,51.51,0.75,678.6,831.21,140.2,Moderate
26.53,62.09,0.11,794.3,1006.5,181.3,Moderate
33.91,46.82,5.35,463.78,550.49,34.0,Good
40.05,41.12,0.98,1214.22,1270.83,299.4,Poor
36.93,61.09,2.12,718.96,881.99,132.5,Moderate
32.83,41.86,1.58,417.8,355.94,62.0,Satisfactory
28.21,72.41,0.01,721.08,923.28,166.5,Moderate
29.26,68.66,0.29,533.98,597.22,91.9,Satisfactory
23.48,44.23,1.5,311.17,473.66,52.2,Satisfactory
19.31,61.85,2.75,326.03,628.45,71.9,Satisfactory
21.24,44.15,2.55,718.23,685.7,108.1,Moderate
28.3,29.12,0.23,1036.15,1066.85,248.6,Poor
26.25,47.25,0.42,578.8,561.82,89.3,Satisfactory
19.18,57.09,2.33,485.4,651.81,59.6,Satisfactory
27.78,67.39,2.52,857.03,803.67,185.7,Moderate
26.09,60.69,0.2,298.12,217.71,22.3,Good
20.96,74.34,2.32,968.92,1260.51,297.6,Poor
25.78,40.34,1.49,509.73,612.11,104.7,Moderate
26.07,51.22,1.2,338.7,299.35,20.7,Good
24.3,87.6,6.25,642.87,649.85,115.3,Moderate
33.56,23.24,1.34,258.01,355.25,22.5,Good
16.58,49.86,0.84,849.78,774.6,162.4,Moderate
16.09,38.71,3.35,296.3,359.04,52.5,Satisfactory
28.02,54.48,3.23,321.63,459.22,41.5,Good
28.58,50.18,5.11,667.17,845.61,174.4,Moderate
30.43,68.84,3.03,712.26,734.29,115.8,Moderate
24.77,62.6,2.92,432.25,350.95,24.9,Good
22.49,34.5,1.63,675.61,752.8,120.1,Moderate
27.96,47.41,0.45,323.8,402.87,73.6,Satisfactory
25.35,58.0,2.59,686.96,699.48,144.3,Moderate
37.31,71.31,0.38,559.31,738.66,169.0,Moderate
26.05,95.0,1.62,256.64,100.0,16.0,Good
27.68,70.65,1.57,761.07,937.38,150.6,Moderate
42.85,39.78,1.62,401.46,185.55,25.2,Good
26.83,56.31,0.98,358.88,478.96,46.3,Good
31.34,61.26,10.94,239.75,291.48,10.0,Good
31.88,48.65,1.82,171.66,258.72,10.4,Good
32.39,66.46,4.02,714.69,1002.94,141.6,Moderate
29.74,20.0,2.32,646.95,671.88,123.2,Moderate
29.16,67.96,8.65,579.26,762.43,137.0,Moderate
28.6,49.43,2.34,283.98,497.84,33.0,Good
24.54,56.03,1.83,1045.66,1039.96,264.8,Poor
29.95,84.38,0.26,699.31,1015.56,157.9,Moderate
40.17,35.29,0.28,1018.07,1167.94,244.7,Poor
35.26,62.91,0.79,370.44,304.96,12.8,Good
29.82,72.29,1.3,930.33,1028.98,264.5,Poor
33.13,61.07,0.33,503.21,697.59,103.7,Moderate
22.78,28.94,1.81,152.93,201.68,10.0,Good
26.44,82.31,1.74,371.51,477.86,55.4,Satisfactory
33.69,54.2,6.93,394.92,491.59,51.4,Satisfactory
36.92,48.5,7.78,521.73,760.69,121.4,Moderate
23.37,52.41,3.36,432.48,482.85,71.4,Satisfactory
25.1,51.12,3.45,466.78,661.25,109.4,Moderate
41.09,36.58,4.63,431.27,705.4,114.1,Moderate
28.58,60.97,2.36,494.32,823.08,124.2,Moderate
38.94,47.25,4.86,536.79,638.95,73.0,Satisfactory
29.24,70.08,0.22,235.92,470.69,34.0,Good
29.48,67.32,3.8,511.71,597.58,94.9,Satisfactory
26.17,87.26,0.36,665.16,665.25,134.9,Moderate
33.66,54.19,0.44,773.52,833.38,203.4,Poor
36.15,43.54,4.58,682.66,791.97,134.5,Moderate
21.79,31.54,0.69,288.02,401.67,46.7,Good
25.89,95.0,0.47,537.2,523.82,86.4,Satisfactory
33.49,69.92,2.52,383.14,617.11,80.9,Satisfactory
27.22,45.54,0.6,459.91,546.22,20.1,Good
25.04,88.48,0.47,708.29,980.69,166.0,Moderate
34.06,82.41,0.18,506.95,702.42,89.4,Satisfactory
34.62,33.68,0.93,408.6,448.37,49.6,Good
25.3,44.44,3.33,671.18,820.06,163.1,Moderate
29.27,55.62,3.8,692.96,937.28,128.7,Moderate
20.75,38.74,1.22,722.52,870.48,239.3,Poor
22.63,56.26,6.81,216.38,456.61,31.8,Good
28.74,70.82,2.66,301.11,409.95,41.5,Good
28.19,33.28,4.66,419.44,533.22,50.4,Satisfactory
22.2,63.27,0.8,461.1,567.22,89.5,Satisfactory
23.7,79.03,1.11,449.39,566.46,85.0,Satisfactory
21.61,65.2,1.31,756.49,721.12,168.4,Moderate
30.73,56.64,1.09,537.75,675.08,113.2,Moderate
16.19,45.97,1.71,616.28,754.89,164.5,Moderate
21.93,72.96,2.32,421.02,576.61,52.5,Satisfactory
16.82,36.82,2.17,559.61,538.08,65.1,Satisfactory
30.51,62.37,7.45,125.91,438.9,10.0,Good
17.18,58.46,7.95,80.0,136.88,10.0,Good
28.19,78.26,0.09,390.55,621.6,71.1,Satisfactory
37.84,47.51,5.75,207.05,434.16,23.1,Good
38.04,49.04,7.1,613.61,895.63,163.6,Moderate
17.16,35.65,0.03,688.81,858.73,153.5,Moderate
29.79,65.87,3.21,662.43,652.62,113.2,Moderate
22.07,50.37,1.76,761.02,882.76,166.4,Moderate
20.84,42.48,6.8,560.72,600.32,117.2,Moderate
27.32,44.2,6.43,237.86,353.44,40.7,Good
35.37,67.67,14.46,837.7,1171.91,253.9,Poor
31.6,38.15,3.32,530.85,694.34,100.9,Moderate
23.71,39.75,2.78,860.15,968.9,216.3,Poor
32.23,74.13,0.59,553.48,776.93,134.4,Moderate
14.54,55.01,0.9,887.78,1049.57,226.0,Poor
23.48,75.2,2.91,290.65,630.98,94.3,Satisfactory
23.06,51.53,0.85,735.33,814.87,177.3,Moderate
28.47,57.98,1.75,427.06,381.26,39.2,Good
26.78,60.81,0.12,388.05,462.17,54.2,Satisfactory
27.15,82.97,1.89,571.05,491.28,92.3,Satisfactory
26.95,81.51,0.05,543.26,570.05,62.5,Satisfactory
28.13,78.76,4.52,402.63,413.9,41.5,Good
31.24,46.68,2.0,686.57,730.34,119.1,Moderate
28.9,40.24,0.76,696.25,695.49,155.5,Moderate
26.29,71.69,1.4,344.29,268.67,34.6,Good
30.41,82.78,0.86,697.65,698.02,107.3,Moderate
32.96,78.93,0.54,692.11,947.62,130.5,Moderate
24.66,58.23,1.02,507.87,607.0,92.2,Satisfactory
27.64,71.1,1.03,238.42,513.08,40.7,Good
34.97,71.42,1.24,1218.0,1507.97,359.3,Very Poor
21.38,60.68,0.01,726.19,757.04,121.3,Moderate
38.83,61.46,4.84,546.63,717.39,108.9,Moderate
19.97,59.77,4.92,705.68,888.34,153.2,Moderate
25.93,43.81,1.6,365.73,472.47,45.8,Good
22.3,45.65,8.27,808.81,843.41,138.0,Moderate
41.13,45.37,1.11,648.43,850.96,133.2,Moderate
24.98,29.21,1.84,285.5,401.28,50.6,Satisfactory
24.99,60.57,2.74,251.99,302.45,17.8,Good
25.78,57.27,1.78,363.2,384.77,27.4,Good
28.57,71.72,0.77,680.11,731.24,115.0,Moderate
26.03,80.69,1.7,1268.32,1195.37,306.1,Very Poor
27.2,81.84,0.22,537.87,501.96,82.7,Satisfactory
12.0,83.53,0.55,849.33,1026.1,210.9,Poor
28.34,44.37,4.02,545.65,730.98,118.6,Moderate
28.11,32.22,0.73,593.25,788.63,67.6,Satisfactory
34.23,74.75,1.33,438.4,438.75,71.3,Satisfactory
35.85,82.88,1.24,927.93,1191.98,263.2,Poor
26.87,86.01,2.13,654.88,888.81,165.6,Moderate
32.9,66.73,4.49,334.65,363.55,18.0,Good
21.39,22.06,1.92,707.0,970.57,199.2,Moderate
32.6,64.58,0.24,1287.96,1449.92,367.9,Very Poor
24.57,68.0,0.82,517.87,790.65,99.3,Satisfactory
20.89,80.54,2.44,346.21,627.06,84.9,Satisfactory
26.89,83.73,1.08,360.3,651.74,105.8,Moderate
36.4,74.37,1.13,614.97,778.21,168.6,Moderate
29.09,47.43,1.17,762.76,918.43,149.4,Moderate
36.98,39.48,5.09,1176.74,1393.38,330.0,Very Poor
23.51,67.61,0.35,331.11,521.79,69.5,Satisfactory
34.29,43.74,3.57,987.58,1019.16,262.5,Poor
24.09,84.55,0.78,970.25,1061.41,255.9,Poor
29.35,27.32,1.99,569.01,529.47,68.6,Satisfactory
29.3,68.2,3.01,508.61,629.58,92.7,Satisfactory
31.97,63.75,1.52,671.51,740.61,123.9,Moderate
29.5,54.28,4.23,245.03,586.81,12.3,Good
23.56,41.35,6.75,473.1,656.49,130.3,Moderate
33.28,20.89,7.78,593.52,587.22,78.2,Satisfactory
38.39,48.43,2.61,1124.93,1366.21,326.7,Very Poor
24.5,48.75,0.85,682.33,839.43,150.1,Moderate
16.99,78.01,0.23,203.41,496.26,52.3,Satisfactory
31.0,43.91,0.48,608.3,836.25,146.3,Moderate
26.01,66.15,6.05,193.36,348.08,26.6,Good
27.21,34.74,2.49,761.42,976.02,207.9,Poor
31.34,66.64,1.42,577.44,866.98,123.5,Moderate
25.26,20.0,0.18,766.06,1073.18,213.7,Poor
26.39,95.0,1.12,550.76,609.54,45.8,Good
27.4,55.46,5.88,382.88,366.15,33.3,Good
36.82,20.0,1.98,406.68,516.92,93.1,Satisfactory
28.18,45.08,1.3,728.35,1064.29,203.8,Poor
20.59,42.24,0.76,447.78,762.69,115.9,Moderate
20.82,46.2,1.13,648.01,715.06,97.6,Satisfactory
28.84,51.44,0.9,924.84,1012.88,200.0,Moderate
21.22,46.07,3.52,612.07,730.68,132.8,Moderate
18.63,43.3,0.52,829.6,804.78,189.1,Moderate
31.81,37.14,0.47,759.56,907.02,166.8,Moderate
32.11,72.79,0.64,310.09,283.94,21.3,Good
25.79,79.62,0.95,1058.01,1166.12,240.2,Poor
29.76,53.42,1.74,931.69,1113.11,193.2,Moderate
29.13,57.68,2.47,444.31,807.96,87.6,Satisfactory
31.61,37.73,5.58,473.38,842.02,122.1,Moderate
31.63,59.28,3.99,381.64,460.7,12.9,Good
12.37,62.14,1.17,377.03,475.32,62.1,Satisfactory
26.56,54.05,1.18,207.85,286.41,16.8,Good
31.11,65.13,3.79,721.54,812.88,128.2,Moderate
25.54,63.56,0.93,273.28,304.29,45.3,Good
28.22,39.03,2.94,239.35,200.62,10.0,Good
32.5,79.47,0.18,885.05,1152.09,231.9,Poor
28.49,54.26,2.58,636.33,750.05,128.9,Moderate
37.05,88.16,2.25,654.15,687.3,130.6,Moderate
34.76,65.57,0.95,629.9,590.48,125.4,Moderate
27.29,93.48,0.29,468.65,571.61,49.5,Good
26.81,79.15,0.22,792.17,908.2,141.6,Moderate
12.0,62.09,2.09,458.74,574.58,80.6,Satisfactory
26.04,44.98,2.45,340.98,446.24,105.2,Moderate
19.88,45.37,0.06,337.22,434.75,71.3,Satisfactory
29.33,67.59,0.4,166.84,382.0,51.7,Satisfactory
28.92,60.58,0.49,117.29,380.27,10.0,Good
32.18,47.4,0.69,383.15,598.19,65.1,Satisfactory
36.38,73.0,2.1,880.99,1043.84,200.0,Moderate
27.84,58.7,4.41,300.22,271.78,56.6,Satisfactory
41.68,73.1,4.47,469.91,478.78,71.1,Satisfactory
29.39,40.44,3.24,237.85,420.64,25.5,Good
20.14,75.99,4.29,80.0,113.92,10.0,Good
24.63,67.02,0.52,1006.1,1188.52,264.7,Poor
25.76,79.56,3.16,975.7,1381.42,276.6,Poor
31.55,75.59,3.57,412.24,526.81,47.1,Good
22.32,56.47,0.14,401.32,459.31,35.4,Good
26.21,55.02,5.64,398.78,505.3,55.3,Satisfactory
27.03,90.09,3.72,584.04,822.56,134.2,Moderate
25.31,52.77,0.81,270.31,398.24,27.7,Good
32.87,71.47,0.09,443.24,565.48,74.3,Satisfactory
31.85,51.14,2.04,536.67,559.0,107.9,Moderate
35.0,24.49,1.16,709.64,613.85,131.7,Moderate
26.01,35.91,0.27,322.44,327.52,46.5,Good
35.22,65.31,1.71,741.57,811.09,140.9,Moderate
19.82,70.62,0.96,117.89,193.2,33.8,Good
19.67,65.37,3.75,435.59,488.92,62.6,Satisfactory
20.72,78.63,0.05,265.63,444.12,59.2,Satisfactory
28.06,65.04,4.11,331.69,410.49,45.9,Good
35.21,44.05,1.57,732.33,857.28,142.9,Moderate
24.39,68.7,3.2,244.77,200.65,10.0,Good
25.14,61.05,6.06,806.83,838.54,206.4,Poor
26.7,47.64,2.52,779.04,837.29,147.3,Moderate
31.44,66.51,4.05,1114.89,1125.27,274.0,Poor
25.13,59.43,0.18,414.27,471.01,51.7,Satisfactory
24.8,47.11,0.22,597.84,888.15,158.9,Moderate
19.93,54.8,1.14,425.08,453.7,49.7,Good
24.57,83.44,0.75,593.55,749.42,118.4,Moderate
35.06,82.86,2.72,440.24,432.06,62.3,Satisfactory
28.55,61.39,2.72,595.86,628.41,105.5,Moderate
23.56,59.03,4.95,521.13,730.05,119.5,Moderate
35.42,32.21,1.56,541.58,694.78,89.8,Satisfactory
24.49,88.95,0.18,315.87,470.87,36.1,Good
36.52,76.65,5.0,265.56,326.37,23.0,Good
36.42,71.54,4.79,1199.59,1450.76,349.3,Very Poor
28.34,20.0,1.16,612.83,850.88,158.7,Moderate
19.01,58.74,4.92,346.24,621.42,81.8,Satisfactory
41.74,55.71,1.27,402.0,539.69,71.6,Satisfactory
30.32,70.29,0.38,1029.89,1015.29,217.8,Poor
26.06,49.88,3.96,520.65,622.91,113.7,Moderate
33.74,53.83,0.77,1054.39,1331.58,280.0,Poor
32.21,69.15,4.42,543.68,529.39,39.3,Good
35.87,44.08,0.33,1001.02,994.86,202.3,Poor
24.03,47.67,9.24,170.15,355.37,10.0,Good
29.91,61.48,1.13,954.8,1132.27,202.7,Poor
20.88,82.09,0.99,289.31,637.42,94.0,Satisfactory
32.0,72.55,3.7,971.74,1529.9,339.1,Very Poor
27.86,77.36,2.51,707.0,796.16,193.3,Moderate
29.69,59.14,1.15,994.68,1259.26,253.7,Poor
27.12,84.91,0.95,682.28,1123.25,201.5,Poor
26.49,26.66,7.04,542.57,619.32,106.3,Moderate
22.79,94.4,1.46,548.48,570.57,136.0,Moderate
32.74,95.0,1.53,983.42,1064.08,213.8,Poor
36.94,66.22,0.33,687.61,1011.73,162.8,Moderate
24.66,72.98,5.8,329.08,669.3,32.6,Good
31.32,57.32,0.51,320.75,441.17,15.3,Good
30.59,54.23,0.44,893.64,1207.81,193.7,Moderate
28.05,47.0,4.14,268.03,287.54,28.1,Good
18.84,57.12,2.28,931.42,1200.2,257.6,Poor
20.19,68.01,1.67,538.85,656.78,115.8,Moderate
23.31,65.56,1.78,154.99,326.51,36.3,Good
15.17,93.76,1.71,367.99,398.06,74.8,Satisfactory
36.45,59.8,0.67,920.48,1099.94,214.8,Poor
30.21,31.2,1.43,535.57,551.51,108.2,Moderate
27.82,87.6,1.2,765.05,1007.09,213.3,Poor
14.86,36.02,5.28,523.74,711.17,121.4,Moderate
17.06,47.93,7.38,487.76,565.9,81.0,Satisfactory
27.99,62.89,1.85,694.58,706.2,128.6,Moderate
39.82,65.51,0.93,577.17,586.83,78.6,Satisfactory
23.81,31.98,6.03,177.93,100.0,10.0,Good
33.18,44.56,2.25,360.46,344.29,44.5,Good
25.12,31.35,1.47,219.24,317.72,34.9,Good
28.33,69.19,2.54,560.3,623.18,100.5,Moderate
35.29,79.3,2.78,806.77,833.78,143.9,Moderate
25.92,36.01,0.84,841.72,796.46,187.5,Moderate
23.86,75.92,0.79,417.42,391.36,12.7,Good
36.51,74.75,0.56,482.64,755.25,82.1,Satisfactory
28.27,46.14,1.5,737.04,1008.18,179.7,Moderate
34.55,22.31,1.11,955.15,1375.04,278.0,Poor
23.89,38.72,5.03,668.26,701.0,145.5,Moderate
36.44,47.29,8.43,238.78,316.53,30.0,Good
29.64,85.75,2.2,404.48,560.53,75.9,Satisfactory
30.61,55.87,5.04,464.55,535.47,70.3,Satisfactory
28.79,39.88,0.53,851.84,1141.91,208.0,Poor
24.97,60.66,1.17,538.88,516.88,83.8,Satisfactory
27.99,34.68,1.52,519.74,797.11,127.8,Moderate
25.34,67.26,0.83,251.94,294.54,24.7,Good
33.76,40.4,1.58,318.33,401.08,49.3,Good
26.78,43.01,6.84,480.97,646.11,80.1,Satisfactory
19.02,64.76,1.61,422.7,496.28,86.2,Satisfactory
17.92,89.5,2.7,652.69,869.04,141.1,Moderate
17.64,95.0,1.0,244.82,281.46,10.0,Good
31.71,39.28,2.14,755.09,739.75,98.6,Satisfactory
21.09,47.26,2.43,312.13,529.14,43.6,Good
29.8,67.28,3.49,706.16,807.68,149.8,Moderate
28.82,79.04,0.88,501.39,532.46,89.7,Satisfactory
27.61,20.0,1.24,222.88,228.96,10.0,Good
30.63,59.57,3.83,674.87,700.77,108.2,Moderate
28.95,49.23,0.98,557.88,527.24,81.7,Satisfactory
12.0,23.37,0.34,377.87,485.18,65.0,Satisfactory
26.06,33.93,0.83,252.38,426.82,48.2,Good
30.55,47.78,3.72,352.3,256.05,32.1,Good
37.84,59.06,4.25,928.07,1218.92,264.7,Poor
38.12,76.15,3.12,1140.92,1391.56,326.1,Very Poor
19.82,64.38,4.9,282.71,425.58,45.7,Good
25.9,75.06,6.39,305.49,275.42,33.9,Good
18.6,58.48,3.28,310.21,589.91,57.8,Satisfactory
37.12,45.31,1.37,459.86,437.92,28.4,Good
34.08,54.69,0.2,931.46,1161.23,223.6,Poor
30.1,70.52,0.31,501.27,790.52,143.6,Moderate
29.0,76.59,0.58,570.94,726.01,119.6,Moderate
36.28,55.34,4.4,403.98,427.55,56.8,Satisfactory
35.27,41.28,0.64,440.22,627.78,71.5,Satisfactory
34.95,64.04,0.63,558.82,702.36,91.7,Satisfactory
30.74,66.6,0.73,1058.25,1212.62,281.1,Poor
25.9,80.19,1.57,370.08,546.22,73.4,Satisfactory
32.6,45.78,2.2,713.97,611.8,85.8,Satisfactory
32.9,45.98,2.19,679.62,924.1,144.0,Moderate
26.86,71.61,0.76,722.05,845.3,159.5,Moderate
25.89,50.67,4.15,649.5,832.3,138.3,Moderate
34.8,49.91,1.44,763.94,737.49,119.8,Moderate
37.98,80.57,3.64,347.48,161.98,20.9,Good
23.5,33.32,1.68,587.57,650.69,159.1,Moderate
26.42,95.0,0.73,1399.91,1613.39,421.0,Severe
30.11,46.97,1.03,301.16,542.44,24.2,Good
30.92,73.6,0.54,519.03,573.0,72.0,Satisfactory
24.87,56.04,0.16,833.56,1052.96,210.7,Poor
39.3,62.88,1.9,824.88,1003.78,190.0,Moderate
30.53,53.27,0.43,967.68,882.42,205.7,Poor
31.19,73.42,0.25,331.56,465.58,57.0,Satisfactory
38.55,51.75,3.47,1084.22,1221.57,286.5,Poor
25.31,47.69,5.18,804.67,773.23,142.8,Moderate
27.47,90.64,0.64,866.0,1020.61,225.0,Poor
20.48,58.53,17.91,183.94,324.92,21.1,Good
26.97,45.84,3.38,322.37,320.86,31.1,Good
19.07,31.17,1.88,567.11,522.45,116.0,Moderate
32.49,91.58,0.06,355.11,434.92,13.3,Good
30.52,48.07,2.66,446.44,526.1,70.0,Satisfactory
26.34,95.0,0.35,508.45,560.14,109.9,Moderate
27.4,65.18,0.44,338.83,421.13,87.0,Satisfactory
32.57,60.57,2.94,833.91,931.74,166.8,Moderate
21.19,61.06,8.3,154.63,462.17,65.5,Satisfactory
29.23,95.0,1.98,864.3,933.66,194.9,Moderate
32.2,20.0,4.11,694.58,835.61,156.9,Moderate
17.31,61.86,8.17,257.16,438.45,50.6,Satisfactory
32.11,53.23,0.15,208.88,297.69,13.7,Good
17.96,54.16,2.98,878.13,1065.41,257.5,Poor
27.29,60.69,5.34,393.29,530.21,49.3,Good
21.02,53.21,4.63,553.37,458.67,83.5,Satisfactory
36.59,61.39,5.0,760.73,813.87,154.2,Moderate
21.06,57.58,0.88,179.95,241.23,10.0,Good
18.1,34.36,2.28,565.52,580.39,79.7,Satisfactory
28.8,64.86,5.39,714.47,829.17,155.8,Moderate
25.52,70.89,2.88,753.3,946.53,191.2,Moderate
18.97,48.24,0.28,157.66,171.73,21.0,Good
31.15,91.62,0.38,1241.68,1497.52,377.8,Very Poor
16.05,82.04,4.76,420.67,698.93,82.3,Satisfactory
21.78,73.19,3.06,472.94,610.53,61.9,Satisfactory
24.55,72.97,3.64,213.61,190.82,17.1,Good
32.81,58.54,2.55,219.38,354.23,17.0,Good
35.77,78.54,3.66,757.21,927.34,151.5,Moderate
34.62,86.27,3.63,328.0,539.06,27.5,Good
27.08,72.54,0.01,679.2,642.69,116.9,Moderate
13.44,47.73,0.08,456.74,489.43,75.8,Satisfactory
30.35,57.29,0.65,635.61,903.1,127.6,Moderate
36.82,68.33,2.54,643.48,731.36,138.1,Moderate
35.4,73.08,2.27,264.12,479.61,102.2,Moderate
30.78,56.61,0.4,803.61,903.52,172.8,Moderate
20.86,47.8,6.41,640.59,769.73,129.5,Moderate
24.85,86.52,3.54,347.37,418.11,40.5,Good
39.6,38.7,0.08,294.63,484.06,53.4,Satisfactory
19.5,41.06,2.0,665.73,638.22,117.5,Moderate
21.11,34.11,0.34,209.24,463.85,34.4,Good
33.66,41.02,2.46,516.74,527.29,40.6,Good
25.41,80.45,1.61,861.99,1002.08,240.0,Poor
20.91,81.05,1.1,453.73,627.17,61.9,Satisfactory
37.17,56.67,4.28,412.37,563.65,79.1,Satisfactory
30.77,66.93,4.21,556.47,683.62,137.1,Moderate
25.71,57.81,0.79,576.59,659.59,88.7,Satisfactory
21.13,36.54,4.65,435.84,441.74,60.3,Satisfactory
40.28,95.0,0.84,938.58,1212.28,255.0,Poor
27.85,82.75,0.22,1034.15,1458.28,296.4,Poor
36.38,64.38,0.08,540.2,257.68,56.6,Satisfactory
33.36,42.59,0.93,1047.13,1194.34,318.4,Very Poor
24.87,53.95,1.04,957.51,900.66,189.0,Moderate
24.92,45.54,2.06,650.22,621.76,83.5,Satisfactory
36.68,59.76,0.65,847.7,897.6,227.2,Poor
36.78,63.58,4.58,610.09,886.71,126.6,Moderate
16.74,51.86,0.11,488.06,449.6,24.3,Good
31.3,31.82,0.82,557.61,851.92,122.1,Moderate
27.27,95.0,0.29,859.3,957.31,176.3,Moderate
21.8,62.28,1.55,330.55,382.42,52.1,Satisfactory
29.57,66.22,0.11,80.61,212.29,10.0,Good
19.9,50.4,1.14,755.15,1000.91,208.4,Poor
25.2,29.88,0.79,687.02,709.79,149.7,Moderate
23.21,56.5,1.15,614.98,873.12,171.9,Moderate
25.0,52.18,1.31,474.7,735.94,84.4,Satisfactory
27.57,70.77,7.48,813.33,1136.54,259.4,Poor
21.91,74.31,2.6,855.61,1005.08,212.1,Poor
37.44,71.77,2.57,1210.03,1399.83,319.1,Very Poor
30.96,75.79,0.77,1410.77,1654.2,357.8,Very Poor
38.77,90.47,4.08,614.76,693.79,128.1,Moderate
27.04,65.02,4.56,331.36,535.88,28.9,Good
24.71,77.79,3.13,725.22,881.62,153.9,Moderate
38.55,66.89,2.85,660.2,1070.16,163.4,Moderate
24.53,23.8,0.19,705.16,893.56,134.1,Moderate
26.93,55.22,2.48,572.37,306.48,82.7,Satisfactory
32.32,42.38,6.02,529.38,608.63,75.4,Satisfactory
20.57,62.17,2.6,354.8,582.36,72.2,Satisfactory
32.27,43.76,3.58,940.71,1266.29,267.4,Poor
31.5,68.9,1.15,306.07,297.32,10.0,Good
35.62,75.66,0.69,294.75,355.25,18.6,Good
33.34,79.66,0.35,672.8,1003.66,117.7,Moderate
35.8,87.15,5.19,643.4,844.9,119.2,Moderate
27.34,27.83,1.46,190.13,276.46,47.0,Good
22.82,36.42,4.61,144.96,204.84,32.1,Good
40.66,95.0,0.99,864.41,852.54,211.2,Poor
18.84,76.17,4.89,272.7,284.65,44.9,Good
19.44,62.04,1.83,104.62,194.28,10.2,Good
31.39,58.58,1.14,689.2,924.15,185.0,Moderate
37.75,56.98,1.15,485.52,663.62,79.9,Satisfactory
29.14,23.19,3.94,875.48,1111.49,303.1,Very Poor
34.0,44.1,2.6,861.62,1139.24,227.9,Poor
16.03,55.99,3.96,673.35,430.71,108.1,Moderate
25.0,45.11,5.95,827.13,747.14,201.1,Poor
16.76,47.47,1.34,583.64,775.51,150.0,Moderate
32.68,95.0,3.18,895.52,1180.76,254.2,Poor
18.72,53.47,1.56,241.79,100.0,10.0,Good
20.33,63.01,1.04,808.67,1011.44,237.1,Poor
31.08,62.37,2.64,824.58,1081.54,181.6,Moderate
34.37,68.61,0.19,657.0,646.09,126.9,Moderate
27.05,49.41,4.35,137.96,406.64,21.1,Good
31.42,80.45,2.34,735.49,816.0,170.9,Moderate
31.23,65.98,0.73,753.49,959.86,141.3,Moderate
26.71,34.83,2.4,408.08,747.9,78.7,Satisfactory
21.43,56.06,0.1,581.44,935.87,168.0,Moderate
31.39,54.9,0.33,349.42,403.95,21.7,Good
31.68,54.07,0.33,1123.99,1019.42,246.4,Poor
33.36,67.17,0.28,549.45,407.57,73.8,Satisfactory
29.87,69.43,1.39,1004.9,911.02,228.8,Poor
20.99,67.3,2.39,766.63,1045.0,206.9,Poor
32.14,64.1,13.23,500.9,502.38,79.5,Satisfactory
27.99,59.54,4.98,626.13,995.29,190.9,Moderate
25.1,20.0,0.05,219.37,295.22,60.6,Satisfactory
26.23,72.0,7.64,658.61,709.6,149.2,Moderate
23.86,66.79,0.74,583.73,491.63,88.4,Satisfactory
33.33,40.27,2.96,639.27,934.17,128.6,Moderate
19.49,63.05,1.43,442.02,624.63,59.5,Satisfactory
22.04,69.66,8.06,391.84,648.05,98.6,Satisfactory
26.03,79.08,4.6,794.6,920.5,182.7,Moderate
37.68,67.19,7.1,871.31,1180.33,212.3,Poor
34.33,63.79,3.12,260.41,514.38,10.0,Good
18.15,75.04,0.98,419.94,495.32,82.6,Satisfactory
36.11,52.48,3.58,523.3,719.35,126.9,Moderate
36.1,65.42,5.95,713.7,927.73,207.4,Poor
20.96,46.82,0.59,857.03,1034.17,220.0,Poor
12.87,77.99,2.75,438.86,780.81,118.8,Moderate
27.57,29.03,4.14,317.84,434.16,28.3,Good
34.73,72.7,0.87,881.6,774.45,219.2,Poor
37.55,58.32,1.16,147.19,227.77,10.0,Good
22.78,75.38,1.58,1150.89,1301.45,327.7,Very Poor
38.51,43.95,2.77,688.05,906.44,150.0,Moderate
14.63,59.62,1.83,580.52,671.81,108.4,Moderate
25.79,59.09,2.04,1132.32,1427.97,372.9,Very Poor
25.5,65.81,8.8,379.66,360.19,51.8,Satisfactory
34.91,39.14,1.75,351.52,224.57,10.0,Good
35.79,69.45,6.66,563.87,677.01,112.5,Moderate
33.73,24.77,12.17,709.76,866.03,160.8,Moderate
19.9,45.98,0.67,390.64,398.93,50.2,Satisfactory
33.18,29.87,4.72,343.45,512.13,94.0,Satisfactory
31.05,72.91,1.06,441.93,574.38,75.7,Satisfactory
17.97,65.2,4.53,534.81,596.83,112.7,Moderate
15.6,66.21,1.02,323.87,520.47,13.5,Good
34.23,84.52,3.92,1174.52,1317.63,288.2,Poor
26.92,52.31,2.11,391.05,721.7,75.6,Satisfactory
20.29,68.97,6.16,354.73,443.95,60.7,Satisfactory
26.75,59.19,1.0,380.86,504.03,72.2,Satisfactory
30.18,56.45,1.73,497.52,566.25,36.8,Good
27.5,81.52,0.94,713.24,914.83,200.2,Poor
18.69,95.0,0.31,772.17,932.75,159.8,Moderate
39.31,50.23,2.67,967.0,986.64,235.6,Poor
34.03,73.01,1.74,573.77,703.11,119.2,Moderate
25.99,63.74,0.09,524.03,660.67,97.7,Satisfactory
26.23,63.96,6.34,514.8,442.85,79.6,Satisfactory
30.16,62.45,1.99,291.44,469.09,60.9,Satisfactory
21.22,52.0,0.9,426.32,466.15,75.5,Satisfactory
29.94,20.0,3.97,372.67,432.61,63.6,Satisfactory
20.02,85.63,5.1,700.31,803.5,145.4,Moderate
27.58,45.49,0.37,465.27,480.15,74.8,Satisfactory
20.99,53.65,0.28,154.15,213.66,10.0,Good
21.29,54.03,1.16,537.04,723.09,118.0,Moderate
37.87,43.89,2.85,912.15,1273.54,293.2,Poor
28.36,62.32,7.33,319.56,374.54,63.2,Satisfactory
29.24,57.2,9.3,469.43,684.79,113.6,Moderate
15.93,45.1,2.22,603.63,864.97,143.6,Moderate
24.42,60.69,5.93,410.12,652.88,96.3,Satisfactory
30.77,57.41,5.57,749.5,957.02,187.5,Moderate
29.16,74.7,1.74,555.02,430.06,109.4,Moderate
15.08,33.87,1.13,900.53,1017.87,250.5,Poor
29.24,43.5,3.05,349.26,589.77,98.4,Satisfactory
30.2,71.06,2.28,231.74,311.38,35.2,Good
35.7,46.48,0.83,586.27,643.25,97.2,Satisfactory
24.07,41.74,1.75,786.98,776.72,155.5,Moderate
14.55,47.37,1.27,581.69,599.84,74.5,Satisfactory
22.02,56.18,1.93,294.72,308.23,21.5,Good
21.42,56.25,5.09,645.36,648.74,110.7,Moderate
32.42,54.22,1.26,937.25,1217.27,231.3,Poor
12.0,39.49,2.53,680.34,952.36,176.3,Moderate
25.31,71.92,1.71,239.76,123.49,10.0,Good
36.55,81.87,1.69,710.91,1103.9,156.0,Moderate
28.04,23.61,1.42,481.78,615.13,107.1,Moderate
33.38,30.04,3.14,532.31,524.65,77.2,Satisfactory
18.15,76.05,0.01,248.4,399.19,35.7,Good
18.39,86.26,3.19,324.65,407.13,67.8,Satisfactory
36.62,20.0,2.36,1037.71,986.06,235.8,Poor
28.61,72.68,2.2,565.8,410.05,89.1,Satisfactory
28.62,87.48,0.12,786.94,855.41,149.2,Moderate
21.29,42.48,4.94,598.22,811.66,135.5,Moderate
28.6,86.43,1.37,183.93,117.36,21.4,Good
21.12,54.8,1.28,267.47,372.34,22.3,Good
35.12,63.66,0.61,1139.65,1332.74,340.9,Very Poor
44.37,45.05,0.73,445.04,382.58,54.7,Satisfactory
30.9,76.02,0.11,399.91,515.9,73.5,Satisfactory
24.19,73.02,2.02,569.94,863.77,160.4,Moderate
12.8,89.04,0.99,667.75,637.28,140.0,Moderate
17.89,83.93,4.25,534.33,641.21,108.3,Moderate
37.33,57.84,2.66,678.25,945.33,137.9,Moderate
21.82,95.0,2.29,266.75,255.64,61.4,Satisfactory
25.77,82.31,1.13,181.12,330.79,10.0,Good
31.93,67.73,1.5,493.25,709.87,45.5,Good
36.89,40.05,7.12,276.28,245.36,47.8,Good
26.8,30.46,1.11,661.52,858.26,157.5,Moderate
25.57,31.99,1.43,831.65,876.79,198.8,Moderate
28.43,41.19,0.5,851.76,860.88,203.5,Poor
24.23,82.79,1.3,80.0,399.17,32.1,Good
24.56,66.77,1.91,811.74,968.42,234.0,Poor
30.47,46.96,0.51,963.91,1280.69,283.8,Poor
29.11,55.55,0.09,706.17,857.32,153.2,Moderate
40.79,53.36,1.46,629.92,738.32,130.9,Moderate
30.63,72.4,6.31,548.61,615.25,66.5,Satisfactory
34.91,42.18,1.8,248.85,657.9,53.4,Satisfactory
21.57,64.29,2.43,844.16,990.72,235.7,Poor
31.15,63.4,1.22,206.47,368.0,21.2,Good
23.66,42.72,2.89,548.6,778.37,109.3,Moderate
30.37,86.58,3.7,1036.1,1221.95,298.5,Poor
32.13,52.68,5.33,714.66,817.05,141.2,Moderate
28.3,40.13,6.77,686.39,782.26,131.3,Moderate
42.44,73.35,2.6,701.66,651.12,107.3,Moderate
36.57,58.98,5.46,546.96,654.05,102.7,Moderate
35.06,65.35,4.27,1178.29,986.08,282.1,Poor
32.59,36.68,2.96,416.72,511.82,88.5,Satisfactory
38.58,72.62,1.76,782.5,808.88,120.9,Moderate
19.38,95.0,0.04,415.04,384.82,18.0,Good
36.22,35.27,10.33,541.65,888.21,140.0,Moderate
22.05,64.38,2.05,668.84,850.36,126.9,Moderate
24.61,43.86,1.08,414.19,643.31,110.1,Moderate
31.37,95.0,1.08,790.73,621.09,66.1,Satisfactory
35.4,80.31,3.65,703.98,926.59,192.2,Moderate
21.08,63.08,0.34,577.72,570.91,86.9,Satisfactory
24.92,35.9,6.29,190.11,219.79,37.5,Good
28.59,40.25,2.56,139.25,338.81,21.5,Good
26.88,71.43,0.81,345.13,394.52,77.7,Satisfactory
33.12,33.48,3.2,385.18,415.34,80.7,Satisfactory
45.0,34.04,3.95,745.52,864.04,165.3,Moderate
30.52,58.16,0.77,1071.27,1307.42,285.6,Poor
23.59,60.4,3.09,390.16,657.15,38.5,Good
20.22,64.84,1.24,232.23,362.37,10.0,Good
26.05,50.09,1.26,962.04,1105.81,254.8,Poor
22.36,74.56,1.43,476.64,532.75,114.5,Moderate
30.81,42.49,0.01,1160.58,1491.67,361.3,Very Poor
30.71,69.28,4.96,423.82,575.79,62.9,Satisfactory
25.22,61.85,1.3,525.03,716.02,92.9,Satisfactory
39.91,68.81,1.24,456.48,464.57,64.0,Satisfactory
23.59,79.28,5.58,339.05,390.38,37.6,Good
27.28,49.8,2.79,271.85,247.9,16.1,Good
31.83,46.1,0.66,580.14,975.34,121.2,Moderate
33.35,27.61,2.43,818.79,825.58,194.9,Moderate
35.67,21.66,2.89,515.02,479.12,101.9,Moderate
30.57,54.83,1.51,873.63,939.51,191.2,Moderate
34.31,56.06,8.19,523.75,549.42,50.7,Satisfactory
24.01,38.45,1.44,282.32,331.05,39.1,Good
33.51,42.32,1.83,527.66,553.87,89.0,Satisfactory
33.43,85.42,1.9,623.81,625.88,107.1,Moderate
37.08,73.77,3.71,668.46,1186.73,168.1,Moderate
17.99,35.29,0.57,308.42,302.1,65.8,Satisfactory
22.56,50.04,4.17,563.49,483.99,79.5,Satisfactory
32.94,65.31,11.16,783.79,865.3,214.7,Poor
12.09,46.72,0.23,467.36,394.3,48.7,Good
30.95,43.44,0.63,884.01,1024.01,209.1,Poor
34.36,51.91,0.17,990.77,1195.0,220.3,Poor
24.54,77.63,0.6,447.78,601.52,72.3,Satisfactory
25.42,79.27,0.66,666.74,971.04,184.8,Moderate
21.56,44.76,3.97,621.07,514.55,92.9,Satisfactory
24.87,66.29,5.45,747.67,1177.97,225.4,Poor
25.04,57.88,2.41,292.04,394.3,21.5,Good
23.9,39.85,4.88,475.24,693.6,104.7,Moderate
23.57,52.65,3.66,311.57,583.35,46.1,Good
26.37,35.24,0.87,450.79,350.14,34.2,Good
26.3,78.93,2.72,682.49,653.4,130.3,Moderate
39.24,85.94,0.5,580.58,763.24,107.0,Moderate
25.63,50.61,1.83,143.84,288.12,10.0,Good
30.06,46.32,2.27,647.65,654.27,104.5,Moderate
24.54,76.98,3.27,979.39,1019.46,193.4,Moderate
24.46,79.89,7.47,746.52,680.28,193.7,Moderate
17.77,37.94,0.31,510.15,513.72,57.3,Satisfactory
18.57,55.34,1.77,328.13,306.73,15.2,Good
20.76,56.94,6.37,603.35,704.97,117.0,Moderate
29.1,44.13,0.79,692.31,860.44,132.4,Moderate
34.46,64.95,0.53,598.51,611.0,89.2,Satisfactory
17.28,45.4,3.58,454.98,565.72,92.6,Satisfactory
24.71,48.28,3.08,781.02,1146.3,205.2,Poor
19.8,56.18,0.17,595.12,783.21,126.8,Moderate
26.41,31.2,0.96,413.79,471.38,48.7,Good
34.45,20.98,0.42,1169.91,1308.79,334.5,Very Poor
25.32,74.53,0.42,771.4,983.56,167.3,Moderate
27.71,44.67,2.87,623.43,761.95,129.0,Moderate
36.73,95.0,2.87,480.1,545.89,84.7,Satisfactory
30.75,93.49,1.78,476.55,677.51,116.9,Moderate
23.44,48.88,0.3,821.83,956.38,196.6,Moderate
28.95,95.0,0.44,114.08,257.19,10.0,Good
23.03,74.88,2.64,506.94,643.79,82.9,Satisfactory
30.52,46.38,0.21,789.65,800.39,174.6,Moderate
31.09,20.0,0.08,553.01,672.77,119.9,Moderate
19.8,70.39,1.05,493.53,465.0,62.4,Satisfactory
29.05,58.56,1.79,711.29,844.82,157.6,Moderate
27.29,65.76,0.12,954.31,1018.99,218.4,Poor
31.27,53.88,2.75,380.19,395.79,19.6,Good
32.99,37.41,1.58,803.6,1020.47,210.6,Poor
30.86,50.31,0.38,1027.29,1045.26,264.2,Poor
26.18,70.72,1.97,682.25,874.47,162.8,Moderate
33.6,51.62,0.04,786.49,889.95,172.3,Moderate
22.76,51.51,1.16,289.02,338.19,10.0,Good
20.08,30.65,1.22,955.65,1426.92,313.6,Very Poor
12.0,59.64,1.82,335.42,431.1,81.5,Satisfactory
27.58,37.99,2.06,171.63,347.58,30.4,Good
23.07,74.53,3.75,843.68,1281.07,206.4,Poor
30.39,44.79,1.71,167.04,305.46,34.4,Good
16.17,52.68,0.2,391.04,403.64,48.5,Good
24.12,95.0,0.54,1166.72,1186.07,320.3,Very Poor
30.82,52.48,0.11,605.42,558.13,107.9,Moderate
21.82,50.07,9.31,430.45,532.39,81.7,Satisfactory
30.46,68.54,8.21,576.73,445.17,65.9,Satisfactory
24.66,25.87,0.19,569.96,893.37,177.5,Moderate
27.8,80.51,4.4,812.24,667.26,121.7,Moderate
31.57,75.89,2.71,631.89,713.2,91.3,Satisfactory
33.72,67.44,5.14,358.71,338.63,43.3,Good
28.55,20.0,0.57,1164.49,1282.62,285.2,Poor
23.12,53.33,2.72,843.32,1183.63,226.0,Poor
25.25,35.09,0.77,400.87,434.77,51.2,Satisfactory
31.82,78.23,0.39,341.65,493.03,26.9,Good
21.87,76.95,1.95,685.72,879.65,166.7,Moderate
26.93,64.98,3.63,846.73,853.24,201.7,Poor
25.68,36.34,3.32,778.97,722.98,192.2,Moderate
27.38,84.9,4.69,631.21,872.79,170.8,Moderate
21.94,53.28,0.64,391.75,470.61,84.3,Satisfactory
16.89,90.5,8.16,268.51,478.44,24.1,Good
31.12,62.78,1.89,678.14,774.67,167.4,Moderate
33.78,67.12,0.36,694.72,867.35,137.2,Moderate
17.25,49.71,4.38,304.81,438.22,85.2,Satisfactory
30.21,83.33,1.62,409.53,516.18,46.1,Good
34.5,68.95,0.91,912.06,962.46,238.5,Poor
31.58,83.97,1.63,569.81,659.74,95.8,Satisfactory
25.5,61.2,0.07,523.0,782.33,106.8,Moderate
22.34,57.15,6.83,770.26,897.71,205.1,Poor
28.49,68.71,3.05,544.19,696.77,74.3,Satisfactory
29.49,83.97,1.89,499.8,594.43,80.8,Satisfactory
28.57,76.3,1.24,648.83,931.85,137.6,Moderate
26.92,60.49,4.9,520.37,731.4,101.0,Moderate
21.5,24.57,7.17,116.44,261.9,54.4,Satisfactory
30.54,72.59,0.29,1217.56,1349.6,306.7,Very Poor
30.83,32.1,1.89,569.54,855.48,136.3,Moderate
29.2,58.63,2.55,663.4,750.25,107.4,Moderate
28.67,55.92,4.86,423.91,598.16,74.5,Satisfactory
38.08,32.48,3.5,621.43,758.14,125.9,Moderate
24.25,64.71,2.72,725.94,904.65,176.4,Moderate
35.69,95.0,1.71,237.41,200.16,34.8,Good
23.6,52.37,0.23,584.69,789.94,100.0,Satisfactory
34.65,71.79,2.04,564.57,821.05,129.8,Moderate
35.4,95.0,1.31,836.78,1168.28,209.8,Poor
26.24,73.53,0.29,329.59,487.22,49.3,Good
37.97,46.39,7.19,248.1,158.9,10.0,Good
30.81,62.27,1.86,387.18,405.29,45.7,Good
22.74,66.65,3.41,219.67,317.43,33.6,Good
25.76,83.81,1.38,947.65,872.49,203.1,Poor
34.8,79.85,0.46,686.36,829.41,139.4,Moderate
33.54,20.0,3.65,318.05,332.82,58.9,Satisfactory
21.65,42.59,7.6,664.01,419.58,97.7,Satisfactory
27.16,56.74,4.8,350.33,460.81,34.7,Good
29.22,39.72,2.84,171.45,218.03,18.5,Good
24.95,20.0,1.33,1332.89,1588.84,441.8,Severe
42.15,44.94,2.33,976.27,1071.13,288.5,Poor
29.4,57.94,3.54,701.82,832.74,130.9,Moderate
27.63,48.54,1.2,672.84,630.25,113.7,Moderate
35.15,40.06,3.49,851.62,792.17,150.2,Moderate
25.81,58.75,1.45,649.44,698.08,124.3,Moderate
34.04,64.18,0.5,683.21,863.66,154.0,Moderate
17.99,49.57,1.54,639.61,881.32,128.6,Moderate
25.28,82.69,2.03,671.92,648.68,168.6,Moderate
34.29,59.04,4.38,1097.24,1583.4,354.8,Very Poor
37.42,42.31,2.48,997.88,1229.93,259.8,Poor
23.36,37.76,0.13,496.67,682.83,128.9,Moderate
22.66,54.17,3.54,560.76,717.93,90.6,Satisfactory
31.4,78.04,1.26,720.83,1150.52,235.6,Poor
24.26,43.17,0.23,707.96,1105.54,140.8,Moderate
26.39,68.73,3.51,717.34,984.25,174.3,Moderate
33.26,59.7,4.04,797.66,879.53,169.7,Moderate
24.74,93.88,2.15,629.98,977.02,183.9,Moderate
16.21,65.02,2.6,372.69,259.51,34.3,Good
20.19,45.43,2.08,574.55,783.96,101.5,Moderate
28.06,71.25,3.4,447.15,627.23,70.8,Satisfactory
16.82,71.86,1.5,441.46,538.11,48.3,Good
26.22,50.85,0.51,506.14,596.34,78.2,Satisfactory
19.65,37.05,0.67,183.45,111.9,44.2,Good
37.84,67.65,1.26,441.57,435.76,68.4,Satisfactory
40.99,59.14,1.43,1349.84,1285.18,354.5,Very Poor
21.65,30.7,6.59,702.49,1006.35,202.5,Poor
29.54,62.58,1.83,960.05,1060.3,240.3,Poor
22.24,46.53,2.6,521.48,505.14,61.6,Satisfactory
26.14,30.72,1.56,345.32,374.34,38.1,Good
38.82,51.66,2.08,413.83,710.29,95.9,Satisfactory
25.2,81.09,2.57,187.62,308.19,10.0,Good
26.28,79.75,4.82,629.8,813.01,159.6,Moderate
22.34,75.04,4.72,336.37,356.0,11.8,Good
34.88,62.85,0.21,1360.88,1451.88,396.0,Very Poor
12.0,68.72,0.71,319.96,298.63,15.1,Good
25.34,59.78,1.25,663.23,781.35,157.4,Moderate
27.72,38.11,4.39,426.26,604.02,120.8,Moderate
24.03,41.7,2.34,639.14,661.75,142.8,Moderate
33.18,47.07,1.42,1038.21,1020.23,270.9,Poor
35.21,83.22,0.33,681.92,981.4,190.7,Moderate
19.53,77.38,3.68,596.66,596.54,123.4,Moderate
40.56,38.56,5.01,197.44,280.56,10.0,Good
19.46,58.96,0.55,257.73,275.64,36.6,Good
35.73,50.75,0.12,632.88,758.36,137.6,Moderate
28.9,55.21,1.67,198.62,331.66,10.0,Good
24.98,48.35,1.72,739.91,754.61,118.9,Moderate
25.54,83.3,6.3,447.83,447.15,56.1,Satisfactory
27.8,57.66,0.88,869.93,1191.35,202.6,Poor
29.25,61.89,0.7,316.8,447.03,51.3,Satisfactory
22.48,62.04,0.66,992.61,1295.45,289.4,Poor
26.6,39.5,0.38,291.34,483.71,43.7,Good
23.38,59.95,1.46,321.65,215.06,34.2,Good
20.71,77.12,3.88,205.69,316.94,11.4,Good
23.1,84.51,4.04,406.48,518.89,80.9,Satisfactory
21.1,37.34,0.4,679.76,928.71,161.1,Moderate
25.48,30.67,4.56,971.82,1266.65,326.1,Very Poor
30.59,59.12,1.86,308.66,474.57,15.3,Good
28.72,77.97,3.49,374.94,530.33,47.4,Good
39.85,64.47,0.95,894.06,1068.13,160.9,Moderate
14.74,70.25,1.81,382.22,661.15,101.5,Moderate
30.82,33.52,1.41,604.97,445.54,92.4,Satisfactory
28.04,47.7,1.99,813.28,997.68,206.8,Poor
32.89,20.0,1.36,289.69,371.37,21.7,Good
32.3,55.44,2.21,459.76,319.11,42.6,Good
27.01,20.0,0.02,1311.69,1434.72,380.8,Very Poor
29.04,81.99,0.91,546.05,847.83,126.0,Moderate
23.54,85.99,1.55,476.07,261.84,31.3,Good
31.68,60.53,3.11,336.93,250.6,10.0,Good
16.73,30.77,0.02,961.16,1065.7,250.7,Poor
32.66,64.76,4.8,672.57,841.07,143.6,Moderate
27.86,91.46,1.83,776.16,858.45,156.1,Moderate
25.08,66.56,4.46,823.07,852.44,175.2,Moderate
26.6,79.33,2.53,602.41,926.79,153.5,Moderate
27.04,49.27,5.9,932.63,963.8,253.6,Poor
35.78,42.32,2.69,203.44,190.4,10.0,Good
45.0,56.72,0.14,738.11,1064.41,164.3,Moderate
35.32,23.32,3.25,817.78,993.32,200.2,Poor
24.61,95.0,2.02,623.57,694.29,91.1,Satisfactory
31.78,60.51,0.83,635.52,711.49,108.0,Moderate
32.04,73.6,2.12,962.57,937.79,189.2,Moderate
22.45,49.69,2.75,1038.41,1110.85,263.6,Poor
20.44,30.22,2.24,620.83,568.69,121.9,Moderate
27.62,83.66,0.22,649.34,790.32,174.9,Moderate
32.85,37.77,6.4,685.25,798.25,185.0,Moderate
18.33,64.28,3.71,948.93,1093.14,233.2,Poor
23.67,65.98,1.71,883.54,1049.67,246.4,Poor
31.44,59.33,1.25,641.33,807.21,102.6,Moderate
28.25,43.88,6.05,349.8,323.97,34.4,Good
36.5,55.31,2.21,1017.31,888.08,181.7,Moderate
19.53,40.9,0.25,244.51,408.12,72.9,Satisfactory
42.11,72.57,6.07,395.07,456.57,67.3,Satisfactory
18.77,68.29,1.04,536.64,593.82,122.3,Moderate
15.83,57.61,0.24,878.4,911.99,161.4,Moderate
27.65,47.77,2.26,170.75,271.26,25.1,Good
21.19,95.0,0.77,483.94,527.31,104.1,Moderate
27.77,34.56,1.52,550.78,676.82,126.3,Moderate
27.56,30.2,2.63,457.56,565.66,60.2,Satisfactory
26.83,56.52,1.98,617.54,767.17,119.8,Moderate
22.95,53.36,4.99,282.26,203.29,24.2,Good
30.6,77.76,0.29,747.81,671.28,149.2,Moderate
26.1,69.63,3.83,798.66,759.16,171.0,Moderate
34.62,58.53,1.88,1208.76,1468.25,308.9,Very Poor
26.92,67.01,2.95,469.54,837.64,123.1,Moderate
22.21,66.68,1.05,381.68,507.22,70.7,Satisfactory
17.87,95.0,2.2,315.81,370.26,71.1,Satisfactory
26.97,62.56,6.13,753.96,1015.02,245.1,Poor
20.38,45.74,2.99,682.29,668.49,132.1,Moderate
19.9,61.57,0.35,452.82,602.8,63.4,Satisfactory
31.16,20.0,4.63,213.86,347.39,57.2,Satisfactory
17.33,57.41,1.6,677.15,875.29,154.8,Moderate
36.47,77.67,0.03,1225.86,1206.37,330.2,Very Poor
28.96,68.84,0.6,760.06,793.48,122.7,Moderate
27.74,63.37,0.43,887.26,961.68,270.5,Poor
21.79,69.69,1.52,499.92,838.66,99.4,Satisfactory
32.59,77.86,4.74,759.47,621.07,152.3,Moderate
27.98,83.65,3.67,609.28,546.3,52.9,Satisfactory
23.88,66.05,0.81,620.37,743.8,118.8,Moderate
29.2,52.31,2.72,655.12,786.87,131.8,Moderate
17.9,20.0,0.96,512.6,651.48,97.5,Satisfactory
18.19,75.61,1.24,877.37,1179.3,232.6,Poor
21.28,67.27,2.38,775.85,976.91,196.7,Moderate
30.1,60.75,0.29,1072.91,1220.41,267.4,Poor
27.98,45.62,1.37,533.88,661.0,117.8,Moderate
34.29,75.37,1.39,457.14,600.12,50.2,Satisfactory
22.48,53.37,0.68,1098.4,1281.33,306.7,Very Poor
31.45,57.38,2.68,420.16,397.97,55.0,Satisfactory
27.32,56.99,2.7,699.13,871.94,149.8,Moderate
22.34,66.1,0.49,106.82,279.91,10.8,Good
30.31,37.32,0.27,880.88,1122.08,230.4,Poor
27.6,68.13,1.62,687.85,814.85,176.7,Moderate
24.23,45.02,0.57,465.05,531.31,87.5,Satisfactory
28.25,45.66,1.07,266.34,410.24,18.1,Good
27.22,73.93,3.93,686.87,876.79,193.7,Moderate
27.08,40.09,0.36,664.81,870.98,153.5,Moderate
25.52,73.9,0.69,413.79,469.85,36.7,Good
20.17,59.82,0.05,539.53,601.09,142.1,Moderate
28.45,28.33,0.89,750.17,787.01,159.3,Moderate
23.18,82.56,3.83,787.2,1079.0,163.2,Moderate
21.88,63.58,0.15,597.85,570.32,133.3,Moderate
26.56,65.09,6.22,574.1,520.58,99.8,Satisfactory
32.4,76.13,0.57,670.62,842.02,187.6,Moderate
29.11,84.99,0.54,558.32,565.64,76.1,Satisfactory
24.81,61.62,5.98,543.26,561.45,82.4,Satisfactory
24.57,69.11,0.78,790.16,865.69,162.1,Moderate
31.81,64.68,1.04,992.48,1243.89,243.8,Poor
13.62,51.83,1.47,402.99,245.88,24.5,Good
32.78,29.5,2.55,851.18,1030.71,179.8,Moderate
16.76,61.87,1.42,961.03,1191.47,230.2,Poor
19.51,82.82,2.64,234.79,348.08,20.2,Good
24.91,68.5,2.91,511.02,727.43,107.2,Moderate
41.02,38.79,2.26,420.63,797.93,57.5,Satisfactory
38.06,77.76,0.9,454.72,717.55,47.6,Good
32.24,52.43,7.21,619.14,652.46,99.4,Satisfactory
30.14,20.34,8.61,650.81,874.91,165.4,Moderate
16.83,76.32,5.19,265.96,631.68,63.6,Satisfactory
28.94,40.98,2.15,660.79,834.92,156.3,Moderate
24.7,90.05,0.8,664.48,832.85,152.6,Moderate
23.1,78.66,1.37,886.75,1305.26,262.0,Poor
28.93,53.9,0.25,593.85,787.87,133.7,Moderate
25.17,66.27,4.84,1115.76,1200.18,311.1,Very Poor
33.22,95.0,2.96,423.42,531.93,34.4,Good
16.38,76.0,1.16,501.61,718.5,130.0,Moderate
28.45,62.29,0.81,366.43,522.82,80.6,Satisfactory
22.73,95.0,2.26,719.5,990.08,179.7,Moderate
25.54,60.12,0.85,136.09,110.57,10.0,Good
29.83,68.47,0.15,1022.39,1225.39,244.4,Poor
21.3,41.15,0.56,342.07,745.09,74.7,Satisfactory
28.99,27.86,2.88,270.64,371.72,47.7,Good
26.73,52.82,2.9,925.47,1283.31,275.4,Poor
24.04,58.69,1.28,877.08,1083.26,256.4,Poor
25.18,63.93,7.57,347.98,246.49,32.8,Good
27.07,32.44,1.23,848.93,829.25,210.3,Poor
23.39,69.89,3.87,440.65,520.26,75.7,Satisfactory
28.04,43.05,1.19,485.62,700.5,110.4,Moderate
26.33,68.96,0.4,666.09,583.78,111.3,Moderate
24.33,74.83,0.83,627.88,662.06,110.3,Moderate
37.54,50.88,3.17,628.02,585.69,80.1,Satisfactory
30.49,40.65,2.53,1017.09,1286.72,298.4,Poor
25.7,85.79,1.7,644.69,754.72,104.8,Moderate
28.88,73.71,2.56,502.03,769.8,109.2,Moderate
21.84,60.74,2.27,341.88,462.13,92.6,Satisfactory
25.38,84.43,2.57,152.16,529.08,33.6,Good
26.08,59.5,2.58,606.5,543.01,110.8,Moderate
20.52,46.83,3.08,149.1,349.98,10.0,Good
30.32,39.97,0.36,761.96,984.48,147.7,Moderate
24.97,56.06,9.94,426.29,370.89,26.1,Good
25.87,71.89,2.06,1035.89,1407.95,285.0,Poor
24.59,83.02,5.77,500.29,733.54,113.4,Moderate
45.0,58.42,2.1,475.75,654.23,81.4,Satisfactory
24.02,79.84,2.23,262.86,390.82,28.6,Good
15.59,54.14,0.84,640.99,746.74,150.6,Moderate
18.4,43.93,1.0,806.49,884.08,201.2,Poor
32.56,34.49,0.06,592.65,602.79,132.4,Moderate
36.02,48.89,8.47,935.91,1156.03,222.1,Poor
23.91,35.16,4.97,1001.9,1114.2,277.9,Poor
35.67,94.17,0.84,1053.68,1266.88,267.9,Poor
32.45,65.91,1.9,810.0,842.15,177.4,Moderate
26.86,56.28,3.12,207.51,221.26,10.0,Good
26.44,89.0,0.4,203.43,229.93,19.6,Good
29.09,34.56,0.74,200.99,100.0,10.0,Good
33.26,55.53,1.63,613.93,710.04,125.6,Moderate
30.38,93.99,6.12,321.87,466.67,68.0,Satisfactory
23.94,55.41,0.8,285.17,556.54,10.0,Good
26.95,95.0,3.21,231.84,586.52,43.0,Good
39.89,72.14,8.12,1054.21,1216.61,304.3,Very Poor
29.51,81.51,5.02,540.0,615.63,109.1,Moderate
33.22,82.03,0.33,233.84,215.74,26.9,Good
31.24,58.03,1.05,711.51,886.59,133.0,Moderate
29.64,49.21,1.65,720.19,762.79,146.3,Moderate
28.65,55.92,0.66,565.24,436.68,69.7,Satisfactory
33.38,40.24,4.33,907.83,866.79,205.0,Poor
32.31,56.81,0.28,1341.25,1412.47,334.0,Very Poor
29.58,57.92,0.83,875.17,1121.17,225.0,Poor
23.84,88.41,2.54,856.74,930.78,253.9,Poor
30.31,68.68,1.79,641.81,693.28,136.4,Moderate
27.6,95.0,0.65,697.63,769.25,97.6,Satisfactory
26.15,20.0,6.69,413.04,650.54,144.1,Moderate
44.07,36.09,0.44,852.33,879.02,179.3,Moderate
18.77,51.6,3.79,525.8,553.81,124.7,Moderate
33.75,84.86,2.99,1181.26,1378.39,331.0,Very Poor
22.82,56.03,3.16,1176.88,1492.6,311.0,Very Poor
28.79,31.58,0.15,455.93,681.32,75.5,Satisfactory
43.41,53.59,1.67,757.53,643.43,119.0,Moderate
22.23,36.44,2.31,154.57,100.0,11.6,Good
23.66,32.91,2.67,543.1,395.95,93.5,Satisfactory
27.89,93.98,1.46,390.06,425.47,77.1,Satisfactory
22.92,51.67,3.23,801.12,904.51,164.4,Moderate
33.3,61.12,1.55,961.1,1004.58,197.6,Moderate
24.79,56.33,0.61,618.81,537.03,87.7,Satisfactory
31.92,53.47,0.66,1095.57,1243.42,274.2,Poor
20.02,42.87,2.79,1064.62,1094.82,258.6,Poor
17.16,52.41,0.71,955.88,1175.59,266.1,Poor
26.63,64.07,3.46,602.78,796.83,182.2,Moderate
18.59,83.54,0.7,294.29,185.86,10.0,Good
37.11,75.05,0.37,1014.09,1052.32,253.6,Poor
18.82,36.06,8.57,851.85,1110.7,209.8,Poor
21.77,75.79,5.67,519.27,630.17,114.1,Moderate
30.48,66.56,2.0,889.46,1020.67,226.7,Poor
24.48,46.76,1.0,284.16,232.31,15.8,Good
18.89,61.28,3.52,202.29,233.01,19.6,Good
40.24,68.3,10.15,970.63,1243.67,246.0,Poor
21.99,58.85,1.15,300.82,285.31,34.5,Good
26.82,66.64,8.29,246.37,409.13,20.7,Good
26.74,42.47,0.99,321.29,498.57,62.7,Satisfactory
32.26,93.87,0.21,1013.48,1378.62,275.4,Poor
30.77,23.27,1.89,508.7,488.37,110.0,Moderate
23.04,68.4,0.15,497.05,793.27,87.4,Satisfactory
26.05,64.6,3.36,1242.59,1499.02,375.1,Very Poor
26.64,69.57,0.33,551.67,503.7,81.4,Satisfactory
32.49,45.25,2.91,731.82,842.67,153.0,Moderate
20.99,79.05,4.08,369.1,420.8,43.5,Good
40.11,56.06,7.65,368.16,613.84,100.5,Moderate
23.44,36.65,0.22,710.75,853.6,165.5,Moderate
27.95,38.29,0.83,482.67,542.08,65.5,Satisfactory
21.04,60.24,1.23,896.87,1223.97,250.6,Poor
20.21,29.26,3.08,474.29,598.8,133.8,Moderate
22.75,90.41,1.55,567.29,544.34,63.1,Satisfactory
22.18,76.88,0.48,517.33,731.24,87.6,Satisfactory
25.51,90.88,0.98,421.99,416.31,68.8,Satisfactory
22.13,88.99,2.26,989.84,1191.0,237.2,Poor
32.17,51.67,1.13,586.51,671.54,110.9,Moderate
23.3,42.35,6.77,314.93,580.05,52.8,Satisfactory
22.64,20.0,2.64,577.63,773.0,136.4,Moderate
25.64,50.69,0.48,625.78,699.65,114.4,Moderate
33.96,89.78,1.72,670.54,899.6,158.5,Moderate
29.29,43.1,3.26,507.4,648.78,108.8,Moderate
27.4,54.22,2.42,385.47,295.68,18.4,Good
19.4,48.02,1.05,1215.14,1336.06,340.1,Very Poor
21.14,64.75,1.44,486.46,689.4,133.3,Moderate
20.33,81.15,1.67,278.63,439.96,62.3,Satisfactory
35.84,30.29,4.5,599.54,556.56,114.3,Moderate
31.18,33.74,3.34,979.75,1183.16,347.1,Very Poor
22.83,84.76,0.21,1039.63,1143.31,233.2,Poor
24.61,71.2,6.49,332.19,464.23,42.4,Good
23.05,53.33,8.24,131.1,184.51,12.8,Good
22.68,88.73,1.18,288.9,577.63,81.2,Satisfactory
30.76,33.43,2.92,555.85,651.59,125.6,Moderate
26.27,74.76,13.27,80.0,100.0,10.3,Good
40.49,56.77,1.82,864.38,869.0,190.6,Moderate
35.5,68.92,2.25,451.26,539.46,54.3,Satisfactory
35.86,20.0,3.57,407.06,524.18,114.4,Moderate
32.03,53.31,5.8,478.67,635.27,90.2,Satisfactory
25.46,71.26,0.11,565.21,627.31,108.0,Moderate
31.59,56.86,1.76,542.11,493.82,66.9,Satisfactory
25.91,80.6,5.78,575.65,825.03,149.3,Moderate
37.78,79.99,3.68,381.27,413.49,24.7,Good
30.43,40.75,2.66,354.92,477.28,21.7,Good
29.57,72.83,2.26,670.26,783.17,145.6,Moderate
28.76,40.13,5.53,724.09,798.32,159.8,Moderate
38.44,58.97,3.28,509.4,551.97,72.6,Satisfactory
19.4,69.81,7.74,408.41,318.66,37.0,Good
39.03,42.96,1.53,1200.81,1532.4,376.2,Very Poor
26.88,72.16,0.03,683.89,818.35,158.9,Moderate
19.56,48.9,4.96,303.68,396.18,42.3,Good
23.49,47.55,1.36,315.39,258.13,10.0,Good
18.1,70.72,1.96,553.88,729.13,142.8,Moderate
31.92,42.95,2.41,850.68,839.01,195.9,Moderate
21.77,42.04,1.02,326.29,428.41,54.6,Satisfactory
29.01,76.74,0.31,894.49,1125.42,213.8,Poor
34.81,59.95,4.68,630.07,740.41,108.4,Moderate
23.97,31.83,10.44,873.27,1113.08,273.1,Poor
26.39,73.4,2.01,225.45,244.78,20.5,Good
20.18,50.68,0.03,337.39,266.33,45.8,Good
25.67,32.75,5.32,511.91,490.22,99.3,Satisfactory
43.44,20.0,0.1,1054.58,1199.8,294.6,Poor
32.67,74.26,0.98,562.05,636.61,115.4,Moderate
26.41,42.52,8.45,492.69,588.71,110.3,Moderate
24.33,35.61,3.04,373.05,478.75,34.3,Good
27.74,69.51,2.63,836.34,1127.86,227.0,Poor
28.78,72.5,2.99,421.65,618.87,46.5,Good
25.49,43.83,0.61,589.57,752.23,148.1,Moderate
31.18,74.43,3.14,1031.16,1170.52,317.1,Very Poor
22.28,94.99,2.77,835.91,895.13,201.8,Poor
22.25,82.24,1.64,500.29,543.33,70.5,Satisfactory
30.22,79.44,6.56,796.71,1219.01,233.7,Poor
20.99,63.65,4.1,712.36,976.72,155.0,Moderate
32.37,50.01,0.41,538.61,811.56,133.1,Moderate
27.91,56.99,1.23,339.04,388.85,10.5,Good
17.03,65.93,0.96,416.09,444.84,40.0,Good
28.66,35.36,0.63,388.78,503.27,37.5,Good
17.89,44.15,5.9,514.2,511.57,134.8,Moderate
32.16,32.3,1.22,741.41,836.16,158.6,Moderate
26.51,62.23,4.17,856.86,964.87,215.9,Poor
39.11,59.49,3.22,430.72,419.66,68.6,Satisfactory
34.43,46.25,0.39,559.26,607.25,82.8,Satisfactory
21.64,72.77,5.9,581.0,520.56,90.2,Satisfactory
15.88,39.2,1.82,519.16,523.49,93.0,Satisfactory
23.47,45.58,1.23,723.34,634.28,161.0,Moderate
20.67,72.05,0.24,739.0,836.75,154.9,Moderate
38.95,74.72,0.69,998.5,1391.79,262.8,Poor
27.94,43.68,0.5,287.9,462.13,70.8,Satisfactory
33.6,62.18,0.14,830.97,1003.93,186.5,Moderate
26.29,43.98,3.0,614.99,670.64,85.2,Satisfactory
26.92,54.45,0.53,953.68,1109.84,218.5,Poor
27.8,60.59,2.14,504.31,463.78,64.7,Satisfactory
34.64,68.09,5.38,603.24,761.01,171.2,Moderate
29.87,63.72,3.74,895.99,1048.48,211.5,Poor
21.66,62.92,2.49,414.56,470.65,28.2,Good
37.74,38.59,0.05,791.58,877.11,167.7,Moderate
26.24,64.99,0.9,505.13,603.29,82.8,Satisfactory
25.27,67.92,2.69,721.76,591.0,147.4,Moderate
12.0,70.4,0.51,478.9,601.9,141.0,Moderate
31.81,45.05,0.49,580.39,1104.3,142.5,Moderate
28.61,74.48,5.15,519.47,596.03,97.2,Satisfactory
28.6,34.29,1.42,358.83,508.11,68.7,Satisfactory
25.58,50.25,0.16,423.4,443.59,43.7,Good
24.55,53.04,2.76,928.16,926.12,200.3,Poor
25.78,35.28,0.3,1149.9,1295.44,279.0,Poor
30.78,52.77,2.69,204.53,311.31,19.3,Good
31.83,61.99,1.18,473.25,440.15,48.6,Good
26.61,25.14,1.94,729.49,980.86,193.1,Moderate
33.69,50.9,0.47,537.06,464.07,83.3,Satisfactory
27.53,26.53,1.09,797.43,717.03,177.6,Moderate
24.97,94.75,0.91,638.64,999.16,189.0,Moderate
29.19,61.82,0.57,504.83,536.88,96.7,Satisfactory
19.84,60.26,1.14,1020.26,1330.17,312.8,Very Poor
29.4,62.18,0.05,733.83,815.26,182.8,Moderate
18.75,68.88,3.53,378.22,426.03,48.0,Good
21.83,75.61,3.34,432.97,387.01,80.1,Satisfactory
15.89,29.86,1.22,343.8,379.46,48.6,Good
26.95,81.58,1.27,263.58,319.4,27.2,Good
37.66,80.42,1.09,802.06,839.14,160.6,Moderate
27.3,56.81,3.52,503.38,618.3,113.1,Moderate
31.86,55.86,0.85,527.71,692.15,91.0,Satisfactory
42.11,20.0,4.32,666.88,638.7,139.6,Moderate
30.42,35.61,0.25,588.02,719.3,138.4,Moderate
23.41,67.34,4.34,600.87,587.32,107.8,Moderate
24.23,79.61,0.02,460.99,524.83,97.7,Satisfactory
28.0,71.12,1.04,519.16,560.24,80.1,Satisfactory
24.2,56.64,3.58,487.63,771.65,97.1,Satisfactory
24.65,92.67,4.12,365.52,567.44,85.5,Satisfactory
33.91,76.09,0.27,363.58,681.09,62.6,Satisfactory
34.16,50.91,2.83,210.15,190.42,26.1,Good
18.12,95.0,2.54,771.48,976.3,216.5,Poor
23.09,38.27,2.99,476.65,560.43,117.9,Moderate
25.22,31.51,12.11,877.73,951.67,199.8,Moderate
31.59,50.42,13.17,405.15,447.65,30.9,Good
34.86,44.34,5.34,461.76,622.75,85.2,Satisfactory
44.21,51.43,0.53,847.74,849.99,134.9,Moderate
25.21,72.37,0.96,906.96,999.22,221.8,Poor
25.51,57.39,2.02,680.5,866.62,148.8,Moderate
31.53,57.85,1.05,511.38,398.74,30.6,Good
23.91,59.06,0.54,287.82,641.53,37.4,Good
27.15,20.0,4.19,900.6,1031.77,274.6,Poor
25.51,30.73,0.26,486.74,614.33,89.9,Satisfactory
12.27,51.06,3.36,862.94,1199.48,266.4,Poor
28.74,42.83,3.25,597.85,838.79,99.6,Satisfactory
26.91,53.83,0.16,459.61,620.77,59.1,Satisfactory
35.63,83.27,0.15,718.07,729.08,157.1,Moderate
28.03,56.66,1.56,674.16,841.72,137.0,Moderate
20.47,34.2,2.19,80.0,100.0,10.0,Good
26.45,43.72,1.09,593.35,551.83,97.4,Satisfactory
15.45,88.79,0.83,258.66,315.3,42.8,Good
20.73,85.58,1.46,467.33,440.72,93.1,Satisfactory
31.81,68.73,3.11,293.52,540.27,14.2,Good
26.52,29.88,0.17,874.03,1096.71,242.4,Poor
33.54,63.52,1.85,456.54,719.16,80.5,Satisfactory
16.2,64.91,0.54,269.76,260.22,57.8,Satisfactory
26.55,58.46,10.89,520.63,504.55,120.1,Moderate
25.15,47.74,1.97,330.99,414.61,71.3,Satisfactory
33.74,51.47,6.26,966.6,1186.07,253.5,Poor
32.04,46.49,2.95,180.78,101.58,10.0,Good
31.85,37.39,8.32,234.6,139.53,10.0,Good
37.25,82.59,1.49,580.92,500.68,66.1,Satisfactory
25.79,73.88,1.73,618.35,380.61,78.3,Satisfactory
36.01,52.87,1.25,275.42,346.12,10.0,Good
21.73,64.34,0.64,883.51,996.7,214.4,Poor
21.51,65.01,0.2,786.53,868.66,205.8,Poor
32.52,95.0,2.21,872.99,1111.32,235.8,Poor
18.97,73.71,4.05,431.41,448.26,64.6,Satisfactory
31.44,73.03,1.39,323.68,340.09,50.8,Satisfactory
28.61,58.68,0.89,535.47,723.21,99.0,Satisfactory
34.43,50.18,6.07,739.04,875.08,175.5,Moderate
27.64,82.89,0.37,745.17,941.81,173.0,Moderate
28.34,69.74,1.64,795.5,1135.73,246.3,Poor
31.06,43.07,3.39,269.06,442.45,69.7,Satisfactory
24.02,66.17,0.52,896.73,1034.91,212.2,Poor
23.76,73.07,1.67,848.71,1072.21,243.1,Poor
30.85,20.28,4.19,298.15,263.23,46.8,Good
27.82,41.4,0.51,573.47,633.66,128.6,Moderate
25.56,64.53,3.02,469.43,519.62,31.0,Good
27.5,23.36,0.1,789.97,889.63,184.2,Moderate
37.57,26.21,1.36,941.34,1110.79,274.6,Poor
25.34,53.13,4.85,258.43,321.64,19.6,Good
25.17,66.85,3.15,561.09,591.87,86.3,Satisfactory
17.76,67.68,5.12,213.5,125.44,25.7,Good
27.75,86.48,1.42,556.31,736.81,126.1,Moderate
31.94,59.48,0.58,993.54,797.5,208.7,Poor
33.02,51.29,1.51,672.29,930.85,169.0,Moderate
28.65,34.47,4.38,888.34,1005.73,248.5,Poor
33.74,51.08,6.77,393.61,474.79,102.6,Moderate
32.39,70.74,9.58,326.14,207.69,25.0,Good
34.68,71.55,0.92,739.29,942.04,169.6,Moderate
33.91,62.76,0.07,857.33,982.81,215.5,Poor
37.42,67.85,0.03,442.73,583.81,90.5,Satisfactory
26.98,80.97,0.25,689.6,898.45,146.9,Moderate
20.04,59.35,3.98,495.84,642.35,101.3,Moderate
31.98,82.61,2.62,796.44,987.4,206.4,Poor
32.68,44.92,2.8,596.49,817.51,124.0,Moderate
37.42,56.68,1.47,185.54,434.1,10.0,Good
35.69,49.35,0.92,765.13,714.35,141.0,Moderate
39.67,72.27,5.99,747.36,736.29,146.3,Moderate
31.72,39.74,0.01,1073.27,1361.85,329.6,Very Poor
29.37,52.21,0.29,783.32,1114.21,227.4,Poor
19.69,24.53,3.28,827.81,912.32,163.4,Moderate
29.85,68.7,1.05,718.8,713.13,119.3,Moderate
24.68,80.44,3.84,730.14,670.09,139.0,Moderate
29.27,74.39,3.47,706.6,977.52,138.9,Moderate
28.33,72.63,3.11,812.34,1022.29,159.7,Moderate
30.83,73.11,2.95,675.82,929.78,180.7,Moderate
27.42,70.59,4.2,428.92,464.47,79.5,Satisfactory
33.61,69.06,4.2,708.79,628.8,126.4,Moderate
12.0,70.22,1.69,207.09,276.83,20.9,Good
29.14,46.2,1.23,698.29,732.97,111.1,Moderate
35.21,54.4,2.42,949.59,1157.64,219.3,Poor
39.22,59.26,5.3,682.93,832.75,181.5,Moderate
32.39,51.96,0.59,641.16,783.58,140.4,Moderate
38.11,29.81,1.36,367.52,330.33,44.5,Good
29.01,35.77,0.87,538.09,612.84,138.7,Moderate
28.02,62.14,0.44,464.61,416.46,109.3,Moderate
31.18,74.3,0.97,1124.87,1398.9,277.3,Poor
27.98,58.17,0.23,940.98,1458.82,295.9,Poor
23.31,95.0,0.17,296.41,400.49,22.5,Good
24.91,41.44,7.43,611.3,627.85,123.7,Moderate
21.33,66.01,0.37,907.53,907.2,188.3,Moderate
31.17,81.24,3.09,642.14,727.13,137.8,Moderate
28.07,77.18,9.56,358.59,400.42,47.2,Good
25.84,69.79,4.91,426.58,376.74,41.2,Good
24.6,77.26,2.97,364.52,356.97,26.7,Good
31.03,59.0,3.5,491.3,656.79,60.7,Satisfactory
32.68,87.93,0.89,429.56,463.42,44.1,Good
21.22,81.1,5.02,414.71,378.13,52.6,Satisfactory
20.27,42.66,8.02,663.15,753.26,158.7,Moderate
33.73,63.79,1.12,862.36,1090.14,194.2,Moderate
19.75,30.15,0.16,80.0,190.51,10.0,Good
31.28,85.39,4.05,628.92,846.54,120.0,Moderate
37.7,62.04,11.93,271.64,502.95,43.0,Good
37.72,82.28,0.44,460.26,586.7,50.3,Satisfactory
32.43,56.03,1.38,1010.66,905.06,199.4,Moderate
32.25,24.59,0.8,389.74,449.69,48.1,Good
41.51,95.0,2.1,504.1,528.84,104.3,Moderate
13.99,60.36,0.64,505.56,562.78,42.0,Good
25.21,40.0,1.32,331.67,499.17,26.4,Good
33.09,78.62,0.39,420.99,439.35,60.3,Satisfactory
25.98,94.65,0.03,660.46,855.59,139.5,Moderate
35.44,54.36,1.5,630.15,693.43,98.1,Satisfactory
27.76,56.21,3.31,279.57,427.72,15.6,Good
28.79,62.28,0.24,734.96,785.95,141.8,Moderate
26.35,38.0,10.4,236.61,203.54,14.2,Good
24.86,45.57,2.77,416.56,590.36,103.2,Moderate
24.72,90.07,0.89,411.44,483.54,68.5,Satisfactory
29.63,55.62,5.75,284.87,492.69,10.0,Good
23.35,42.92,4.2,560.11,661.69,115.2,Moderate
33.72,49.86,3.15,738.8,945.53,184.6,Moderate
31.92,77.31,2.01,376.24,543.39,45.0,Good
34.6,22.43,0.92,381.99,292.66,58.2,Satisfactory
21.23,62.58,2.5,425.62,452.93,56.3,Satisfactory
17.8,95.0,2.0,280.12,411.86,61.5,Satisfactory
27.97,94.56,5.48,469.92,715.85,107.0,Moderate
45.0,68.32,2.92,431.71,614.59,75.7,Satisfactory
35.6,81.7,1.16,659.65,648.25,100.5,Moderate
24.67,81.52,1.14,664.5,753.84,109.1,Moderate
30.55,55.73,0.62,660.98,1000.03,143.7,Moderate
32.37,74.65,2.12,963.26,1106.84,268.4,Poor
19.79,90.19,0.98,933.27,948.73,233.6,Poor
36.22,35.25,0.29,885.24,1123.18,240.7,Poor
27.0,68.38,3.86,662.2,872.81,148.4,Moderate
27.46,64.51,0.87,456.15,659.52,77.8,Satisfactory
28.14,59.86,1.25,412.07,463.11,63.3,Satisfactory
34.87,58.26,6.53,984.49,1206.93,249.1,Poor
23.47,62.17,4.42,681.2,897.36,167.6,Moderate
17.76,63.68,2.88,547.76,763.13,89.9,Satisfactory
29.94,78.14,2.1,1062.26,1231.1,262.9,Poor
15.74,66.58,7.82,312.12,316.26,33.6,Good
26.19,54.8,1.3,324.14,333.79,23.1,Good
35.12,42.88,0.64,1270.39,1540.1,423.9,Severe
31.47,49.5,5.46,792.26,1016.59,235.1,Poor
34.25,62.7,2.89,513.65,676.12,44.7,Good
31.72,45.29,0.46,831.09,845.73,152.2,Moderate
42.46,75.03,2.89,618.64,674.87,87.3,Satisfactory
24.47,65.74,0.16,711.54,694.01,131.1,Moderate
30.39,78.58,4.53,838.89,832.05,118.3,Moderate
25.37,46.5,2.19,345.65,536.13,10.0,Good
33.74,43.04,2.54,225.09,162.74,10.0,Good
27.63,78.45,2.7,448.8,593.35,83.8,Satisfactory
38.31,60.34,2.85,728.95,973.53,206.9,Poor
24.82,54.35,1.59,297.46,336.23,10.0,Good
36.44,70.58,1.78,521.91,454.39,62.2,Satisfactory
31.56,69.91,0.97,957.72,1142.73,250.1,Poor
27.81,35.4,2.1,706.28,884.02,189.7,Moderate
31.25,82.92,1.6,424.62,623.19,104.7,Moderate
29.57,50.61,1.9,728.4,1008.0,181.5,Moderate
30.14,88.6,0.25,1048.25,1322.05,304.0,Very Poor
26.76,34.0,0.77,227.23,585.86,46.1,Good
23.79,63.71,1.42,779.45,1048.36,229.6,Poor
25.99,54.66,0.38,597.5,716.72,115.3,Moderate
17.9,22.45,0.08,731.19,925.71,179.4,Moderate
33.05,69.85,2.1,407.32,476.46,16.2,Good
20.59,23.37,0.44,624.92,824.68,168.8,Moderate
26.69,52.75,0.77,749.3,851.54,206.3,Poor
31.89,77.88,2.48,570.09,621.73,112.9,Moderate
33.04,48.46,3.72,955.7,1042.62,242.4,Poor
17.35,41.73,1.01,598.89,792.54,120.9,Moderate
27.45,72.41,4.53,395.44,360.65,73.2,Satisfactory
30.76,53.51,5.6,821.28,1301.14,222.1,Poor
28.31,50.71,1.51,722.52,1061.55,183.6,Moderate
36.06,80.95,1.5,491.99,459.68,35.1,Good
23.07,36.99,0.71,959.1,1164.98,296.1,Poor
15.71,49.73,1.95,407.2,289.5,68.6,Satisfactory
32.86,73.6,3.73,240.69,330.14,31.6,Good
24.78,35.82,5.25,212.61,254.8,48.7,Good
17.45,89.96,0.47,558.2,758.02,114.2,Moderate
27.05,54.1,1.62,1050.25,1299.96,319.7,Very Poor
35.38,73.74,3.14,664.9,582.46,107.3,Moderate
20.42,73.7,0.09,629.82,760.21,96.5,Satisfactory
42.02,55.26,1.57,393.76,551.87,53.9,Satisfactory
22.97,49.38,7.59,815.01,773.79,148.7,Moderate
28.52,57.23,4.11,817.08,1226.37,227.1,Poor
20.69,70.83,0.45,494.49,499.6,38.0,Good
28.25,40.24,6.41,1027.43,1307.07,318.1,Very Poor
27.2,36.34,1.11,775.96,990.18,163.2,Moderate
19.06,84.72,0.29,335.39,301.52,37.1,Good
44.95,44.77,2.03,847.42,1181.82,199.6,Moderate
25.03,64.37,0.26,571.02,760.14,154.2,Moderate
25.03,54.36,1.6,996.21,1088.26,257.9,Poor
33.81,55.16,3.12,676.9,762.3,135.9,Moderate
38.89,83.75,0.84,186.07,331.65,53.8,Satisfactory
34.76,56.47,0.78,645.64,778.09,115.1,Moderate
20.79,51.58,0.36,895.18,1012.21,210.3,Poor
29.28,53.15,0.08,656.6,914.14,150.2,Moderate
16.71,48.94,0.99,515.12,757.85,135.1,Moderate
33.41,45.94,1.53,572.47,622.55,63.4,Satisfactory
18.19,49.01,1.1,855.62,900.74,236.7,Poor
23.18,87.94,2.46,549.38,821.95,105.8,Moderate
27.98,70.81,1.98,612.81,804.95,123.5,Moderate
30.67,51.79,1.27,507.05,573.15,92.4,Satisfactory
26.43,75.67,3.05,331.63,414.21,68.9,Satisfactory
37.11,29.43,1.64,386.51,485.98,40.1,Good
32.34,82.76,1.24,1059.27,1291.18,305.5,Very Poor
31.87,81.31,0.68,694.66,860.92,176.8,Moderate
20.62,95.0,0.14,685.77,743.29,113.7,Moderate
38.2,76.21,1.2,978.7,1110.97,237.9,Poor
23.18,65.87,3.76,247.05,516.08,42.2,Good
38.43,81.24,0.63,526.65,500.31,77.5,Satisfactory
40.13,46.74,1.1,375.59,559.81,73.0,Satisfactory
31.08,50.88,4.02,552.8,905.68,146.4,Moderate
34.19,56.84,15.19,288.63,570.43,57.9,Satisfactory
12.0,82.64,1.54,155.95,226.68,19.3,Good
26.83,42.59,2.42,809.92,967.48,186.1,Moderate
34.61,40.68,0.13,608.13,654.75,99.4,Satisfactory
33.55,62.26,2.77,272.93,434.49,33.7,Good
20.68,70.92,0.93,499.39,398.68,50.8,Satisfactory
26.24,45.34,0.68,860.92,1045.32,240.9,Poor
12.78,70.07,3.16,620.12,627.86,102.7,Moderate
30.48,82.63,0.41,595.49,765.9,127.6,Moderate
16.7,79.61,3.2,298.56,259.83,40.7,Good
34.78,64.36,8.93,878.5,1118.21,156.0,Moderate
35.1,56.37,4.31,900.01,954.58,237.2,Poor
25.15,89.24,0.47,258.13,247.79,56.9,Satisfactory
31.13,58.28,0.78,843.72,990.01,218.6,Poor
26.7,74.93,3.84,616.27,778.28,136.4,Moderate
29.45,93.25,0.44,425.62,416.97,64.9,Satisfactory
21.12,73.03,1.53,633.96,960.97,171.9,Moderate
31.73,40.05,1.11,398.7,550.63,66.6,Satisfactory
18.15,35.7,1.96,567.26,586.4,94.9,Satisfactory
17.02,52.64,2.06,556.02,662.61,117.6,Moderate
27.27,70.77,2.85,473.23,505.03,69.9,Satisfactory
26.73,66.01,6.28,320.67,150.92,20.5,Good
29.63,95.0,4.56,567.24,625.16,97.6,Satisfactory
24.1,65.83,4.22,289.99,441.35,10.0,Good
39.31,52.11,3.66,825.39,1017.59,214.0,Poor
28.96,37.6,2.09,570.22,826.13,116.0,Moderate
29.4,79.25,1.56,1086.61,1268.14,302.0,Very Poor
29.18,57.89,4.78,816.33,1154.56,222.4,Poor
34.02,30.89,3.79,529.61,661.45,91.7,Satisfactory
31.46,58.4,0.64,581.92,584.08,87.3,Satisfactory
30.65,40.08,3.09,367.2,681.68,56.6,Satisfactory
32.42,50.34,2.13,630.33,515.01,91.2,Satisfactory
17.05,58.11,2.65,493.14,504.54,69.2,Satisfactory
17.28,41.71,5.4,520.97,467.71,76.4,Satisfactory
27.54,49.22,0.71,665.07,773.13,145.9,Moderate
26.81,44.61,0.61,317.51,410.95,10.0,Good
31.48,45.09,2.34,706.07,902.26,208.9,Poor
28.12,39.86,0.81,671.64,664.82,187.5,Moderate
31.49,49.31,0.16,469.96,508.96,84.0,Satisfactory
20.53,41.9,0.35,791.18,832.09,164.3,Moderate
27.94,68.56,10.28,324.77,427.66,30.8,Good
19.95,61.61,1.94,1242.14,1123.77,306.3,Very Poor
30.32,79.5,3.17,404.15,496.44,91.5,Satisfactory
16.73,91.96,1.39,175.45,300.24,10.0,Good
30.09,70.19,4.95,1041.29,1078.72,251.9,Poor
19.19,66.09,7.15,80.0,247.77,10.0,Good
25.7,71.33,1.9,820.09,958.32,235.0,Poor
33.37,66.4,0.8,478.93,567.44,88.9,Satisfactory
29.36,58.9,6.29,233.73,320.33,33.5,Good
18.13,57.47,2.98,373.33,409.88,50.8,Satisfactory
23.97,39.61,1.61,391.35,493.6,89.6,Satisfactory
18.99,73.1,0.21,518.89,344.38,24.1,Good
17.83,57.44,1.67,224.41,335.66,10.0,Good
28.71,84.09,2.16,494.31,545.6,50.3,Satisfactory
31.36,74.47,2.46,325.19,464.18,31.7,Good
30.64,46.73,0.66,490.32,903.7,124.7,Moderate
31.62,80.44,0.69,150.04,379.57,10.4,Good
27.93,20.0,0.33,681.42,879.44,236.0,Poor
26.36,92.74,0.77,823.37,1027.42,211.8,Poor
21.56,33.91,3.49,473.38,597.21,108.2,Moderate
25.36,66.91,8.55,213.85,159.29,10.0,Good
20.07,65.69,1.34,351.92,252.3,45.2,Good
22.93,78.23,2.54,375.91,314.69,32.9,Good
28.53,52.08,0.3,853.5,911.01,208.6,Poor
27.29,20.0,0.32,529.5,476.88,96.0,Satisfactory
45.0,52.11,4.69,341.9,461.2,39.4,Good
19.93,54.06,3.01,82.37,226.7,10.0,Good
27.25,21.11,3.13,626.83,800.12,140.8,Moderate
19.46,58.82,4.82,474.51,564.52,88.6,Satisfactory
25.67,38.63,2.68,1001.67,1038.57,229.4,Poor
25.92,69.68,0.18,702.48,809.36,163.2,Moderate
33.07,53.57,5.83,1122.15,1436.35,333.8,Very Poor
25.3,93.3,0.96,844.44,1188.22,251.3,Poor
26.85,53.39,5.45,372.73,303.76,37.2,Good
25.42,65.75,4.43,522.87,291.62,39.6,Good
19.59,54.16,2.59,916.04,1014.7,227.8,Poor
24.09,28.78,4.48,379.3,616.52,95.3,Satisfactory
25.71,54.32,6.53,180.64,223.76,23.4,Good
28.44,71.56,2.99,628.85,732.15,157.2,Moderate
31.35,68.84,4.02,1083.65,1329.07,316.4,Very Poor
26.59,52.72,0.55,198.22,564.68,31.5,Good
26.49,31.78,3.74,532.46,652.0,111.8,Moderate
17.68,69.6,0.53,461.68,602.57,92.2,Satisfactory
31.24,65.55,2.32,328.71,400.22,20.5,Good
23.82,73.18,0.81,766.17,1045.32,221.8,Poor
32.48,53.07,1.08,348.34,405.08,38.2,Good
35.9,27.68,7.27,528.71,554.14,93.7,Satisfactory
26.87,67.61,1.85,574.21,614.81,105.1,Moderate
21.86,57.84,2.3,946.79,1127.0,255.9,Poor
27.9,83.05,3.89,350.59,404.15,50.9,Satisfactory
30.09,58.52,2.13,581.3,566.17,106.7,Moderate
26.11,57.18,3.67,883.52,880.77,208.9,Poor
24.62,65.51,4.01,128.83,316.83,37.0,Good
31.38,47.26,0.98,753.34,1033.26,213.3,Poor
30.99,46.39,0.4,623.08,628.26,87.9,Satisfactory
25.92,56.24,2.1,1229.73,1191.98,294.2,Poor
18.08,41.43,1.09,407.06,441.9,47.1,Good
30.74,53.88,4.33,322.17,239.61,16.8,Good
23.4,92.91,1.13,127.84,102.61,10.0,Good
29.29,76.77,6.48,293.4,457.52,18.1,Good
28.91,63.54,6.7,1091.39,1136.53,303.2,Very Poor
16.67,85.93,6.0,138.35,184.36,10.0,Good
28.49,43.15,3.38,567.69,815.26,131.9,Moderate
31.09,95.0,0.85,327.46,391.06,10.0,Good
31.82,49.71,1.32,873.5,1068.72,229.2,Poor
28.7,94.07,3.32,672.53,988.15,162.6,Moderate
16.14,93.99,1.64,135.11,154.57,16.1,Good
35.66,26.44,1.53,598.5,691.86,77.6,Satisfactory
30.47,84.41,6.26,183.24,231.88,11.4,Good
20.78,52.89,0.28,190.66,275.78,12.4,Good
23.27,47.78,3.52,395.53,549.52,63.1,Satisfactory
29.39,67.44,3.12,325.07,569.37,63.4,Satisfactory
32.08,39.86,2.26,762.51,935.25,156.8,Moderate
25.07,67.04,0.5,265.22,269.75,32.3,Good
32.95,41.07,1.34,857.76,1081.91,176.7,Moderate
17.24,61.19,2.21,670.69,656.35,135.4,Moderate
21.75,82.04,0.42,357.26,380.45,40.2,Good
15.61,64.96,5.24,1058.22,1396.39,333.5,Very Poor
22.62,51.52,1.97,700.74,1021.06,180.3,Moderate
37.05,67.75,1.81,522.84,478.99,35.2,Good
40.35,32.68,3.72,813.38,858.56,182.9,Moderate
29.41,42.9,7.42,804.4,962.57,182.0,Moderate
24.17,50.26,1.3,485.09,454.91,64.2,Satisfactory
26.67,72.16,0.35,528.53,763.61,97.4,Satisfactory
30.84,65.3,8.19,783.41,911.25,163.1,Moderate
18.62,67.63,2.46,335.65,500.49,36.1,Good
24.57,57.51,10.91,737.99,840.67,210.5,Poor
36.61,43.81,6.59,655.9,772.72,119.6,Moderate
21.73,84.79,0.73,438.27,544.1,105.6,Moderate
23.51,45.44,1.58,215.02,267.48,10.0,Good
28.08,65.54,0.01,752.73,766.95,156.3,Moderate
29.7,55.98,0.84,710.41,1005.98,179.4,Moderate
24.25,68.13,0.27,504.24,519.58,60.5,Satisfactory
28.46,47.1,0.94,812.78,937.14,241.3,Poor
31.65,76.95,0.12,377.11,572.4,68.1,Satisfactory
39.77,82.81,0.64,834.86,1108.62,205.8,Poor
27.24,75.84,0.9,520.76,698.81,145.0,Moderate
27.75,60.84,1.81,621.75,846.74,160.4,Moderate
37.16,50.17,0.19,409.01,664.74,76.6,Satisfactory
24.71,95.0,5.45,396.15,551.11,42.6,Good
20.05,40.15,0.85,1025.92,1194.4,238.2,Poor
29.5,73.86,2.61,452.44,606.0,48.2,Good
34.46,63.99,0.81,960.57,1186.25,258.8,Poor
30.17,56.87,1.93,543.72,529.83,68.6,Satisfactory
27.42,61.33,1.73,489.44,660.47,98.7,Satisfactory
19.31,48.82,5.67,428.54,453.71,58.5,Satisfactory
27.65,65.69,1.43,486.18,572.77,90.9,Satisfactory
35.4,63.7,1.53,456.99,533.24,78.3,Satisfactory
20.6,95.0,0.46,652.41,923.07,188.5,Moderate
26.53,77.27,0.12,618.18,588.24,96.7,Satisfactory
25.68,67.29,2.45,260.3,353.33,38.3,Good
23.81,68.36,2.51,755.91,953.3,225.4,Poor
29.49,91.11,2.22,96.48,288.89,34.3,Good
30.66,40.53,4.48,621.28,734.08,101.9,Moderate
30.6,54.71,1.78,860.03,1253.23,232.2,Poor
22.14,23.67,1.13,582.18,747.8,127.7,Moderate
18.12,68.06,2.17,610.66,870.25,139.7,Moderate
29.57,73.27,1.48,957.5,1285.76,275.9,Poor
24.96,40.08,4.9,211.31,360.24,37.0,Good
39.03,83.83,0.82,937.74,959.41,226.7,Poor
39.31,45.06,1.59,316.22,432.82,30.3,Good
39.94,51.84,0.92,676.7,808.81,130.9,Moderate
22.36,60.15,5.62,128.51,220.78,20.4,Good
31.42,86.7,0.96,266.49,226.92,31.3,Good
33.23,42.55,6.4,858.67,1022.22,243.0,Poor
32.55,63.24,0.72,377.93,496.9,58.2,Satisfactory
25.87,71.95,3.53,782.06,1031.07,197.5,Moderate
35.67,68.23,1.52,673.38,831.69,126.0,Moderate
28.0,68.9,0.17,323.9,333.47,54.7,Satisfactory
28.77,71.71,6.22,1052.27,1310.15,299.2,Poor
18.77,48.01,0.64,415.4,610.75,44.5,Good
31.87,88.38,1.18,1104.95,1390.69,330.8,Very Poor
26.44,56.0,2.4,684.94,854.18,150.8,Moderate
30.79,53.61,0.36,951.31,1161.16,246.8,Poor
29.41,82.26,0.79,942.71,845.51,220.7,Poor
29.09,46.65,1.39,603.24,541.88,73.6,Satisfactory
27.73,63.77,0.15,377.69,277.54,31.0,Good
32.72,44.99,2.17,316.76,547.8,19.6,Good
26.81,95.0,0.3,599.51,909.12,134.2,Moderate
19.27,95.0,3.46,1060.98,1321.86,325.7,Very Poor
31.41,56.02,4.97,508.62,573.78,80.9,Satisfactory
23.15,67.36,3.67,194.33,100.0,10.0,Good
20.05,58.09,4.14,613.6,654.23,132.1,Moderate
21.87,51.73,1.32,526.25,525.83,65.4,Satisfactory
29.7,60.15,0.25,693.3,878.14,143.3,Moderate
27.42,57.27,4.77,993.75,1114.57,269.6,Poor
15.2,30.63,0.81,841.29,1139.82,200.6,Poor
25.7,62.73,1.67,669.34,921.68,176.1,Moderate
35.02,57.24,0.53,118.91,539.32,25.3,Good
25.29,63.62,0.43,314.48,237.13,32.4,Good
27.01,56.6,2.33,586.71,771.82,102.0,Moderate
34.26,51.51,1.9,465.87,537.0,79.4,Satisfactory
32.77,73.75,0.86,636.96,712.95,121.8,Moderate
34.13,67.6,8.34,989.19,1151.99,278.8,Poor
12.0,83.13,3.08,628.1,681.54,144.1,Moderate
38.4,66.91,0.75,505.78,523.5,58.7,Satisfactory
31.82,54.44,1.13,520.02,536.06,102.0,Moderate
42.77,69.1,1.86,1020.57,1216.91,262.1,Poor
23.31,22.35,1.14,603.64,790.19,153.3,Moderate
17.42,95.0,5.87,86.18,232.74,10.0,Good
28.04,62.94,2.91,472.26,329.82,22.9,Good
26.35,95.0,3.68,491.2,649.8,50.7,Satisfactory
31.92,42.35,4.04,873.53,856.01,197.2,Moderate
34.45,37.88,2.89,231.18,343.19,23.1,Good
27.48,64.58,3.29,337.82,509.17,27.4,Good
26.56,64.53,5.65,353.87,571.51,61.2,Satisfactory
31.14,64.09,3.45,266.77,166.08,10.0,Good
26.46,61.34,0.38,1054.14,1053.71,245.8,Poor
25.96,46.69,7.48,370.35,439.53,72.8,Satisfactory
34.22,31.26,0.09,779.74,682.89,173.0,Moderate
35.56,63.1,2.79,473.78,532.11,50.4,Satisfactory
34.5,34.91,2.06,717.55,874.28,179.3,Moderate
26.99,33.21,1.03,293.29,337.48,31.1,Good
15.16,51.15,4.06,780.39,1026.42,188.3,Moderate
27.11,65.75,1.52,627.33,615.24,80.1,Satisfactory
23.45,93.78,2.94,581.6,769.16,144.4,Moderate
27.22,75.63,0.31,682.91,773.35,132.9,Moderate
23.97,83.8,4.73,456.5,484.6,67.7,Satisfactory
27.88,69.77,4.36,1124.33,1243.32,326.3,Very Poor
21.76,64.6,1.81,643.36,548.8,119.8,Moderate
20.32,95.0,0.57,910.35,1207.4,240.2,Poor
35.34,34.19,5.03,759.35,798.37,131.9,Moderate
22.18,50.56,0.1,1212.45,1240.83,317.1,Very Poor
28.0,51.97,1.91,969.95,931.25,190.9,Moderate
33.73,74.08,1.29,1182.96,1493.5,319.9,Very Poor
33.49,40.38,2.7,741.76,696.98,163.1,Moderate
32.77,71.74,1.26,649.56,574.45,133.0,Moderate
29.82,68.43,4.16,736.55,821.85,113.1,Moderate
32.34,72.64,0.38,551.65,720.11,87.5,Satisfactory
36.24,72.31,5.06,432.11,575.76,74.1,Satisfactory
30.55,85.69,1.57,416.3,816.59,109.4,Moderate
16.98,57.11,0.97,431.39,561.97,108.0,Moderate
24.83,67.54,2.64,277.96,524.21,76.1,Satisfactory
32.18,44.74,3.95,838.11,886.1,211.8,Poor
24.24,40.63,1.42,551.66,635.79,57.9,Satisfactory
37.72,89.77,1.57,491.89,593.86,83.2,Satisfactory
27.62,43.38,0.67,793.05,930.17,223.2,Poor
28.51,69.54,0.09,957.87,1126.38,238.4,Poor
34.75,67.56,0.91,244.46,499.6,26.6,Good
26.9,79.15,1.84,857.0,895.52,168.5,Moderate
